name,ingredients,calories,meal_type,protein_g,carbs_g,fat_g
arriba   baked winter squash mexican style,"winter squash, mexican seasoning, mixed spice, honey, butter, olive oil, salt",51.5,unknown,0.0,13.0,0.0
a bit different  breakfast pizza,"prepared pizza crust, sausage patty, eggs, milk, salt and pepper, cheese",173.4,breakfast,17.0,0.0,18.0
all in the kitchen  chili,"ground beef, yellow onions, diced tomatoes, tomato paste, tomato soup, rotel tomatoes, kidney beans, water, chili powder, ground cumin, salt, lettuce, cheddar cheese",269.8,unknown,48.0,32.0,22.0
alouette  potatoes,"spreadable cheese with garlic and herbs, new potatoes, shallots, parsley, tarragon, olive oil, red wine vinegar, salt, pepper, red bell pepper, yellow bell pepper",368.1,dinner,2.0,10.0,17.0
amish  tomato ketchup  for canning,"tomato juice, apple cider vinegar, sugar, salt, pepper, clove oil, cinnamon oil, dry mustard",352.9,unknown,23.0,337.0,1.0
apple a day  milk shake,"milk, vanilla ice cream, frozen apple juice concentrate, apple",160.2,unknown,3.0,55.0,10.0
aww  marinated olives,"fennel seeds, green olives, ripe olives, garlic, peppercorn, orange rind, orange juice, red chile, extra virgin olive oil",380.7,dinner,24.0,7.0,53.0
backyard style  barbecued ribs,"pork spareribs, soy sauce, fresh garlic, fresh ginger, chili powder, fresh coarse ground black pepper, salt, fresh cilantro leaves, tomato sauce, brown sugar, yellow onion, white vinegar, honey, a.1. original sauce, liquid smoke, cracked black pepper, cumin, dry mustard, cinnamon sticks, orange, juice of, mirin, water",1109.5,unknown,275.0,378.0,83.0
bananas 4 ice cream  pie,"chocolate sandwich style cookies, chocolate syrup, vanilla ice cream, bananas, strawberry ice cream, whipped cream",4270.8,lunch,111.0,1306.0,254.0
beat this  banana bread,"sugar, unsalted butter, bananas, eggs, fresh lemon juice, orange rind, cake flour, baking soda, salt",2669.3,breakfast,107.0,976.0,160.0
berry  good sandwich spread,"whole berry cranberry sauce, sour cream, prepared horseradish",79.2,unknown,0.0,58.0,3.0
better than sex  strawberries,"vanilla wafers, butter, powdered sugar, eggs, whipping cream, strawberry, walnuts",734.1,dessert,10.0,199.0,66.0
better then bush s  baked beans,"great northern bean, chicken bouillon cubes, dark brown sugar, molasses, cornstarch, onion, garlic powder, mustard powder, chili powder, salt, black pepper, bacon, water",462.4,unknown,69.0,214.0,28.0
boat house  collard greens,"collard greens, brown sugar, molasses, hot sauce, whiskey, ham hock, salt",315.8,unknown,9.0,202.0,0.0
calm your nerves  tonic,"gentian root, scullcap herb, burnet root, wood bethony, spearmint",8.2,unknown,0.0,0.0,0.0
chicken lickin  good  pork chops,"lean pork chops, flour, salt, dry mustard, garlic powder, oil, chicken rice soup",105.7,unknown,26.0,0.0,8.0
chile rellenos,"egg roll wrap, whole green chilies, cheese, cornstarch, oil",94.0,unknown,11.0,0.0,10.0
chinese  candy,"butterscotch chips, chinese noodles, salted peanuts",232.7,dessert,4.0,77.0,21.0
chinese  chop suey,"celery, onion, ground pork, soy sauce, beef broth, cooking oil, hamburger buns",395.4,dinner,29.0,20.0,31.0
cream  of cauliflower soup  vegan,"canola oil, onion, garlic, cauliflower, potatoes, vegetable bouillon cubes, water, salt free herb and spice seasoning mix, ground coriander, great northern bean, salt and pepper, broccoli floret, escarole, green peas, red bell pepper, fresh herb",174.2,unknown,1.0,24.0,4.0
cream  of spinach soup,"water, salt, boiling potatoes, fresh spinach leaves, unsalted butter, coarse salt, fresh ground black pepper, nutmeg",126.0,lunch,14.0,2.0,11.0
cream  of spinach soup  vegan,"onion, scallion, apple juice, olive oil, spinach, fresh parsley, celery, broth, rolled oats, salt, dried thyme, white pepper",64.8,unknown,54.0,13.0,3.0
crispy crunchy  chicken,"boneless skinless chicken breast halves, condensed cream of chicken soup, egg, seasoning salt, all-purpose flour, cornstarch, garlic powder, paprika, salt and pepper, oil",335.8,unknown,24.0,2.0,11.0
deep fried dessert thingys,"all-purpose flour, granulated sugar, baking powder, salt, vanilla extract, egg, milk, vegetable oil, bread, brown sugar, ground cinnamon, butter, powdered sugar",1663.3,dessert,66.0,168.0,221.0
easiest ever  hollandaise sauce,"butter, lemon, juice of, salt, white pepper, egg yolks",1290.4,unknown,53.0,4.0,213.0
emotional balance  spice mixture,"ground black pepper, ground ginger, ground coriander, ground cumin, ground turmeric, black cumin",182.7,unknown,1.0,4.0,11.0
fool the meat eaters  chili,"vegetarian ground beef, garlic, onion, jalapenos, green pepper, celery, kidney beans, diced tomatoes, chili powder, black pepper, salt, red pepper flakes",295.6,lunch,76.0,56.0,3.0
forgotten  minestrone,"beef stew meat, water, tomatoes, beef bouillon cube, onion, dried parsley, salt, ground thyme, ground pepper, zucchini, cabbage, garbanzo beans, elbow macaroni, parmesan cheese",346.9,unknown,42.0,18.0,24.0
fried  potatoes,"red potatoes, margarine, rosemary",132.6,unknown,3.0,4.0,8.0
george s at the cove  black bean soup,"unsalted butter, carrot, onion, celery, broccoli stem, dried thyme, dried oregano, dried sweet basil leaves, dry white wine, chicken stock, worcestershire sauce, tabasco sauce, smoked chicken, black beans, broccoli floret, heavy cream, salt & fresh ground pepper, cornstarch",804.7,unknown,19.0,26.0,108.0
get the sensation  brownies,"butter, sugar, vanilla, eggs, all-purpose flour, baking cocoa, baking powder, salt, miniature peppermint patties",174.4,dessert,5.0,67.0,13.0
global gourmet  taco casserole,"ground beef, onion, tomato sauce, taco sauce, salt, pepper, tabasco sauce, hot chili pepper, cornmeal, whole kernel corn, sliced ripe olives, cheddar cheese",456.8,unknown,67.0,34.0,40.0
grilled  ranch bread,"butter, dry ranch dressing mix, french bread",1649.8,unknown,128.0,4.0,91.0
grilled  venison burgers,"ground venison, egg substitute, non-fat powdered milk, water, fresh breadcrumb, onion, salt, black pepper, dry mustard, worcestershire sauce",190.9,lunch,10.0,10.0,10.0
healthy for them  yogurt popsicles,"milk, frozen juice concentrate, plain yogurt",164.6,lunch,1.0,5.0,3.0
homemade  vegetable soup from a can,"low sodium chicken broth, diced tomatoes, zucchini, corn, potatoes, wax beans, green beans, carrots",276.2,unknown,18.0,55.0,3.0
how i got my family to eat spinach  spinach casserole,"frozen chopped spinach, egg, salt, black pepper, onion, sharp cheddar cheese, condensed cream of mushroom soup, crouton",166.1,unknown,32.0,6.0,16.0
i can t believe it s low fat  creamy potato salad,"red potatoes, green onion, diced pimentos, fat-free mayonnaise, plain low-fat yogurt, low-fat sour cream, sugar, prepared mustard, white wine vinegar, salt, pepper, celery seed, garlic",152.5,unknown,13.0,20.0,2.0
i can t believe it s spinach,"frozen chopped spinach, eggs, garlic powder, soft breadcrumbs, oregano, margarine, sage, onion",53.8,unknown,3.0,2.0,5.0
i don t feel like cooking tonight  casserole,"ground beef, onion, frozen vegetables, cream of mushroom soup, condensed cream of mushroom & garlic soup, salt & pepper, cooking oil, cornbread mix",647.6,unknown,58.0,57.0,57.0
i stole the idea from mirj  sesame noodles,"angel hair pasta, toasted sesame oil, soy sauce, honey, garlic, green onions, toasted sesame seeds, stir fry vegetables",783.4,unknown,56.0,107.0,46.0
i yam what i yam two  muffins,"all-purpose flour, buckwheat flour, unsweetened cocoa, baking powder, baking soda, salt, ground cinnamon, ground cloves, honey, sugar, eggs, yam, low-fat buttermilk, orange rind, orange juice, canola oil, brown sugar, flour, cinnamon, butter, pecans",172.8,unknown,9.0,61.0,8.0
i yam what i yam  muffins,"all-purpose flour, buckwheat flour, unsweetened cocoa, baking powder, baking soda, salt, ground cinnamon, ground cloves, sorghum, eggs, yam, low-fat buttermilk, orange rind, orange juice, canola oil, raisins, boiling water, granulated sugar",171.8,unknown,10.0,28.0,9.0
immoral  sandwich filling  loose meat,"ground beef, sugar, prepared yellow mustard, beer, cayenne, garlic, salt & pepper, american cheese",223.2,lunch,7.0,4.0,22.0
italian sandwich  pasta salad,"tri-color spiral pasta, dill pickles, ripe olives, green onion, chives, sweet pepper, water chestnut, tomatoes, ham, cheese, olive oil, cider vinegar, onion powder, garlic powder, salt and pepper, italian seasoning",279.2,unknown,22.0,12.0,14.0
italian  fries,"frozen french fries, oil, salt & freshly ground black pepper, parmesan cheese, oregano, basil, flat leaf parsley",241.0,unknown,23.0,1.0,12.0
italian  gut busters,"sandwich bun, good seasonings italian salad dressing mix, butter, deli turkey, ham, pepperoni, cheddar cheese, swiss cheese, mozzarella cheese",816.9,lunch,97.0,11.0,100.0
jeanne s style  birthday cake,"shortening, icing sugar, vanilla, all-purpose flour, baking powder, sugar, eggs, salt, milk, butter",5467.4,dinner,135.0,1196.0,516.0
jiffy  extra moist carrot cake,"yellow cake mix, vanilla instant pudding mix, nutmeg, cinnamon, eggs, oil, water, crushed pineapple, carrot, pecans, coconut",612.1,dessert,25.0,170.0,49.0
jiffy  roasted corn and jalapeno cornbread,"whole kernel corn, onion, red bell pepper, butter, jiffy corn muffin mix, egg, heavy cream, jalapenos, sharp cheddar cheese, honey",400.2,unknown,31.0,43.0,32.0
keep it going  german friendship cake,"flour, water, dry yeast, milk, sugar, eggs, vegetable oil, baking soda, baking powder, salt, cinnamon, vanilla, crushed pineapple, raisins, nuts, butter, brown sugar",724.4,unknown,20.0,297.0,38.0
killer  lasagna,"italian sausage, ground beef, garlic, dried basil, salt, whole tomato, tomato paste, ricotta cheese, cottage cheese, parmesan cheese, parsley flakes, eggs, ground black pepper, lasagna noodle, mozzarella cheese",370.5,dinner,57.0,21.0,38.0
kitchen sink  egg bake,"eggs, cottage cheese, cheese, frozen chopped spinach, beef, salt, pepper, herbs, spices, olive oil flavored cooking spray, toasted wheat germ",794.2,breakfast,30.0,9.0,109.0
land of nod  cinnamon buns,"rolls, brown sugar, instant vanilla pudding, cinnamon, raisins, butter",575.3,breakfast,34.0,116.0,18.0
leftovers  spaghetti sauce,"stewed tomatoes, prego spaghetti sauce, garlic, ground beef, white onion, granulated sugar",987.8,unknown,106.0,195.0,75.0
love is in the air  beef fondue   sauces,"beef steaks, vegetable oil, spicy mustard, fresh lemon juice, honey, brown sugar, ketchup, hot sauce, sour cream, fresh garlic, fresh parsley, dried dill weed",1615.2,dinner,74.0,323.0,154.0
make it your way  shortcakes,"flour, salt, baking powder, sugar, butter, egg, milk",175.2,dessert,8.0,15.0,11.0
make that chicken dance  salsa pasta,"tomatoes, garlic, onion, button mushrooms, hot sauce, dried oregano, dried basil, fresh parsley, water, salsa, chicken breasts, olive oil, fresh ground black pepper, parmesan cheese, pasta",255.2,unknown,18.0,39.0,18.0
marijuana  vinegar,"fresh herbs, cider vinegar, fresh herb",3.1,unknown,0.0,0.0,0.0
mennonite  corn fritters,"fresh corn, eggs, flour, salt, pepper, baking powder, cream, fat",67.1,dinner,7.0,2.0,7.0
mexican pasta,"fettuccine pasta, cheddar cheese soup, milk, picante sauce, black olives, jalapeno",325.3,unknown,39.0,11.0,10.0
mock a mole   low fat guacamole,"frozen peas, hass avocado, salt, lemons, juice of, tomatoes, onion, cilantro",115.9,unknown,19.0,21.0,7.0
momma s special  marinade,"lemon juice, oil, worcestershire sauce, basil, soy sauce, garlic powder, pepper",199.2,unknown,10.0,6.0,31.0
more  more    apple pear jigglers,"unflavored gelatin, milk, cream cheese, yogurt, apple, pear",22.9,unknown,0.0,5.0,1.0
mr  grant you took half veal prince orloff,"veal roast, butter, oil, carrots, onions, parsley sprigs, bay leaf, thyme, salt, pepper, bacon",510.6,dinner,21.0,10.0,50.0
munch without guilt  tomatoes,"tomatoes, crackers, mayonnaise, black pepper",3.0,dinner,0.0,1.0,0.0
my muffuletta sandwich,"ciabatta, provolone cheese, genoa salami, ham, tomatoes, sweet onion, green olives, kalamata olive, fresh basil, capers, garlic, brine, oregano leaves, olive oil, red wine vinegar, fresh parsley, carrot",181.1,lunch,17.0,6.0,26.0
never weep  whipped cream,"whipping cream, vanilla instant pudding mix, powdered sugar, vanilla extract",276.3,unknown,1.0,2.0,45.0
no bake  cookie crumble cheesecake,"gelatin, milk, cream cheese, sugar, vanilla extract, miniature semisweet chocolate chips, prepared graham cracker crusts, cookie",387.6,dessert,12.0,98.0,39.0
now and later  vegetarian empanadas,"carrots, butter, onion, sliced mushrooms, zucchini, celery, green pepper, cloves, tomatoes, chili powder, ground cumin, oregano, cayenne pepper, flour, water, monterey jack cheese, salt, all-purpose flour, baking powder, vegetable shortening, soy sauce, egg",477.1,lunch,21.0,24.0,36.0
off the cob  freezer corn,"sweet corn, sweet butter, half-and-half, salt and pepper",517.2,unknown,2.0,29.0,58.0
one bowl  perfect pound cake,"all-purpose flour, sugar, salt, baking soda, lemon, rind of, vanilla, butter, yogurt, eggs",456.6,dinner,15.0,164.0,32.0
one pot  brownies,"unsweetened chocolate squares, butter, sugar, eggs, flour, vanilla, nuts",1389.5,dessert,26.0,410.0,129.0
open sesame  noodles,"vermicelli, rice vinegar, reduced sodium soy sauce, vegetable oil, fresh ginger, chili-garlic sauce, sesame oil, green onions, broccoli, cooked chicken, fresh cilantro, sesame seeds",617.5,unknown,20.0,13.0,34.0
philly  waldorf salad,"philadelphia cream cheese, orange juice, orange rind, sugar, apples, celery, pecans",180.7,unknown,3.0,29.0,22.0
pick me up  party chicken kabobs,"boneless chicken breast, garlic, salt, cumin, paprika, thyme, olive oil, lemon juice, cayenne, fresh ground pepper",213.6,lunch,26.0,0.0,24.0
pizza  stuffed potato,"baking potato, mozzarella cheese, tomato sauce, part-skim ricotta cheese, oregano leaves, garlic powder, parmesan cheese",183.3,unknown,15.0,9.0,12.0
pour over anything  mushroom gravy,"onion, mushroom pieces, sodium-free vegetable broth, tomato puree, cornstarch, white wine, black pepper, tabasco sauce",33.1,dinner,0.0,11.0,0.0
put down your fork   tuna and bean salad,"light olive oil, red wine vinegar, garlic, salt, fresh basil, black pepper, white kidney beans, albacore tuna in water, scallions, red sweet bell peppers, bibb lettuce",227.2,unknown,29.0,8.0,14.0
real  italian bolognese sauce,"bacon, onion, celery, carrot, garlic, butter, olive oil, lean ground beef, ground pork, beef consomme, dry white wine, crushed tomatoes, salt, black pepper, rubbed sage, oregano, red pepper flakes, nutmeg, milk, penne pasta",1260.7,unknown,71.0,11.0,97.0
red hot  applesauce,"apples, red cinnamon candies, sugar substitute, water",110.1,unknown,0.0,91.0,0.0
red  macaroni salad,"elbow macaroni, green pepper, onion, celery, fresh tomato, cucumber, oil, brown sugar, lemon juice, ketchup",572.6,unknown,11.0,113.0,43.0
rich  hot fudge cake,"flour, sugar, cocoa, baking powder, salt, milk, vegetable oil, vanilla, brown sugar, hot water",580.0,dessert,15.0,362.0,13.0
rise and shine  german fruit pancake,"eggs, flour, milk, salt, butter, powdered sugar, apple pie filling, toasted almonds",253.0,breakfast,10.0,64.0,13.0
say what   banana sandwich,"white bread, mayonnaise, bananas",238.0,lunch,10.0,66.0,3.0
smells like sunday  chicken fricassee with meatballs,"boneless skinless chicken thighs, all-purpose flour, salt, fresh ground black pepper, dried oregano, dried thyme, garlic powder, vegetable oil, onion, chicken stock, dry white wine, breadcrumbs, milk, lean ground beef, poultry seasoning",692.2,unknown,17.0,16.0,53.0
smoked  salmon  cracker spread,"cream cheese, salmon, salt, lemon juice, onions, liquid smoke",132.4,lunch,8.0,0.0,14.0
some like it hot,"onion, garlic, ground coriander, ground cumin, red chili pepper, peanut oil, carrots, green beans, tomatoes, vegetable stock, bean sprouts, tempeh, soy sauce, ground cayenne pepper, sambal oelek, ginger, brown sugar, water, desiccated coconut, peanuts",649.6,dinner,116.0,104.0,55.0
souper  easy sweet   sour meatballs,"ground beef, dried breadcrumbs, onion, eggs, tomato soup, water, sugar, salt and pepper, lemon juice",114.6,unknown,5.0,45.0,6.0
sour cream  avocado dip  vegan,"soft silken tofu, avocado, chunky salsa, fresh cilantro, lime juice, hot sauce, salt and pepper",12.8,unknown,0.0,0.0,1.0
spicy  banana bread,"shortening, white sugar, bananas, eggs, flour, salt, baking soda, cinnamon, ground cloves, nutmeg, walnuts",3043.4,unknown,107.0,984.0,235.0
steamed  chicken cutlets in packages,"boneless skinless chicken breast, tomatoes, dried basil, olive oil, lime juice, salt and pepper",190.5,dinner,3.0,3.0,12.0
stove top  bbq  beef or pork ribs,"beef ribs, onion, ketchup, water, fresh lemon juice, brown sugar, mustard, salt, worcestershire sauce, vegetable oil",179.3,unknown,36.0,119.0,7.0
sugared grapes,"green grape, egg whites, sugar",140.4,dinner,1.0,133.0,0.0
symphony  brownies,"betty crocker fudge brownie mix, eggs, water, vegetable oil, milk chocolate candy bars",5728.3,dessert,87.0,1941.0,470.0
the best  banana bread  or muffins,"butter, sugar, eggs, bananas, water, baking soda, salt, baking powder, flour, nuts, chocolate chips",175.7,unknown,9.0,65.0,9.0
the best  chocolate chip cheesecake ever,"oreo cookie crumbs, butter, cream cheese, sweetened condensed milk, eggs, vanilla, chocolate chips, flour, sour cream, brown sugar",6007.2,dessert,149.0,1772.0,653.0
the elvis  smoothie,"banana, natural-style peanut butter, 2% low-fat milk, sugar-free non-fat vanilla yogurt",354.2,unknown,2.0,94.0,29.0
the man s  taco dip,"cream cheese, sour cream, taco seasoning, bean dip, cheddar cheese",184.8,unknown,7.0,0.0,26.0
the woiks  dilly burgers,"mccormick's montreal brand steak seasoning, dill weed, no-salt-added ketchup, ground sirloin, bacon, american cheese, iceberg lettuce, tomatoes, onion",449.2,lunch,19.0,16.0,50.0
tide me over   indian chaat  simple veggie salad,"cucumber, potato, chopped tomato, plain yogurt, chat masala, paprika, salt",73.1,lunch,0.0,15.0,1.0
to your health  muffins,"whole wheat flour, natural bran, brown sugar, baking soda, salt, cinnamon, carrot, raisins, buttermilk, corn oil, egg, vanilla",159.0,unknown,10.0,58.0,8.0
truth serum  margaritas,"limeade, lime juice, tequila, triple sec, lime wedge, grand marnier",72.0,unknown,0.0,61.0,0.0
turtle  squares,"flour, brown sugar, butter, pecans, semi-sweet chocolate chips",172.4,dessert,1.0,51.0,16.0
twisted american chop suey,"ground beef, tomato soup, cappelletti pasta, mushrooms, milk, onion, salt, garlic, pepper, butter, corn, cheddar cheese, chopped tomato",650.0,unknown,35.0,41.0,61.0
voodoo   calamari ink  pasta,"squid, spaghetti, dry white wine, tomato sauce, parsley, garlic, extra virgin olive oil, hot water, salt and pepper",458.1,unknown,4.0,6.0,24.0
wacky cake,"flour, sugar, cocoa, baking soda, salt, vegetable oil, vinegar, vanilla, water",2252.6,dinner,101.0,802.0,130.0
wait forever  pork chops,"pork loin chops, applesauce, brown sugar, clove",373.9,unknown,3.0,70.0,30.0
we thought it was a layer cake sandwich,"whole wheat bread dough, roast beef, turkey, ham, provolone cheese, swiss cheese, cheddar cheese, roasted red peppers, radish sprouts, leaf lettuce, butter, prepared horseradish, mayonnaise, honey mustard, cream cheese, green olives",501.0,lunch,41.0,17.0,66.0
zupa ze swiezych grzybow  polish mushroom soup,"wild mushrooms, onions, butter, lemon, juice of, water, beef broth, sour cream, flour, salt and pepper, fresh dill",176.6,unknown,26.0,11.0,19.0
1 asian noodle salad,"rice noodles, carrot, english cucumber, green onions, bean sprouts, garlic, fresh ginger, light soy sauce, sesame oil, rice wine vinegar, honey, asian chili sauce, fresh cilantro",231.1,lunch,32.0,21.0,7.0
1 brownies in the world    best ever,"bittersweet chocolate, unsalted butter, eggs, granulated sugar, unsweetened cocoa powder, vanilla extract, brewed espresso, kosher salt, all-purpose flour",138.4,lunch,3.0,50.0,10.0
1 easiest dr  pepper ham glaze ever,"dr. pepper cola, orange marmalade, brown sugar",89.6,unknown,0.0,89.0,0.0
1 favorite chinese steamed whole fish by sy,"fish, scallions, rice wine, peanut oil, sesame oil, white pepper, salt, gingerroot, low sodium soy sauce",264.7,unknown,36.0,4.0,41.0
1 french onion soup,"butter, olive oil, yellow onions, sugar, flour, beef broth, low sodium beef broth, sherry wine, french bread, swiss cheese, parmesan cheese, romano cheese, garlic cloves",1268.7,unknown,96.0,70.0,63.0
1 in canada chocolate chip cookies,"white sugar, brown sugar, salt, margarine, eggs, vanilla, water, all-purpose flour, whole wheat flour, baking soda, chocolate chips",595.1,unknown,22.0,211.0,46.0
1 squash dressing,"squash, cornbread, eggs, onion, butter, cream of chicken soup, sage",157.7,unknown,20.0,11.0,17.0
10 can spaghetti sauce   oamc,"tomato sauce, italian sausage, olive oil, white onion, bottled garlic, sugar, paprika, dried parsley, dried oregano, dried basil, garlic powder, bay leaves, salt, pepper",165.7,unknown,46.0,30.0,14.0
412 broccoli casserole,"frozen broccoli cuts, cream of chicken soup, sharp cheddar cheese, garlic powder, ground black pepper, salt, milk, soy sauce, french-fried onions",194.8,unknown,32.0,6.0,20.0
millionaire pound cake,"butter, sugar, eggs, all-purpose flour, whole milk, pure vanilla extract, almond extract",878.3,dinner,13.0,326.0,63.0
1 000 artichoke hearts,"artichoke hearts, egg, unseasoned breadcrumbs, oil, unsalted butter, fresh garlic",422.5,dinner,46.0,20.0,25.0
1 00 tangy chicken recipe,"chicken, cider vinegar, worcestershire sauce, chili powder, salt, black pepper, hot red pepper sauce, barbecue sauce",969.6,unknown,83.0,55.0,93.0
100 broccoli casserole,"frozen broccoli, cream cheese, dry onion soup mix, sour cream, water chestnuts, cheddar cheese, ritz cracker crumbs",212.0,unknown,19.0,11.0,25.0
100 chocolate cake,"flour, sugar, baking soda, cocoa powder, salt, mayonnaise, water, vanilla, instant chocolate pudding mix, cool whip, milk",3987.2,dessert,260.0,1306.0,245.0
20 000 prize winning chili con carne,"lean chuck, lean pork, onion, garlic cloves, budweiser beer, hunts tomato sauce, water, chili powder, cumin, bouillon, oregano leaves, paprika, sugar, unsweetened cocoa, coriander, louisiana hot sauce, flour, cornmeal",558.1,unknown,41.0,55.0,25.0
2000 meatloaf,"meatloaf mixture, unsmoked bacon, goat cheese, unsalted butter, eggs, baby spinach, yellow onion, red bell pepper, simply potatoes shredded hash browns, fresh garlic, kosher salt, white pepper, olive oil",267.0,unknown,12.0,12.0,30.0
25 pumpkin pie,"pie crusts, egg white, pumpkin puree, dark brown sugar, ground ginger, ground cinnamon, nutmeg, ground cloves, salt, heavy cream, milk, eggs",350.0,dessert,13.0,109.0,27.0
25 000 casserole,"beef, flour, paprika, onion, cream of chicken soup, baking powder, salt, poultry seasoning, celery seed, dry onion flakes, poppy seed, vegetable oil, milk, sour cream, butter, breadcrumbs",2450.5,unknown,90.0,20.0,325.0
250 chocolate chip cookies recipe,"butter, brown sugar, vanilla, blended oatmeal, baking soda, hershey chocolate candy bars, nuts, flour, sugar, eggs, baking powder, semi-sweet chocolate chips",150.4,dessert,3.0,47.0,12.0
250 00 chocolate chip cookies,"butter, white sugar, brown sugar, eggs, vanilla, flour, oatmeal, salt, baking powder, baking soda, chocolate chips, hershey's semi-sweet baking chocolate, nuts",5286.9,dessert,159.0,1630.0,427.0
300 icing,"milk, flour, butter, granulated sugar, vanilla",339.0,dessert,7.0,100.0,37.0
5 tacos,"ground beef, taco seasoning, taco shells, lettuce, tomatoes, onion, salsa, cheddar cheese, corn cobs",249.4,dinner,6.0,4.0,26.0
50 chili   for the crockpot,"stewing beef, stewing pork, white onion, bell peppers, habanero pepper, garlic, beans, chunky salsa, tomato paste, beef broth, tortilla chips, chicken bouillon cube, beef bouillon cube, sazon goya, cinnamon, mexican chili powder, cumin, ground coriander, black pepper, salt, light brown sugar, dark chocolate chips",270.2,unknown,48.0,26.0,19.0
500 margarita bread,"pitted dates, tequila, orange-flavored liqueur, triple sec, warm water, lemon zest, lime zest, brown sugar, shortening, egg, all-purpose flour, baking soda, salt, pecans, cream cheese, butter, powdered sugar",388.7,unknown,20.0,100.0,32.0
ara s potato  oup,"cream of chicken soup, cream of celery soup, potatoes, onions, celery, carrots, water, butter, milk, bouillon cubes, potato flakes",346.7,unknown,53.0,23.0,21.0
blepandekager   danish   apple pancakes,"eggs, milk, flour, sugar, salt, cream, apples, butter, cinnamon, lemon, juice of",358.2,breakfast,14.0,62.0,30.0
lplermagrone,"milk, salt, macaroni, cheese, fresh coarse ground black pepper, butter, onions, garlic cloves",1003.8,unknown,103.0,21.0,72.0
lplermagrone  herdsman s macaroni,"potato, salt water, macaroni, heavy cream, muscat wine, black pepper, cheese, unsalted butter, onions, fine semolina",708.6,unknown,24.0,19.0,52.0
lplermagronen,"potato, penne pasta, onions, butter, cheese, milk, salt and pepper, applesauce",651.8,unknown,16.0,12.0,33.0
rter med flsk   pea soup with pork,"dried yellow peas, water, salt, pork, ginger",160.4,unknown,34.0,0.0,11.0
rtsoppa  swedish yellow pea soup,"dried yellow peas, water, onions, clove, carrot, ham bone, dried thyme, ground ginger, salt, pepper, brown mustard",33.2,unknown,25.0,12.0,0.0
pinards en branche  sauted spinach,"fresh spinach, water, nutmeg, butter",61.8,unknown,6.0,2.0,5.0
der wiener schnitzel style chili dog sauce,"ground beef, ground pork, water, cornstarch, wondra flour, tomato paste, chili powder, paprika, white vinegar, salt, dried onion flakes, granulated sugar, garlic powder, ground black pepper",259.7,unknown,31.0,18.0,23.0
go to bbq sauce for ribs,"tomato ketchup, dark brown sugar, applesauce, ponzu sauce, maple syrup, liquid smoke, apple cider vinegar, salt, oregano, granulated garlic, cayenne",233.5,unknown,52.0,209.0,0.0
add in anything  muffins,"flour, sugar, baking powder, baking soda, salt, butter, sour cream, egg, vanilla",209.3,lunch,8.0,44.0,18.0
almost   dairy queen blizzard ice cream cake,"oreo cookies, vanilla ice cream, frozen whipped topping, butter",455.3,dinner,13.0,158.0,37.0
almost grilled  cheese sandwich,"white bread, processed cheese, butter",195.3,lunch,26.0,14.0,9.0
ant  kelly s london broil marinade,"balsamic vinegar, soy sauce, worcestershire sauce, olive oil, garlic cloves, rosemary, fresh ground black pepper, london broil beef",673.5,unknown,67.0,18.0,61.0
anything goes  low fat mushroom sauce,"fresh mushrooms, garlic cloves, margarine, chicken broth, dried rosemary, dried thyme, dry sherry, teriyaki sauce, hot pepper sauce, nonfat dry milk powder, cornstarch, nonfat milk, parmesan cheese, spicy brown mustard, dried oregano, salt and black pepper",153.4,unknown,22.0,29.0,7.0
atkins friendly  cheesecake,"almonds, vanilla protein powder, butter, cinnamon, nutmeg, splenda sugar substitute, cream cheese, sour cream, vanilla, eggs",397.7,dessert,11.0,5.0,57.0
bake in  oozy bread,"bacon, butter, real maple syrup, refrigerated buttermilk biscuits",1063.2,breakfast,74.0,155.0,126.0
bar  cheese,"velveeta cheese, mayonnaise, horseradish, tabasco sauce, worcestershire sauce",707.1,unknown,147.0,91.0,76.0
bbq spray recipe    it really works,"red wine vinegar, lemon juice, water",47.2,unknown,0.0,2.0,0.0
berry french toast  oatmeal,"old fashioned oats, water, berries, ground flax seeds, sugar-free syrup, i can't believe it's not butter spread",190.9,breakfast,0.0,2.0,8.0
berry good  french toast bake,"flour, milk, sugar, vanilla, salt, eggs, french bread, cream cheese, frozen blueberries, nuts, powdered sugar, blueberries, maple syrup",682.6,breakfast,43.0,43.0,45.0
better than a baked potato  soup,"red potatoes, onion, celery, chicken broth, sour cream, velveeta cheese, white pepper, salt, liquid smoke, cheddar cheese, chives, bacon",607.1,unknown,65.0,40.0,40.0
better than cinnabon  cinnamon rolls,"active dry yeast, warm water, granulated sugar, butter, milk, egg, flour, vanilla pudding mix, salt, brown sugar, cinnamon, cream cheese, powdered sugar",365.4,breakfast,10.0,105.0,23.0
better than spaghetti  squash bake,"spaghetti squash, asparagus, white mushroom, red bell pepper, garlic cloves, spaghetti sauce, italian seasoning, part-skim mozzarella cheese, reduced-fat parmesan cheese, salt and pepper",75.2,dinner,10.0,23.0,2.0
better than tofu  cheesecake,"graham cracker crumbs, vegan sugar, margarine, soft silken tofu, vegan cream cheese, frozen pineapple concentrate, oil, lemon juice, vanilla extract, maple syrup, coriander, cornstarch, water",252.6,dessert,4.0,66.0,24.0
big easy   gumbo,"vegetable oil, all-purpose flour, onion, green bell pepper, celery, creole seasoning, garlic cloves, low sodium chicken broth, cooked chicken, andouille sausage, frozen black-eyed peas, large raw shrimp",484.1,dinner,32.0,7.0,42.0
big mac  meatloaf,"ground beef, eggs, cracker, thousand island dressing, pickle, onion, salt and pepper, cheddar cheese",261.7,unknown,3.0,0.0,27.0
buckley s  cajun salmon pasta,"heavy whipping cream, basil, parsley, garlic, lemon juice, parmesan-romano cheese mix, parmesan cheese, butter, cajun spices, salt, white pepper, linguine, salmon",1594.9,unknown,22.0,26.0,98.0
burek  or feta cheese  phyllo pie,"phyllo dough, eggs, milk, feta, oil, cottage cheese",428.1,unknown,40.0,11.0,29.0
california roll   salad,"white rice, seasoned rice vinegar, lettuce, cucumber, avocado, imitation crabmeat, soy sauce, pickled ginger",455.7,unknown,72.0,38.0,13.0
can t fail  holiday fruitcake,"flour, baking soda, eggs, mincemeat, sweetened condensed milk, walnuts, mixed candied fruit, maraschino cherry",442.5,unknown,6.0,246.0,12.0
cancer curing matzah ball soup,"chicken breasts, baby carrots, celery, white onion, chicken stock, kosher salt, pepper, matzo meal, eggs, oil, salt, sugar, baking powder",361.1,unknown,39.0,25.0,34.0
cheeeezy  potatoes,"frozen southern style hash brown potatoes, sour cream, cream of mushroom soup, cheddar cheese, poppy seed",212.9,unknown,16.0,5.0,22.0
cheeseburger  meatloaf for lactose intolerant cheese,"lean ground beef, veggie shreds cheese, italian seasoned breadcrumbs, eggs, low sodium soy sauce, ground sage, ground coriander, oregano, fresh garlic cloves, red onion, fresh ground pepper, adobo seasoning, ketchup, sea salt, olive oil",308.8,unknown,21.0,13.0,25.0
cheesy  tuna casserole,"kraft macaroni and cheese, onion, green bell pepper, celery, butter, cream of celery soup, tuna, mushrooms",383.1,unknown,44.0,30.0,20.0
chef salad  dressing,"miracle whip, sugar, cider vinegar, ketchup, vegetable oil, pepper, garlic clove, salt, dry mustard, paprika, tabasco sauce",447.0,unknown,32.0,175.0,46.0
chic  greek salad,"seedless cucumber, red ripe tomatoes, red onion, red bell pepper, water-packed artichoke hearts, italian parsley, kosher salt & freshly ground black pepper, lemon, juice of, shallot, red wine vinegar, oregano, extra virgin olive oil, tuna in vegetable oil, pepperoncini peppers, kalamata olive",338.9,unknown,90.0,35.0,30.0
chicken fried   fish fingers,"orange roughy, buttermilk, egg, self-rising flour, seasoning salt, ground black pepper, canola oil",597.1,unknown,22.0,9.0,67.0
coal miners  gnocchi,"simply potatoes traditional mashed potatoes, green onion, goat cheese, eggs, egg yolk, all-purpose flour, bacon, garlic cloves, frozen spinach, salt",325.2,unknown,13.0,7.0,23.0
country fried   pig fingers,"boneless pork chops, egg, milk, ground black pepper, seasoning salt, self-rising flour, cajun seasoning, canola oil, flour, salt and pepper",196.4,unknown,6.0,0.0,15.0
crab  noodle bowl,"stir fry vegetables, imitation crabmeat, ramen noodles, water, teriyaki marinade",402.9,lunch,124.0,18.0,17.0
cream   of pumpkin or squash soup  vegan,"pumpkin puree, vegetable broth, small red potato, green bell pepper, celery, red onion, smooth cashew butter, banana, apple, salt, ground red pepper, fresh cilantro leaves, pumpkin seeds, pesto sauce",89.3,unknown,0.0,35.0,0.0
cream  of mushroom soup,"mushrooms, margarine, garlic cloves, dry-roasted cashews, water, vegetable bouillon cubes, parsley, chili powder, nutmeg",473.2,unknown,7.0,23.0,59.0
creamsicle  smoothie,"mangoes, oranges, vanilla bean, strawberries, ice cubes",248.7,lunch,0.0,216.0,1.0
creamy   vegan potato leek soup,"olive oil, leeks, garlic cloves, russet potatoes, vegetable broth, white beans, fresh rosemary, salt and pepper",183.0,unknown,0.0,10.0,3.0
creamy  chicken curry,"boneless skinless chicken breasts, garlic cloves, soy yogurt, turmeric, onions, chicken stock, cardamom pods, cinnamon stick, black peppercorns, cloves, coriander seed, fresh ginger, ground cumin, chili powder, salt & freshly ground black pepper, fresh coriander",198.2,unknown,8.0,15.0,4.0
da best  chicago style italian beef,"rump roast, garlic powder, dried oregano, black pepper, boiling water, beef bouillon cubes, dried thyme, tabasco sauce, garlic cloves, worcestershire sauce, salt",657.6,lunch,21.0,3.0,60.0
denauseating  with ginger tea,"water, ginger, tea bag, honey, milk",13.7,breakfast,0.0,11.0,0.0
dipstir  crock pot dip,"ground beef, sausage, velveeta cheese, taco chips",157.7,unknown,19.0,6.0,19.0
don t bother with the canned stuff    sloppy joes,"lean ground beef, steak seasoning, onion, bell pepper, tomato sauce, ketchup, white vinegar, brown sugar, worcestershire sauce, garlic powder, ground mustard, hamburger buns",257.4,lunch,23.0,47.0,17.0
dressed up  salad with secret dressing,"salad greens, green onions, salt, pepper, salad seasoning, carrots, fresh corn kernels, green peppers, beets, white mushrooms, gingerroot, rice wine vinegar, honey, garlic clove, soy sauce, safflower oil",742.5,dinner,20.0,118.0,96.0
drunken  pork chops,"pork chops, olive oil, onion, fennel seeds, paprika, dry white wine, chicken broth, fresh lemon juice",300.5,unknown,6.0,6.0,27.0
egg  cellent noodles,"ramen noodles, eggs, red bell pepper, black olives, pepperoni, italian seasoning, garlic powder, mozzarella cheese, roma tomato",308.0,unknown,30.0,6.0,29.0
even i like these  bran muffins,"eggs, brown sugar, oil, milk, molasses, flour, baking powder, baking soda, salt, natural bran, raisins, sesame seeds, sunflower seeds",2488.6,unknown,133.0,775.0,199.0
evil  chicken,"broiler, dry sherry, low sodium soy sauce, brown sugar, minced ginger, garlic clove, peppercorn, onion, black tea leaves, orange zest, orange, juice of",761.1,unknown,31.0,56.0,49.0
exotic fruits  barbecue marinade,"peanut oil, fruit vinegar, yoghurt, coriander seed, turmeric, star anise, lemongrass, kaffir lime leaves, cloves, cardamom pods, gingerroot",104.8,dinner,0.0,4.0,15.0
fake   blueberry cheesecake,"graham wafers, vanilla pudding mix, cool whip, blueberry pie filling",328.4,dessert,7.0,205.0,15.0
fire  sauce,"tomato paste, water, vinegar, canned jalapeno slices, chili powder, dried onion flakes, salt, cornstarch, cayenne pepper, sugar, onion powder, garlic powder",80.5,unknown,89.0,37.0,1.0
flaky  oatmeal raisin cookies,"brown sugar, butter, eggs, baking soda, baking powder, salt, cake flour, vanilla, raisins, quick-cooking oats, corn flakes, shredded coconut, nuts",636.8,dessert,15.0,203.0,47.0
flipped  roast turkey,"whole turkey, olive oil, butter, onions, kosher salt, pepper, italian spices",498.9,unknown,8.0,3.0,40.0
free toe  pie,"corn chips, chili with beans, onion, cheddar cheese, sour cream, salsa",1036.0,unknown,90.0,23.0,98.0
fried  cauliflower,"egg, plain breadcrumbs, cauliflower florets, vegetable oil, salt, pepper, parsley sprig",161.1,unknown,5.0,12.0,15.0
from the field  green beans  fresh herbs and walnuts,"kosher salt, ground black pepper, fresh green beans, butter, olive oil, onions, mixed herbs, walnuts",154.0,unknown,8.0,14.0,15.0
geebee special  sandwiches,"ham, american cheese, sweet pickle relish, ketchup, hamburger buns",328.3,lunch,73.0,27.0,17.0
german  barbecued carrots,"carrot, bacon, tomato soup, sugar",173.5,unknown,21.0,38.0,16.0
glazed  meatloaf,"ground beef, eggs, ketchup, seasoned bread crumbs, lipton onion soup mix, brown sugar",310.7,unknown,27.0,9.0,28.0
go bears   party ryes,"ground chuck, bulk pork sausage, velveeta cheese, worcestershire sauce, oregano, garlic powder, ground pepper, rye cocktail bread",375.4,unknown,30.0,14.0,41.0
golden circle     pineapple upside down cake,"pineapple in syrup, butter, brown sugar, glace cherries, caster sugar, egg, vanilla essence, self-raising flour, milk",339.6,dessert,15.0,141.0,20.0
greens to go  smoothie,"banana, water, honey, apple, coconut milk, flax seed oil, oat bran, greens",209.5,breakfast,1.0,64.0,20.0
hawaiian  chicken salad appetizer,"sour cream, knorr vegetable soup mix, green onion, water chestnuts, hellmann's mayonnaise, hawaiian bread",205.7,unknown,19.0,12.0,24.0
healthy  fried rice,"brown rice, olive oil, peas, carrot, broccoli floret, sliced mushrooms, egg, soy sauce",372.6,unknown,2.0,13.0,19.0
healthy  pumpkin pie,"pumpkin, skim milk, egg whites, reduced fat graham cracker crust, splenda sugar substitute, pumpkin pie spice",36.3,dessert,2.0,3.0,0.0
homebakes   knock off beef stew and biscuits,"beef stew, biscuits",191.9,unknown,17.0,6.0,14.0
honey  i m peanuts about you   cake,"unsweetened cocoa, espresso, buttermilk, unbleached all-purpose flour, baking soda, salt, unsalted butter, sugar, extra-large eggs, pure vanilla extract, creamy peanut butter, powdered sugar, semisweet chocolate, heavy cream, light corn syrup, honey roasted peanuts",1187.4,dinner,19.0,205.0,137.0
hot tamale  burgers,"short-grain brown rice, olive oil, onion, red bell pepper, corn kernel, chipotle chile in adobo, garlic cloves, ground cumin, yellow cornmeal, cilantro, fresh lime juice, lime zest",165.3,unknown,0.0,4.0,5.0
i can t believe i made cream puffs,"water, butter, all-purpose flour, eggs, instant vanilla pudding, whipped dessert topping mix",198.6,dessert,8.0,57.0,17.0
i hate miracle whip  but i love this potato salad that s,"potatoes, celery, white onions, hard-boiled eggs, miracle whip, milk, sugar, mustard, dijon mustard, white pepper, fresh ground pepper, salt",333.4,unknown,22.0,39.0,20.0
i thought i had nothing to eat  rice,"water, white rice, tea bag, seasoning salt, black pepper, dried basil, chili powder, garlic powder, cayenne pepper, soy sauce, lemon juice, butter",792.5,unknown,11.0,1.0,19.0
impossible  bisquick spinach feta pie,"frozen spinach, onion, roasted red pepper, kalamata olive, feta cheese, oregano, fresh ground pepper, bisquick, milk, eggs",280.0,unknown,34.0,19.0,22.0
it smells like christmas  pumpkin bread,"all-purpose flour, baking soda, salt, baking powder, cinnamon, nutmeg, allspice, ground cloves, sugar, water, oil, eggs, pumpkin, pecans",3557.7,unknown,140.0,1228.0,252.0
it s too easy  pork chops   rice casserole,"vegetable oil, boneless pork chops, long-grain rice, black pepper, dry onion soup mix, water",631.2,unknown,39.0,2.0,30.0
jamaican me hungry  chicken bake,"boneless skinless chicken breasts, onion flakes, thyme, allspice, pepper, chili powder, cayenne, ginger, nutmeg, sage, brown sugar, chives, clove, cinnamon, olive oil, garlic clove, onion, red peppers, habanero pepper, rum, crushed tomatoes, lime juice, jamaican jerk spice",226.6,dinner,6.0,15.0,15.0
jamba juice at home   lime it up  smoothie,"frozen limeade concentrate, mango, strawberry, lime sorbet, ice",286.6,unknown,0.0,273.0,0.0
jamba juice at home  strawberries wild  smoothie,"apple juice, strawberry, banana, non-fat vanilla frozen yogurt, ice",76.5,unknown,0.0,57.0,0.0
jeera on cubes  barbecue marinade,"sesame oil, yoghurt, fruit vinegar, hoisin sauce, coriander seed, cumin, garlic cloves, fish sauce, red chile",142.3,dinner,27.0,19.0,16.0
joe s  peppermint cookies n cream brownies,"butter, unsweetened chocolate, sugar, salt, vanilla extract, peppermint extract, eggs, all-purpose flour, unsweetened cocoa powder, peppermint oreos, candy cane",185.5,dessert,4.0,75.0,14.0
just trust me  bistro chicken salad,"cooked chicken breasts, canola oil, orange juice, white vinegar, salt, cooked rice, green grapes, celery, pineapple tidbits, mandarin oranges, slivered almonds, mayonnaise",489.7,dinner,22.0,54.0,39.0
kelly s creamy cheddar pea salad,"frozen peas, celery, hard-boiled eggs, onion, cheddar cheese, mayonnaise, sweet pickle relish, sugar, seasoning salt, mustard",173.1,unknown,11.0,25.0,13.0
kicked up  oven fried chicken,"buttermilk, oil, hot pepper sauce, dijon mustard, fresh garlic, seasoning salt, black pepper, onions, chicken pieces, dry breadcrumbs, parmesan cheese, all-purpose flour, dried thyme, paprika, cayenne pepper, garlic powder, butter",215.0,dinner,15.0,14.0,17.0
kicked up  oven baked pork baby back ribs,"pork baby back ribs, seasoning salt, pepper, ketchup, hoisin sauce, lemon juice, sugar, fresh garlic, louisiana hot sauce, habanero sauce, cinnamon, allspice",1398.0,dinner,56.0,83.0,165.0
kitchen sink  soup,"onion, garlic clove, celery, carrot, spaghetti sauce, beef stock, peas, corn, red bell pepper, chicken leg, rotini pasta, salt, pepper, italian seasoning",197.4,unknown,36.0,43.0,8.0
korney  spinach dip stuffing  side dish,"spinach dip, sour cream, mexicorn whole kernel corn, stove top stuffing mix monterey style with mushroom and onion, margarine, salt and pepper, pam cooking spray, aluminum foil",245.1,unknown,6.0,4.0,27.0
laings   english pickled onions  copycat,"cooking onions, pickling spices, white vinegar",95.3,unknown,0.0,38.0,0.0
leftover  lo mein for two,"cooked pasta, carrots, peas, egg, cooked chicken, soy sauce, chicken broth",302.6,lunch,18.0,8.0,9.0
leftovers  dessert,"cream cheese, cool whip, cake crumbs, mixed fruit",567.3,dinner,11.0,79.0,78.0
lemon coconut custard  pie,"squash, sugar, eggs, flour, lemon flavoring, coconut flavoring, butter, pie crust, cool whip",310.3,dessert,7.0,154.0,19.0
lite  cretons,"ground veal, cream of mushroom soup, dijon mustard, dried onion flakes, salt, garlic powder, black pepper, ground cinnamon, ground cloves, dried parsley flakes",31.2,breakfast,6.0,1.0,2.0
little bear s  seafood soup,"olive oil, red onions, garlic cloves, old bay seasoning, chicken stock, red wine vinegar, oregano, parsley, tabasco sauce, seafood, small shrimp, catfish nuggets, lemon, black pepper, brown rice, mexican-style stewed tomatoes with jalapeno peppers, tomato soup, okra, gumbo file",336.8,unknown,39.0,33.0,19.0
loaded   deviled eggs,"eggs, bacon, fresh chives, white vinegar, mild cheddar cheese, sour cream, paprika",104.0,dinner,4.0,1.0,12.0
lupo s   chicken spiedies,"chicken breasts, olive oil, lemon juice, white vinegar, garlic cloves, dried parsley, dried basil, dried oregano, garlic salt, salt, cracked black pepper, sandwich buns",516.1,lunch,27.0,13.0,53.0
ma s  oatmeal cake and icing,"boiling water, quick oats, margarine, brown sugar, flour, eggs, salt, cinnamon, nutmeg, baking soda, shredded coconut, vanilla, cream, nuts",366.5,dessert,16.0,120.0,29.0
man  rice krispies treats,"marshmallows, butter, rice krispies",265.2,lunch,10.0,112.0,8.0
margarita  dip for fresh  or grilled fruit,"cream cheese, frozen limeade concentrate, orange juice, cool whip topping",84.3,lunch,2.0,15.0,11.0
meal in a bowl   guacamole salad,"lettuce, tomatoes, pitted ripe olives, green onion, corn chips, tuna, cheddar cheese, avocado, lemon juice, sour cream, salad oil, garlic clove, sugar, chili powder, salt, tabasco sauce",474.1,unknown,18.0,12.0,57.0
middle eastern   twice baked potatoes,"baking potatoes, olive oil, chickpeas, coriander, ground cumin, fresh coriander, garlic cloves, low-fat yogurt, tahini, salt & freshly ground black pepper",327.6,dinner,14.0,16.0,11.0
more lish ous  cornbread,"eggs, mayonnaise, buttermilk, vegetable oil, yellow cornmeal, sugar, baking powder, salt",510.8,unknown,35.0,82.0,33.0
nat s king cole  coleslaw,"rice vinegar, maple syrup, soy sauce, sesame oil, gingerroot, green cabbage, red cabbage, carrot, green onion, apple",107.0,unknown,15.0,62.0,3.0
near east  rice pilaf  low fat,"canola oil, orzo pasta, long-grain rice, water, chicken soup powder, garlic powder, black pepper, turmeric",236.9,dinner,0.0,1.0,3.0
no copycats here   homemade chicken tortilla soup,"chicken breast, salt and pepper, cumin, celery ribs, green bell pepper, white onion, ear of corn, fresh cilantro, jalapeno pepper, chipotle chiles in adobo, crushed tomatoes, chicken broth, avocado",220.3,unknown,38.0,21.0,18.0
no harm eggplant parm  ww,"eggplant, egg white, fiber one cereal, italian-style tomato sauce, fat free mozzarella cheese, reduced-fat parmesan cheese, garlic powder, salt, pepper, dried basil",141.2,unknown,30.0,26.0,1.0
no name   beef recipe   loco moco,"ground beef, white rice, beef gravy, onion, eggs",1040.1,unknown,55.0,16.0,68.0
not your average  ham   bean soup,"ham bone, ham, onion, carrots, celery ribs, ham soup base, water, great northern beans, navy beans, black-eyed peas, pinto beans, beans, tomatoes and green chilies, salt, pepper, garlic",286.8,unknown,36.0,8.0,3.0
not your every day chicken salad  chicken salad,"light mayonnaise, cider vinegar, garlic cloves, fresh dill, skinless chicken breast half, feta cheese, red bell pepper",258.6,unknown,17.0,9.0,20.0
not  lasagna,"lean ground beef, spaghetti sauce, italian seasoning, garlic salt, cheese ravioli, mozzarella cheese",572.9,unknown,60.0,76.0,48.0
old ladies on a bus    chicken,"chicken pieces, orange marmalade, barbecue sauce, worcestershire sauce, lemon juice",401.8,lunch,15.0,89.0,32.0
outback   steak rub,"salt, paprika, ground black pepper, onion powder, garlic powder, ground red pepper, coriander, turmeric",6.6,unknown,38.0,0.0,0.0
party  taco dip,"cream cheese, sour cream, mayonnaise, taco seasoning mix, lettuce, black olives, tomatoes, green onion, green pepper, mexican blend cheese",163.2,lunch,19.0,11.0,24.0
pass me another   hot clam dip,"sharp cheddar cheese, green onions, green bell peppers, paprika, worcestershire sauce, tabasco sauce, minced clams",119.9,unknown,7.0,1.0,12.0
pasta  with shrimp   eggplant,"olive oil, eggplants, spaghetti squash, red bell pepper, yellow bell pepper, red onion, oregano, shrimp, olives",283.5,unknown,11.0,25.0,16.0
perfect  chocolate frosting,"semisweet chocolate, heavy cream, butter, confectioners' sugar",4076.9,dessert,71.0,1181.0,491.0
pink stuff     cherry pie filling  pineapple dessert,"cherry pie filling, sweetened condensed milk, crushed pineapple, pecans, small marshmallow, frozen whipped topping",338.9,dessert,2.0,150.0,18.0
pizza pan  potato skins,"potatoes, bacon, cheddar cheese, green onions, oil, salt, sour cream",503.9,lunch,23.0,9.0,45.0
pizza  steak,"plain flour, salt, pepper, boneless eye of round beef steak, onion, canola oil, pizza sauce, parmesan cheese, mozzarella cheese",215.1,unknown,30.0,15.0,21.0
posh   pork roast   crockpot,"boneless country-style ribs, all-purpose flour, seasoning salt, ground black pepper, bacon grease, campbell's golden mushroom soup, soup mix, oregano",193.4,unknown,0.0,0.0,12.0
puddingkuchen   custard bake,"eggs, sugar, flour, milk, butter, fruit",1582.6,dessert,27.0,402.0,88.0
quick and healthy picker uppers apple treats,"baby carrots, honey, ground cinnamon, crescent roll dough, cardamom, apples, sugar, butter",222.2,breakfast,7.0,108.0,5.0
quick biscuit bread,"refrigerated biscuits, olive oil, mozzarella cheese, garlic salt, italian seasoning",124.0,unknown,13.0,8.0,10.0
quick buns,"sugar, water, active dry yeast, milk, salt, butter, flour",110.6,dinner,3.0,1.0,5.0
real new york style  cheesecake supreme,"all-purpose flour, sugar, lemon peel, butter, egg yolk, vanilla, cream cheese, salt, eggs, egg yolks, whipping cream",625.9,dessert,17.0,134.0,69.0
red river shoot out   pigskins,"chili sauce, honey, country-style dijon mustard, little smokies sausages",173.9,unknown,25.0,106.0,8.0
red robin  drink recipe  mai tai,"grenadine, orgeat syrup, white rum, orange curacao, orange juice, prepared sweet-and-sour mix, pineapple juice, bacardi dark rum, meyer's dark rum",160.9,unknown,0.0,46.0,0.0
roast pork   and apple dinner,"pork chops, onion, sliced mushrooms, balsamic vinaigrette, minute white rice, condensed chicken broth, water, red apples, dried thyme leaves",436.9,unknown,21.0,36.0,23.0
russian  dressing  ww,"orange juice, reduced-calorie mayonnaise, green bell peppers, red bell peppers, tomato paste, plain nonfat yogurt, horseradish, onion, prepared mustard, chili powder, fresh ground black pepper",56.5,unknown,7.0,14.0,5.0
sangria  fruit cups  non alcoholic,"orange juice, strawberry gelatin, peach gelatin, lemon gelatin, cold water, strawberries, nectarines, grapes, cool whip",122.1,dessert,4.0,104.0,0.0
sausage  and gravy  low fat,"lean ground turkey, dried sage, salt, pepper, ground marjoram, brown sugar, cayenne pepper, poultry seasoning, garlic powder, onion flakes, flour, fat-free evaporated milk, skim milk",332.5,breakfast,35.0,48.0,18.0
secret ingredient  bbq meatloaf,"ground beef, egg, barbecue sauce, red bell pepper, sweet onion, garlic powder, ground black pepper, seasoning salt, french-fried onions, cooking spray",429.9,unknown,13.0,28.0,41.0
secret ingredient  beef  stew,"beef stew meat, italian salad dressing, water, beef bouillon granules, crushed tomatoes, beef broth, tomato sauce, garlic clove, bay leaf, salt, pepper, potatoes, carrots, green pepper, onion, flour, cold water",815.6,unknown,50.0,30.0,74.0
seva   bean   vegetable stew,"ghee, kidney beans, onion, garlic clove, carrot, potatoes, garam masala, curry powder, tabasco sauce, salt and pepper, water",271.6,unknown,25.0,24.0,3.0
sexy greek   cocktail,"ouzo, orange juice, ice cube, orange slice",94.7,unknown,0.0,70.0,0.0
she crab  cream of crab soup,"cream of mushroom soup, cream of celery soup, half-and-half, milk, sherry wine, crabmeat, red pepper, salt, pepper, old bay seasoning",777.3,unknown,144.0,27.0,50.0
skinny  meatloaf,"ground sirloin, ground turkey, ground pork, panko breadcrumbs, fresh parsley, onion, egg whites, skim milk, worcestershire sauce, salt and pepper, ketchup, yellow mustard, brown sugar, bacon, mixed mushrooms, shallot, flour, tomato paste, dry sherry, chicken broth, unsalted butter, sherry wine vinegar",566.7,unknown,36.0,40.0,43.0
skordy  new potatoes w rosemary lemon   olive oi,"new potatoes, lemon, juice of, lemon, zest of, rosemary, olive oil, garlic cloves",209.7,unknown,0.0,7.0,10.0
slightly spicy  black bean burgers,"black beans, oil, frozen corn, garlic, onion, cumin, green chili sauce, salsa, chili powder, flour, dry breadcrumbs",337.3,lunch,7.0,12.0,8.0
sloughed  tortellini salad,"cheese-filled tortellini, fresh spinach, green onions, ripe olives, red bell pepper, baby shrimp, sour cream, mayonnaise, caesar salad dressing, salt, fresh ground pepper",488.9,unknown,43.0,11.0,36.0
south beach  stuffed bell peppers,"bell peppers, olive oil, ground turkey, celery, garlic clove, onion, fresh parsley, worcestershire sauce, spike seasoning, tomatoes, cheese, salt and pepper",287.9,unknown,11.0,37.0,19.0
splenda   d  cheesecake sugar free low carb,"graham cracker crumbs, splenda granular, cinnamon, nutmeg, slivered almonds, butter, heavy whipping cream, vanilla extract, cream cheese, eggs, cornstarch, lemon juice, sour cream",566.5,dessert,14.0,16.0,80.0
sticky chicky   dump chicken,"oil, soy sauce, smooth peanut butter, ketchup, chicken pieces",306.7,unknown,21.0,14.0,33.0
stove top   stuffing,"onion, celery seed, butter, parsley, pepper, salt, dried sage, dried thyme, chicken broth, breadcrumbs",235.4,unknown,27.0,9.0,18.0
sun dried   tomatoes,"tomatoes, olive oil, garlic cloves, fresh basil, fresh oregano, salt and pepper",0.1,unknown,0.0,0.0,0.0
tastes like mounds bar    kahlua cake,"devil's food cake mix, instant chocolate pudding mix, vegetable oil, kahlua, water, eggs, bittersweet chocolate, whipping cream, sugar, cornstarch, salt, coconut milk, coco lopez, shredded coconut",712.5,dessert,23.0,271.0,58.0
tastes like   v 8 juice,"plain tomato juice, old bay seasoning",23.8,breakfast,15.0,19.0,0.0
the bomb  pumpkin soup,"butter, carrot, banana, onion, shallot, garlic clove, bay leaf, chicken stock, canned pumpkin, canned unsweetened coconut milk, sweetened condensed milk, ground nutmeg, cinnamon, coriander, ground allspice, curry powder, pumpkin seeds",191.5,dinner,16.0,49.0,14.0
the mooch     zucchini sandwich,"zucchini, garlic cloves, tomatoes, mayonnaise, salt, pepper, parmesan cheese, whole wheat bread, ghee",384.4,lunch,25.0,58.0,14.0
the u of l game day dip,"cream cheese, diced tomatoes with green chilies, diced green chilies, sausage",1557.4,unknown,119.0,4.0,229.0
the works  crock pot chili,"extra lean ground beef, white onion, garlic cloves, red pepper, chili seasoning mix, black beans, kidney beans, chili beans with chipotle pepper, beef broth, diced tomatoes, chilies, tomato sauce",212.1,unknown,32.0,23.0,7.0
the  carrot cake,"eggs, all-purpose flour, sugar, salt, baking powder, baking soda, ground cinnamon, ground nutmeg, carrots, pineapple chunk, butter, pecans, cream cheese, vanilla, powdered sugar",883.9,dessert,31.0,249.0,83.0
the  creamed dried beef chipped beef recipe,"dried beef, butter, flour, milk, black pepper",540.6,breakfast,78.0,6.0,49.0
thicker than pea soup  pea soup,"split peas, water, carrots, onions, potatoes, turnips, salt, pepper",193.8,unknown,33.0,22.0,0.0
this old house    dressing,"salad dressing, buttermilk, sour cream, lemon juice, sugar, ketchup, steak spice, roasted garlic and red pepper spice mix, granulated garlic, cumin, curry powder, romaine lettuce, cherry tomatoes, red onion, hard-boiled eggs, cooked bacon, corn tortilla strips",188.2,dinner,19.0,46.0,16.0
trini  burgers,"lean ground beef, worcestershire sauce, fresh thyme, ground cumin, cayenne pepper, onion, cheddar cheese, salt, white pepper, hamburger buns, mayonnaise, bibb lettuce, tomatoes, papaya",693.1,lunch,28.0,61.0,50.0
we hate zucchini bread   zucchini bread,"zucchini, eggs, fat, sugar, flour, vanilla, cinnamon, salt, baking soda, walnuts",364.4,unknown,10.0,103.0,24.0
white  sangria,"dry white wine, lemon-flavored vodka, peach schnapps, peach puree, apple, lime, lemon, peach, lemon juice, lime juice, lemonade",158.0,unknown,0.0,6.0,0.0
wild game   moose sloppy joes,"ground moose, onion, brown sugar, hot sauce, prepared mustard, ketchup, barbecue sauce, salt and pepper",102.2,lunch,8.0,88.0,0.0
windy s  sweet and sour meatballs,"lean ground beef, eggs, salt, black pepper, onion, garlic cloves, dry breadcrumbs, pineapple chunks, sweet pepper, white vinegar, brown sugar, ketchup, cornstarch, soy sauce",626.2,unknown,63.0,216.0,31.0
world s best    and easiest   teriyaki chicken wings,"chicken wings, soy sauce, dark brown sugar",1729.9,unknown,184.0,441.0,139.0
you bring the macaroni salad   macaroni salad,"small shell pasta, mayonnaise, miracle whip, sweet onion, hard-boiled eggs, sweet pickle juice, sugar, colby cheese",296.8,unknown,6.0,21.0,10.0
you can t eat just one  ice box cookies,"unsalted butter, smart balance omega plus, walnuts, cholesterol-free egg substitute, vanilla, baking soda, brown sugar, flour, salt",553.3,dessert,14.0,172.0,38.0
yummy n  easiest  warm blueberry sauce,"blueberries, sugar, cinnamon, nutmeg",326.3,unknown,0.0,288.0,1.0
zucchini mix  in tomato sauce,"tomatoes, olive oil, onion, celery, zucchini, sugar, salt",82.8,unknown,19.0,31.0,5.0
like money for nuthin    fudge,"sugar, condensed milk, marshmallows, milk chocolate chips, margarine",162.2,dessert,2.0,110.0,8.0
007  martini,"dry vermouth, vodka, gin, lillet blanc",146.5,unknown,0.0,0.0,0.0
21  apple pie,"all-purpose flour, salt, unsalted butter, ice water, apples, lemons, dark brown sugar, light brown sugar, southern comfort, cinnamon, egg",694.3,dessert,9.0,247.0,38.0
5 things  hot mexican green chile dip,"sour cream, cheddar cheese, tomatoes and green chilies, diced green chilies, knorr vegetable soup mix",377.8,unknown,51.0,15.0,48.0
5 minute bread  pizza,"extra virgin olive oil, black olives, white onion, red bell pepper, pepperoni, portabella mushrooms, mozzarella cheese, pizza sauce",276.0,unknown,29.0,8.0,34.0
99 bananas  foster oatmeal,"oatmeal, water, brown sugar cinnamon syrup, brown sugar, butter, banana, coffee-mate cinnamon vanilla liquid creamer, banana schnapps, chocolate whipped cream",288.1,breakfast,3.0,123.0,15.0
almost  boston market creamed spinach,"butter, flour, salt, half-and-half, sour cream, onions, water, frozen spinach, ground black pepper, parmesan cheese",337.9,unknown,24.0,9.0,43.0
almost  outback steakhouse shrimp sauce,"mayonnaise, garlic, chili sauce, prepared horseradish, mustard powder, cayenne pepper, fresh lemon juice",567.8,dinner,86.0,72.0,61.0
almost  starbucks frappuccino,"strong coffee, chocolate ice cream, chocolate syrup, sugar, ice, whipped cream",313.0,unknown,8.0,136.0,19.0
amerikaner   german vanilla biscuit,"butter, sugar, vanilla, eggs, milk, flour, starch, baking powder, icing sugar, lemon",233.0,dessert,5.0,96.0,12.0
amigos  crisp chicken burritos,"canned chicken, green chilies, cream cheese, green onions, flour tortillas, cooking oil",2453.4,unknown,41.0,17.0,383.0
amish  cake frosting   icing,"cream cheese, brown sugar, vanilla, salt, cool whip",1826.2,dessert,45.0,741.0,178.0
any type  nut butter,"butter, nuts, salt, pepper",3647.1,dinner,151.0,13.0,618.0
any  muffins,"white flour, milk, fat, egg, sugar, baking powder, salt",198.1,unknown,7.0,33.0,9.0
apple pie,"apple juice, raw honey, whole cloves, everclear alcohol, ground cinnamon, cheesecloth",285.8,dinner,0.0,281.0,0.0
aunt johnnie s   pound cake,"shortening, butter, white sugar, eggs, almond extract, milk, baking powder, cake flour",650.5,dessert,8.0,201.0,49.0
aww   shucks  crescent dough dessert,"crescent roll dough, cream cheese, sugar, vanilla, jam, butter, cinnamon",308.5,breakfast,8.0,123.0,17.0
bacon cheeseburger and fries  soup,"bacon, lean ground beef, onion, celery, garlic powder, black pepper, whole tomatoes, russet potatoes, butter, flour, chicken broth, half-and-half, extra-sharp cheddar cheese, velveeta cheese, parsley, yellow mustard, dill pickle relish",971.3,unknown,65.0,30.0,99.0
bailey s hot fudge sauce,"butter, unsweetened chocolate squares, confectioners' sugar, evaporated milk",1145.6,dessert,21.0,470.0,105.0
baked  apple cinnamon oatmeal,"apple, brown sugar, cinnamon, oats, dried cranberries, margarine, oatmeal",109.3,breakfast,1.0,38.0,5.0
basic  beet borscht,"beets, water, onions, salt, lemon juice, white pepper, honey, sour cream",189.0,unknown,157.0,130.0,1.0
bbq  pork,"boneless pork loin chops, brown sugar, celery salt, chili powder, onion flakes, tomato soup, vinegar",81.0,unknown,13.0,61.0,0.0
beat the blues  blue cheese risotto,"butter, olive oil, leeks, garlic cloves, smoked bacon, arborio rice, dry white wine, chicken stock, fresh sage, lemon, juice and zest of, blue cheese, parmesan cheese, fresh ground black pepper",1053.2,unknown,95.0,40.0,79.0
beefy  seitan log,"vital wheat gluten, nutritional yeast, ground cumin, onion powder, garlic powder, mushroom stock, soy sauce, vegetarian worcestershire sauce",49.6,unknown,16.0,0.0,1.0
berinzila   eggplant and ham,"eggplants, garlic salt, onion, butter, cooked ham, white wine, tomatoes, flour, parmesan cheese",365.3,dinner,4.0,37.0,32.0
berry good  smoothie,"apple juice, strawberry, raspberries, blackberry, blueberries",133.0,breakfast,0.0,103.0,1.0
better than a can  homemade sloppy joes,"olive oil, yellow onion, green bell pepper, red bell pepper, celery, garlic cloves, tomato puree, tomato paste, ketchup, cider vinegar, unsulphured molasses, worcestershire sauce, button mushroom, plum tomatoes, dried oregano, beef bouillon, fresh ground black pepper, hamburger buns",291.5,lunch,25.0,85.0,13.0
better than bouillon  gravy,"water, beef base, cornstarch, pepper",41.9,unknown,2.0,0.0,0.0
better  cake mix,"butter, flour, baking powder",53.1,dessert,2.0,0.0,5.0
better than crack  brownies,"brownie mix, water, vegetable oil, eggs, salted peanuts, reese's peanut butter cups, milk chocolate chips, peanut butter, butter, puffed rice cereal",339.3,dessert,8.0,28.0,34.0
biggest loser  fish tacos,"fish fillets, lime juice, paprika, salt, ground black pepper, chili powder, tortillas, avocado, cheese, salsa, fresh cilantro, cabbage, hot sauce",323.5,lunch,32.0,9.0,13.0
blond  minestrone,"olive oil, onion, dried oregano, dried basil, garlic cloves, yellow squash, zucchini, carrot, fresh corn, chicken broth, ditalini, great northern beans, baby spinach, salt, fresh coarse ground black pepper, pesto sauce",191.8,dinner,37.0,22.0,4.0
boo tiful  jell o cups,"boiling water, orange gelatin, ice cubes, cool whip topping, miniature semisweet chocolate chips",150.0,dessert,4.0,73.0,11.0
buffalo wild wings  medium wing sauce copycat by todd,"cayenne pepper sauce, vegetable oil, granulated sugar, cayenne pepper, garlic powder, worcestershire sauce, fresh coarse ground black pepper, egg yolk, water, cornstarch",190.8,unknown,62.0,7.0,29.0
buffalo wing  mushrooms,"mushrooms, cornstarch, all-purpose flour, salt, ground black pepper, seltzer water, panko breadcrumbs, canola oil",2526.8,unknown,106.0,35.0,345.0
buffalo  stuffed eggs,"eggs, blue cheese, mayonnaise, parsley, tabasco sauce, lemon-pepper seasoning, celery ribs",120.8,lunch,7.0,3.0,13.0
call the fire department  hot wings,"chicken drummettes, flour, cayenne pepper, paprika, salt, pepper, unsalted butter, cayenne pepper sauce, tabasco sauce",835.8,unknown,72.0,2.0,71.0
caramel  apples,"apples, wooden popsicle sticks, butter, dark brown sugar, milk",253.7,lunch,1.0,216.0,4.0
chmeur s  pudding,"flour, baking powder, margarine, sugar, milk, egg, vanilla, brown sugar, boiling water",340.7,dessert,6.0,207.0,13.0
cheese  sauce  dairy free,"rice milk, nutritional yeast flakes, cornstarch, dry mustard",252.5,unknown,1.0,0.0,6.0
cheeseburger  cookies and  fries,"vanilla wafer cookies, shredded coconut, peppermint patties, sesame seeds, vanilla frosting, honey, green food coloring, red food coloring, yellow food coloring, potato sticks",144.5,lunch,3.0,45.0,10.0
cheeseburger stuffed  french bread,"hamburger, onion, tomato soup, garlic salt, salt, pepper, french bread, butter, velveeta cheese",790.6,lunch,81.0,56.0,47.0
cheesecake factory  crab cakes,"lump crabmeat, plain breadcrumbs, mayonnaise, green onions, red bell peppers, egg, fresh parsley, old bay seasoning, prepared yellow mustard, panko breadcrumbs, vegetable oil",99.4,unknown,10.0,4.0,4.0
cheesy  vegan lasagna,"spaghetti sauce, spinach leaves, carrot, fresh parsley, garlic cloves, vegetable broth, firm tofu, cream cheese, lemon juice, nutmeg, lasagna noodles, nutritional yeast",321.4,unknown,16.0,35.0,16.0
chic to be greek  salad   from salad creations,"romaine lettuce, feta cheese, pepperoncini peppers, red onion, black olives",403.2,unknown,146.0,86.0,28.0
chinese  popcorn,"popped corn, chow mein noodles, peanuts, butter, sesame oil, soy sauce, lemon juice, ground ginger",531.1,lunch,17.0,7.0,63.0
chipotle  style chicken burrito bowls,"black beans, sour cream, diced tomatoes with chiles and cilantro, sweet corn, chicken breasts, mexican rice, fresh cilantro, cumin, adobo seasoning, paprika, taco seasoning, salt, pepper, guacamole seasoning mix, avocado, lettuce, cheddar cheese, extra virgin olive oil",692.5,dinner,42.0,29.0,61.0
cloud nine,"cream cheese, whipped cream, crushed pineapple, pineapple juice",148.3,dinner,3.0,33.0,17.0
comfort able kamikaze,"southern comfort, triple sec, lime juice, ice cubes",109.6,dinner,1.0,1.0,0.0
company  green beans,"bacon, onion, green beans, whole tomatoes",135.2,unknown,6.0,19.0,12.0
company s coming  rice,"rice, beef consomme soup, french onion soup, sliced water chestnuts, butter",160.2,dinner,19.0,4.0,9.0
country style  onion soup,"white onions, unsalted butter, flour, vegetable stock, water, salt",253.9,lunch,0.0,9.0,35.0
crabby  bread,"rhodes frozen rolls, toothpick, butter, egg, paprika, pimento stuffed olive, crab dip, cracker, fresh dill sprig",43.8,unknown,1.0,0.0,6.0
crabby  cracker spread,"cream cheese, onions, lemon juice, worcestershire sauce, mayonnaise, garlic salt, black pepper, imitation crabmeat, seafood cocktail sauce",130.7,dinner,12.0,10.0,16.0
crack  lasagna,"sweet italian sausage, broccoli rabe, olive oil, garlic cloves, water, pesto sauce, low fat cottage cheese, ricotta cheese, egg, no-boil lasagna noodles, mozzarella cheese, pine nuts",274.5,dinner,25.0,2.0,25.0
crazy easy   lo mein,"spaghetti noodles, cooked ground beef, beef gravy, stir fry vegetables, soy sauce, garlic powder, ground ginger, pepper",810.9,unknown,65.0,10.0,35.0
cream of whatever  soup,"butter, flour, garlic clove, milk, onion powder, salt, pepper, dried thyme, dried parsley",107.4,unknown,2.0,0.0,12.0
cream  of chicken soup,"onion, oil, water, raw rice, chicken stock, salt and pepper, frozen peas, cooked chicken",171.1,unknown,10.0,15.0,7.0
creamed  spinach,"frozen spinach, onion, yogurt, parmesan cheese",92.5,unknown,5.0,21.0,4.0
creamy  broccoli soup,"minute rice, carrots, onion, celery, garlic clove, olive oil, chicken broth, water, broccoli, skim milk, parmesan cheese, salt and pepper",131.1,unknown,13.0,9.0,7.0
creamy  fiddlehead soup,"onion, butter, chicken stock, potatoes, fiddleheads, bay leaf, salt and pepper, milk, yogurt, lemon rind",166.8,unknown,12.0,14.0,12.0
creamy  mushroom soup,"baby portabella mushrooms, onion, white beans, mushroom broth, reduced fat margarine, white pepper, salt, bay leaf, garlic cloves, dried thyme",99.3,unknown,1.0,8.0,1.0
death by chocolate  copycat dark chocolate sauce,"cocoa, sugar, water",80.9,unknown,0.0,67.0,1.0
diamond  creme brulee,"egg yolks, egg, sugar, heavy cream, vanilla beans, butter",648.2,dessert,5.0,200.0,74.0
dirty  broccoli,"broccoli, water, olive oil, garlic cloves, plain breadcrumbs, dried oregano, salt, fresh ground black pepper",137.1,unknown,10.0,11.0,11.0
don t knock it until you try it  beet cake,"eggs, sugar, vegetable oil, flour, baking powder, baking soda, cinnamon, vanilla, beets, walnuts",474.7,dinner,11.0,148.0,40.0
dorito  popcorn seasoning,"nutritional yeast, garlic powder, onion powder, cumin, paprika, chili powder, cayenne pepper, sea salt",785.7,unknown,788.0,11.0,29.0
dressed up  greek style  salad,"romaine lettuce, salt and pepper, red onion, cherry tomatoes, carrots, green peppers, black olives, feta cheese",101.1,dinner,10.0,26.0,5.0
duffins   donut muffins,"white whole wheat flour, baking powder, salt, nutmeg, baking soda, low-fat buttermilk, butter, unsweetened applesauce, granulated sugar, egg whites, egg, vanilla, cinnamon",112.4,breakfast,5.0,37.0,4.0
elephant ear  dutch baby,"butter, eggs, all-purpose flour, milk, cinnamon sugar",552.2,breakfast,13.0,53.0,54.0
elmer s  summertime sweet onion salsa,"plum tomatoes, jalapeno, green onions, onion, fresh cilantro leaves, garlic, fresh lemon juice, fresh lime juice, sugar, ground coriander, ground cumin, sea salt",23.3,dinner,4.0,11.0,0.0
emerald ecstasy  green smoothie,"green grapes, banana, fresh pineapple, apple, fresh spinach, ice",167.9,unknown,1.0,127.0,0.0
extraordinary  macaroni and cheese,"small shell pasta, butter, onion, all-purpose flour, salt, milk, cheddar cheese, tomatoes",633.3,unknown,43.0,17.0,51.0
fabulous  brownies,"sugar, butter, water, eggs, vanilla, flour, cocoa, baking powder, salt, nuts",176.3,dessert,4.0,66.0,11.0
fall ing for spice cake,"spice cake mix, canned pumpkin, unsweetened applesauce, water, vanilla yogurt, fat free sugar-free instant cheesecake pudding mix, cool whip free",171.0,dinner,12.0,70.0,8.0
famous  garlic noodles,"yakisoba noodles, cooking oil, fresh garlic, garlic powder, chicken broth, soy sauce, fish sauce, oyster sauce",41.3,lunch,19.0,2.0,4.0
faux  sourdough,"yeast, bread flour, sugar, baking soda, sour cream, vinegar, milk",1303.3,unknown,11.0,53.0,48.0
first  skillet cornbread,"bacon, corn muffin mix, mexican-style corn, jalapeno pepper, egg, cheddar cheese, milk",281.0,unknown,27.0,25.0,23.0
fish herb crust,"celery seeds, dried oregano, dried basil, dried parsley, chives, cocoa, tomato ketchup, green bell peppers, lemon juice, lemon peel",268.2,unknown,17.0,43.0,14.0
foodies  succotash,"canola oil, red onion, garlic clove, plum tomatoes, corn niblets, edamame, red pepper, vegetable stock, apple juice, basil, parsley",213.8,unknown,6.0,32.0,13.0
fooled me  flourless peanut butter cookies,"natural-style peanut butter, crunchy peanut butter, egg, splenda sugar substitute, dark brown sugar, gluten free baking powder, vanilla",115.4,dessert,1.0,21.0,12.0
fraicheur  vinaigrette,"white wine vinegar, granulated sugar, salt, dry mustard, paprika, instant minced garlic, olive oil",168.0,unknown,8.0,5.0,27.0
fried  bacon in the oven,"bacon, pepper",262.0,breakfast,19.0,0.0,39.0
fried  pork chops and gravy,"garlic clove, fresh lemon juice, canola oil, dijon mustard, brown sugar, salt, pepper, marjoram, boneless center cut pork chops, eggs, water, pancake mix, paprika, butter, pan drippings, flour, chicken broth, beef bouillon granules, sage",499.4,unknown,56.0,11.0,39.0
from the field  balsamic vinaigrette,"red wine vinegar, balsamic vinegar, dry mustard, canola oil, fresh sage, fresh basil, fresh dill, salt, pepper",192.9,unknown,6.0,2.0,32.0
fronch  toast,"whole wheat bread, soy coffee creamer, soymilk, cornstarch, chickpea flour, vegetable oil",141.6,breakfast,7.0,10.0,7.0
full cool  macaroni and cheese,"onion, butter, flour, milk, macaroni, cheez whiz, cheddar cheese, mozzarella cheese, paprika, cayenne pepper, salt",540.7,lunch,34.0,20.0,39.0
funny bones  cake,"cream cheese, creamy peanut butter, powdered sugar, vanilla, milk, devil's food cake mix, vegetable oil, sour cream, eggs, light cream",7016.6,dessert,260.0,2109.0,652.0
gilded  zucchini,"zucchini, salt, eggs, milk, breadcrumbs, oil",81.8,unknown,8.0,23.0,5.0
gimme a cheap weeknight dinner  quick,"ground beef, cream of potato soup, milk, celery, garlic, green onions, frozen peas, frozen corn, worcestershire sauce, black pepper, onion powder, egg noodles, warm water, parmesan cheese",856.7,lunch,28.0,22.0,44.0
gobble up   turkey cottage pie,"russet potatoes, cream cheese, butter, milk, salt, shredded cheddar cheese, olive oil, onion, celery, carrot, ground turkey, all-purpose flour, turkey base, boiling water, worcestershire sauce, ground black pepper, ground sage, peas",524.2,unknown,26.0,16.0,44.0
good morning   muffins,"flour, sugar, cinnamon, baking soda, salt, eggs, applesauce, vegetable oil, vanilla, carrots, tart apple, crushed pineapple, raisins, walnuts, flaked coconut",184.3,unknown,7.0,61.0,11.0
goulash    heart healthy version,"ground turkey, whole wheat elbow macaroni, onion, light cheese whiz, garlic powder, diced tomatoes, salt and pepper",384.7,unknown,3.0,15.0,14.0
goulashy  beef stew for the slow cooker,"boneless beef cubes, celery, carrots, onions, reduced-sodium fat-free beef broth, frozen baby peas, no yolks egg noodle substitute, diced tomatoes, red wine, garlic salt, dried basil, worcestershire sauce, pepper",565.8,unknown,11.0,39.0,75.0
granny squash   creamed squash,"yellow squash, yellow onion, evaporated milk, salt, pepper, water",106.2,unknown,4.0,25.0,4.0
green eggs  kid friendly   high in iron,"cream, water, parmesan cheese, sea salt, pepper, mustard greens, eggs, butter, olive oil flavored cooking spray",139.2,breakfast,5.0,3.0,15.0
green  soup,"quick-cooking barley, onion, celery, pepper, garlic cloves, potatoes, spinach, chicken stock, artichoke hearts",500.7,unknown,52.0,56.0,12.0
grey cup  sourdough,"round sourdough loaf, cheddar cheese, sour cream, cream cheese, green onion, worcestershire sauce, corned beef, diced green chilies, pimientos",124.6,dinner,7.0,1.0,17.0
grilled   salmon,"salmon fillets, blackening seasoning",178.1,unknown,4.0,0.0,9.0
guilt free ice cream wannabe,"fat free greek yogurt, unsweetened cocoa powder, artificial sweetener, frozen unsweetened mixed berries, fiber one cereal",208.7,dessert,13.0,75.0,3.0
ham  solo savory cake,"shredded cheddar cheese, nonstick cooking spray, bisquick, milk, sugar, egg, salt, gruyere cheese, red onion, deli ham, chives, unsalted butter",1066.6,unknown,90.0,148.0,93.0
hamburger  buns  zero carb,"eggs, low fat cottage cheese, cream of tartar, splenda sugar substitute",52.0,lunch,2.0,3.0,4.0
harak mas curry  sri lankan beef curry,"stewing beef, ghee, onions, fresh ginger, garlic cloves, curry powder, ground turmeric, black mustard seeds, salt, vinegar, chilies, tomatoes",515.2,unknown,28.0,14.0,59.0
he proposed   red velvet cake,"all-purpose flour, baking soda, baking powder, salt, cocoa powder, sugar, vegetable oil, eggs, buttermilk, vanilla extract, red food coloring, white distilled vinegar, hot coffee",389.9,dessert,15.0,137.0,29.0
healthified  decadent hot chocolate,"sugar, unsweetened baking cocoa, nonfat milk, fat-free half-and-half, semi-sweet chocolate chips, vanilla",152.5,unknown,4.0,85.0,6.0
healthy  5 minute mug cake,"white flour, whole wheat flour, dark unsweetened cocoa, raw sugar, egg, canola oil, applesauce, dark chocolate chips, vanilla extract",488.2,dessert,3.0,153.0,31.0
hershey s special dark  chocolate chip cookies,"butter, butter flavor shortening, light brown sugar, granulated sugar, egg, vanilla extract, all-purpose flour, baking soda, salt, dark chocolate chips, nuts",104.4,dessert,2.0,35.0,9.0
hershey s triple layer cheesecake,"vanilla wafer crumbs, powdered sugar, cocoa powder, unsalted butter, cream cheese, sugar, eggs, sour cream, all-purpose flour, vanilla, salt, butterscotch chips, hershey's semi-sweet chocolate chips, white chocolate chips, shortening",727.0,dinner,14.0,179.0,72.0
hey nic  add the chicken   leek and potato soup,"chicken carcasses, salt, bay leaves, potatoes, leek, pepper",198.0,unknown,29.0,9.0,0.0
hibachi  style salad dressing,"rice vinegar, lemon juice, soy sauce, honey, ginger juice, sesame oil, mayonnaise",97.2,unknown,16.0,8.0,12.0
hindu  spaghetti casserole,"onions, butter, ground beef, garlic cloves, tomato paste, water, spaghetti, flour, milk, salt and pepper",639.7,lunch,20.0,25.0,65.0
homemade  hamburger helper,"oil, onion, garlic, salt, ground beef, tomatoes, macaroni and cheese mix, milk, butter, american cheese",447.3,unknown,17.0,16.0,41.0
human  puppy chow,"butter, peanut butter, confectioners' sugar, chocolate chips, rice chex",628.7,lunch,18.0,233.0,49.0
i am tired of living   cocktail,"light rum, tequila, grand marnier, grenadine, tea bag, powdered sugar, maraschino cherries, cracked ice",77.3,unknown,0.0,38.0,0.0
i can t believe it is butter  margarine spread,"margarine, buttermilk, vegetable oil, butter buds",144.1,unknown,6.0,1.0,24.0
i coulda had a stuffed pepper  stuffed peppers,"green peppers, vegetable juice cocktail, lemon juice, sugar, lean ground beef, onion, salt, pepper, raw rice, water, egg",213.4,unknown,34.0,32.0,13.0
i don t believe it s      lemon tofu cheesecake,"graham cracker crumbs, maple syrup, almond extract, silken tofu, sugar, tahini, salt, lemon juice, lemon zest, cornstarch, soymilk, slivered almonds",200.6,dinner,10.0,87.0,7.0
i don t have any tahini  hummus,"chickpeas, garlic cloves, lemon juice, ground cumin, salt",86.3,unknown,9.0,0.0,1.0
i fooled the carnivores   vegan barbecue,"veat bites, onion, olive oil, garlic cloves, fresh gingerroot, ketchup, crushed red pepper flakes, tabasco sauce, maple syrup, vinegar, salt and pepper",225.5,lunch,42.0,110.0,16.0
i ve only got a quarter meal,"ground beef, green peas, cream of mushroom soup, milk, onion, salt, pepper",521.2,unknown,60.0,63.0,37.0
if you like pina coladas  protein smoothie,"cold water, vanilla protein powder, oat flour, unsweetened pineapple chunks, coconut extract, ice cubes",64.8,unknown,0.0,29.0,0.0
in the pink  lemonade,"lemon juice, sugar, cold water, red food coloring, fruit",137.9,unknown,0.0,137.0,0.0
indian  macaroni and cheese,"elbow macaroni, cheese, milk, salt and pepper",1021.7,unknown,75.0,6.0,76.0
it still feels like winter  vegan oatmeal muffins,"rolled oats, walnuts, water, apple cider vinegar, applesauce, brown sugar, vegan margarine, whole wheat flour, sea salt, baking powder, baking soda, raisins",143.7,unknown,7.0,43.0,5.0
it s a keeper   fish stick casserole,"frozen hash brown potatoes, cream of chicken soup, cheddar cheese soup, mayonnaise, sweet pickle relish, spicy brown mustard, onion, four-cheese mexican blend cheese, frozen fish sticks",559.2,unknown,58.0,26.0,50.0
it s greek to me  baked feta chicken,"chicken breasts, olive oil, lemon juice, dried oregano, dried dill, kosher salt, black pepper, garlic powder, red onion, rosemary, kalamata olive, feta cheese, lemon",528.8,unknown,35.0,11.0,60.0
it s not a secret  brisket,"beef brisket, garlic salt, celery salt, creole seasoning, black pepper, onion salt, liquid smoke, oven cooking bag",709.7,dinner,6.0,0.0,92.0
it s that easy  graham cracker delight,"graham crackers, cream cheese, powdered sugar, fruit",293.6,lunch,12.0,58.0,27.0
italian ized  pork chops,"pork chops, salt and pepper, yellow onion, garlic cloves, stewed tomatoes, cream of mushroom soup",326.8,unknown,33.0,26.0,29.0
janie marzetti,"rotini pasta, olive oil, tempeh, mushroom, green pepper, red pepper, white wine, garlic clove, spaghetti sauce, mozzarella cheese, parmesan cheese, herbs, parsley",706.8,unknown,53.0,84.0,39.0
jiffy  deluxe pizza sticks,"pizza crust mix, garlic powder, tap water, pepperoni slices, mozzarella cheese, parmesan cheese, margarine",224.7,lunch,24.0,0.0,30.0
johnny depp in a bundt pan   a k a black russian cake,"chocolate cake mix, instant chocolate pudding mix, oil, eggs, kahlua, creme de cacao, espresso, confectioners' sugar",5660.6,dinner,237.0,1642.0,485.0
just peachy  cobbler,"butter, flour, sugar, baking powder, salt, milk, eggs, vanilla, frozen peaches, cinnamon",460.9,dessert,14.0,217.0,26.0
kelly s chinese cabbage salad,"chicken-flavored ramen noodles, butter, seasoning, coleslaw mix, sunflower seeds, green onions, red bell pepper, vegetable oil, vinegar, sugar, soy sauce",337.2,unknown,9.0,59.0,39.0
kicked up  baked corn pudding casserole,"butter, frozen corn kernels, half-and-half cream, onions, green onions, garlic, green bell pepper, jalapeno pepper, eggs, flour, salt and pepper, parmesan cheese, cheddar cheese",582.6,dinner,37.0,13.0,64.0
kicked up  macaroni and cheese,"ground beef, seasoning salt, black pepper, fresh garlic, onion, celery, macaroni & cheese dinner mix, mushrooms, hp steak sauce, tabasco sauce, green bell pepper, tomato soup, cream of mushroom soup, worcestershire sauce, parmesan cheese, milk",752.6,unknown,67.0,65.0,48.0
kitchen sink  chocolate chunk cookies,"unsalted butter, dark brown sugar, granulated sugar, eggs, vanilla extract, all-purpose flour, salt, baking soda, peanut butter chips, toffee pieces, miniature marshmallow, semisweet chocolate chunks",190.8,dessert,4.0,66.0,14.0
lamb chops sensory explosion,"lamb chops, olive oil, fresh rosemary, fresh oregano, dill, salt, pepper, rye flour, fresh mozzarella cheese, tomatoes",558.7,unknown,29.0,7.0,69.0
leave me for you  chili,"v8 vegetable juice, chili seasoning mix, chili starter, ground beef, kidney beans",366.4,unknown,28.0,28.0,35.0
leftover roast  mexican casserole,"cooked beef, oil, onion, green pepper, black beans, tomatoes and green chilies, ground cumin, garlic salt, chicken broth, corn tortillas, cheddar cheese",352.3,unknown,28.0,8.0,25.0
light  chocolate chip oatmeal cookies,"margarine, dark brown sugar, egg, vanilla, cinnamon, whole wheat flour, baking powder, oats, dark chocolate chips",157.9,dessert,2.0,34.0,8.0
lighter  chocolate peanut butter pie,"skim milk, low-fat peanut butter, cool whip, instant chocolate pudding mix, shortbread pie crust, peanuts, chocolate",260.5,dessert,11.0,52.0,24.0
lighter  pistachio pudding salad,"pineapple chunks, light whipped topping, fat-free cottage cheese, fat-free sugar-free instant pistachio pudding mix",172.2,dessert,1.0,65.0,8.0
lite  tortillas,"unbleached flour, salt, baking powder, olive oil, water",185.9,lunch,13.0,0.0,9.0
little kick  jalapeno burgers,"jalapeno peppers, fresh cilantro, light beer, hot pepper sauce, garlic cloves, pepper, salt, cayenne pepper, lean ground turkey, monterey jack pepper cheese, dinner rolls, salsa, fat free sour cream, lettuce",265.9,unknown,19.0,13.0,18.0
loco moco  style hamburger steak with gravy,"lean ground beef, bread, milk, egg, onion, catsup, salt, pepper, beef, water, salt and pepper, cooked rice, eggs",703.0,breakfast,34.0,8.0,89.0
lofthouse  sugar cookies,"french vanilla cake mix, vegetable oil, eggs",3103.5,dessert,152.0,931.0,222.0
magic  chicken noodle soup,"water, chicken bouillon, carrots, celery ribs, chicken, diced onion, wide egg noodles, oregano, pepper, garlic powder",316.1,unknown,2.0,16.0,5.0
magic  coleslaw,"fat-free mayonnaise, equal sugar substitute, cider vinegar, salt, dry mustard, celery seed, coleslaw mix, onion, green bell pepper, red bell pepper",72.8,unknown,30.0,35.0,2.0
magic  cookie bars,"butter, cookie crumbs, nestle sweetened condensed milk, semi-sweet chocolate chips, egg",197.4,dessert,2.0,76.0,20.0
mama mia  triple cheese mostaccioli bake,"mostaccioli pasta, butter, flour, salt, pepper, milk, sharp cheddar cheese, parmesan cheese, swiss cheese",360.6,unknown,23.0,2.0,32.0
mamma mia  ravioli bites,"crescent roll dough, whole milk ricotta cheese, mozzarella cheese, parmesan cheese, fresh basil leaves, pepper, salt, eggland's best large egg, salami, sun-dried tomatoes packed in oil",59.5,unknown,4.0,1.0,4.0
mandarin  chicken,"boneless chicken breast, flour, salt, pepper, ginger, eggs, canola oil, green pepper, red pepper, onion, oil, cider vinegar, brown sugar, ketchup, cornstarch, mandarin oranges",470.1,unknown,50.0,122.0,26.0
marco    polenta,"chickpeas, red pepper flakes, garlic cloves, frozen spinach, peanut oil, cardamom pods, onions, ginger, cinnamon, coriander, prepared polenta",167.3,unknown,11.0,8.0,8.0
margarita  dip,"cream cheese, frozen limeade concentrate, orange juice, cool whip topping",682.5,lunch,16.0,108.0,89.0
mcgriddle  pancakes breakfast sandwich,"bisquick, egg, syrup, milk, american cheese, bacon",480.5,breakfast,41.0,40.0,49.0
meat   potatoes  meatloaf,"hash brown potatoes, onion, eggs, italian style breadcrumbs, ketchup, salt, pepper, lean ground beef",422.2,unknown,46.0,33.0,29.0
meat ralf  makeover,"ground beef, ground sausage, italian breadcrumbs, cream, egg, tomato sauce, onion, garlic cloves, worcestershire sauce, salt, cayenne powder",955.7,unknown,91.0,17.0,104.0
melanie s  chicken chili,"chicken breasts, corn, black beans, pinto beans, tomatoes, red onion, green bell pepper, fresh jalapeno peppers, serrano pepper, chicken stock, garlic cloves, cornmeal, monterey jack cheese, olive oil, adobo sauce, chili powder, cayenne powder, smoked paprika, cumin, mexican oregano, salt, pepper",126.4,unknown,4.0,7.0,7.0
missy s  sweet potato casserole,"cooked sweet potatoes, sugar, butter, eggs, milk, vanilla, cinnamon, flour, light brown sugar, pecans",548.5,unknown,8.0,212.0,41.0
mohnstrietzel   german poppy seed cake,"poppy seeds, butter, sugar, eggs, granola cereal, raisins, flour, baking powder, quark, milk, oil, applesauce, salt, vanilla",5213.9,dessert,133.0,1251.0,404.0
mom s amazing banana bread,"unsalted butter, sugar, light brown sugar, eggs, bananas, vanilla, flour, baking soda, salt, cinnamon, cardamom, allspice, nuts, sour cream",415.8,breakfast,12.0,126.0,26.0
mom s chicken,"whole chicken, flour, paprika, garlic powder, salt, pepper, vegetable oil, cream of mushroom soup, chicken broth, orange juice, white wine, brown sugar, ginger, salt & freshly ground black pepper, carrots, celery ribs, white mushrooms",1074.7,unknown,46.0,41.0,105.0
moose milk,"eggnog, dark rum, half-and-half cream, nutmeg, ice",349.9,unknown,4.0,68.0,25.0
mostly  clean eating granola bars,"oatmeal, whole wheat flour, coconut, baking soda, sea salt, applesauce, agave, white chocolate chips, craisins",168.2,unknown,6.0,31.0,8.0
muffalata  sandwich by any name tastes great,"whole wheat hoagie rolls, pesto sauce, olive salad, artichoke hearts, turkey, ham, salami, provolone cheese",679.2,lunch,86.0,40.0,53.0
nachos  casserole,"ground beef, taco seasoning, refried beans, cheese, green onion, tortilla chips, water",390.5,unknown,59.0,8.0,36.0
naked  grilled salmon,"salmon fillet, olive oil, garlic cloves, cracked black pepper, sea salt",163.9,unknown,3.0,0.0,11.0
navajo style  peach crisp  vegan friendly,"fresh peaches, natural cane sugar, unbleached flour, fresh lemon juice, yellow cornmeal, salt, butter, pine nuts",416.5,dessert,10.0,147.0,27.0
need a pick me up  banana peanut butter smoothie  no,"banana, milk, creamy peanut butter, unsweetened cocoa powder",283.3,breakfast,5.0,63.0,20.0
new  mashed potatoes,"red potatoes, salt water, butter, red onion, garlic, garlic powder, heavy cream, salt and pepper",658.7,unknown,14.0,17.0,75.0
next to sex  dessert,"flour, margarine, pecans, confectioners' sugar, soft cream cheese, cool whip, instant chocolate pudding mix, vanilla instant pudding mix, milk",570.2,dessert,25.0,138.0,49.0
no egg  tomato soup cake,"white sugar, butter, tomato soup, water, flour, baking soda, cinnamon, ground cloves, nutmeg, salt, raisins, chocolate chips",348.4,dessert,22.0,118.0,18.0
no fettuccine  spaghetti alfredo,"heavy whipping cream, garlic, white wine, parmesan cheese, ground black pepper, cream cheese, water, spaghetti noodles, sea salt",749.2,unknown,178.0,6.0,81.0
no fuss  easy baked artichokes,"artichoke, garlic cloves, lemon, olive oil, sea salt, broth",317.8,dinner,58.0,8.0,42.0
no more fears  paella,"large shrimp, green bell pepper, chicken breasts, smoked sausage, onion, diced tomatoes, sweet rice, chicken broth, dry red wine, saffron thread, bay leaf, salt, frozen peas, seafood, oil",462.6,dinner,42.0,13.0,26.0
no sausage     gravy for biscuits and gravy,"butter, flour, milk, poultry seasoning, salt, pepper",145.1,unknown,16.0,0.0,15.0
no time flat  nuked nachos with salsa and cheese,"refried beans, sour cream, salsa, cheddar cheese, corn tortilla chips",270.8,dinner,31.0,8.0,24.0
not too sweet  sweet potatoes,"yams, unsalted butter, dark brown sugar, honey, bananas, half-and-half, lime, zest of, salt",604.9,unknown,3.0,124.0,21.0
not your average spuds,"russet potatoes, yellow onion, bacon drippings, salt, pepper",386.7,unknown,1.0,17.0,15.0
off the boat  sicilian pasta sauce,"fresh onion, olive oil, tomato sauce, salt, pepper",148.5,unknown,66.0,56.0,8.0
oh boy  waffles,"eggs, milk, oil, flour, baking powder, salt, sugar",183.4,breakfast,10.0,5.0,15.0
oh i love this   cheesecake,"graham cracker crumbs, butter, sugar, small curd cottage cheese, cream cheese, eggs, lemon juice, vanilla, cornstarch, flour, sour cream",724.1,dessert,26.0,153.0,76.0
old bay  grilled steak fries,"bay leaf powder, celery salt, dry mustard, paprika, ground black pepper, white pepper, ground nutmeg, ground cloves, ground allspice, ground ginger, crushed red pepper flakes, ground cardamom, potatoes, salt, vegetable oil",561.2,unknown,146.0,18.0,22.0
old reliable  french bread  for kitchen aid mixers,"active dry yeast, water, salt, margarine, all-purpose flour, cornmeal, egg white",113.5,unknown,10.0,0.0,1.0
olive garden  salad and dressing recipe,"mayonnaise, white vinegar, vegetable oil, corn syrup, parmesan cheese, romano cheese, fresh garlic clove, italian seasoning, parsley flakes, lemon juice, sugar, dole italian salad variety, purple onions, jumbo black olives, banana peppers, crouton, roma tomatoes, pepper",195.1,unknown,13.0,30.0,15.0
one of  cookies  no bake  4 ingredients,"sugar, light corn syrup, creamy peanut butter, corn flakes",187.2,dessert,6.0,58.0,8.0
one pot   dinner,"ground beef, bacon, onion, pork and beans, kidney beans, butter beans, ketchup, brown sugar, liquid smoke, white vinegar, salt, pepper",667.1,unknown,96.0,61.0,42.0
oopah    feta chicken breasts,"boneless skinless chicken breasts, lemon juice, salt, black pepper, feta cheese, green peppers, roma tomato, scallions, fresh parsley",217.8,unknown,24.0,8.0,14.0
oops  there it is   chocolate cake low fat,"all-purpose flour, unsweetened cocoa powder, baking powder, baking soda, cinnamon, salt, brown sugar, egg, egg whites, canola oil, vanilla, almond extract, low-fat sour cream, mini chocolate chip",233.4,dessert,9.0,104.0,13.0
orange  soup,"butternut squash, sweet potato, carrots, plain yogurt, chicken broth, mandarin orange, thyme, cinnamon, ginger, honey, salt and pepper",283.1,unknown,24.0,72.0,3.0
p anana confetti circles,"banana, peanut butter, candy sprinkles",146.6,breakfast,3.0,34.0,12.0
pancakes  in a bowl,"bisquick, water, powdered sugar, syrup, fruit",273.9,breakfast,27.0,29.0,15.0
pantry raid  chicken enchilada casserole,"tomato sauce, water, taco seasoning mix, chili powder, vegetable oil, chicken breast, black beans, cream cheese, mexican blend cheese, cornbread mix, egg, milk",524.6,unknown,43.0,47.0,39.0
payday  candy bar squares,"salted peanuts, butter, peanut butter chips, sweetened condensed milk, miniature marshmallows",310.6,dessert,12.0,72.0,31.0
peanut butter   jam sandwich   muffins,"egg, smooth peanut butter, oil, brown sugar, milk, flour, baking powder, baking soda, salt, strawberry jam",286.9,dessert,15.0,53.0,27.0
peas  fit for a king or queen,"extra virgin olive oil, bacon, shallots, red pepper flakes, frozen peas",417.9,dinner,25.0,24.0,50.0
perfect chocolate cake  mccall s cooking school,"unsweetened cocoa, boiling water, all-purpose flour, baking soda, salt, baking powder, butter, sugar, eggs, vanilla, semisweet chocolate pieces, light cream, confectioners' sugar, heavy cream, vanilla extract",1016.2,dessert,31.0,366.0,85.0
philly  guacamole dip,"avocados, lemon juice, philadelphia cream cheese, onion, salt, garlic salt, hot pepper sauce, chopped tomato",372.0,unknown,19.0,9.0,53.0
philly  roll sushi,"cream cheese, smoked salmon, english cucumber, nori, sushi rice, toasted sesame seeds",406.7,unknown,14.0,5.0,32.0
pink stuff,"cool whip, low-fat small-curd cottage cheese, strawberry jell-o gelatin dessert, crushed pineapple, mini marshmallows",954.5,dessert,38.0,572.0,48.0
pita the great    tuna salad,"tuna in water, sweet red pepper, green onions, cilantro, honey, lime juice, low-fat mayonnaise, black pepper, hot pepper sauce, cumin, salt, pita bread, english cucumber, alfalfa sprouts",240.4,lunch,28.0,24.0,5.0
pizza  beans,"dried beans, bay leaves, onion, green peppers, garlic cloves, italian herb seasoning, smoked paprika, chili flakes, chopped tomatoes, tomato paste, salt, sugar",87.2,unknown,27.0,43.0,1.0
please make those meatballs    crockpot meatballs,"frozen meatballs, cream of mushroom soup, brown gravy mix, beef bouillon cube, water",104.1,unknown,45.0,6.0,9.0
puerto rican style  fried rice,"cooked white rice, oil, cooked pork, green olives, pigeon peas, roasted sweet red peppers, garlic powder, adobo seasoning, ground black pepper, fresh cilantro",659.1,unknown,3.0,0.0,19.0
pumpkin pie  filling for mexico,"cooked sweet potatoes, mexican crema, milk, eggs, salt, ground ginger, ground cinnamon, ground allspice, ground nutmeg, ground cloves, powdered sugar, vanilla, dark rum",772.0,dessert,33.0,150.0,30.0
radler mass   german beer cooler,"beer, carbonated lemon-lime beverage, ice, lemon twist",200.7,dinner,1.0,88.0,0.0
rainbow chicken strips,"boneless skinless chicken breasts, goldfish crackers, panko breadcrumbs, parmesan cheese, olive oil",365.2,unknown,19.0,2.0,29.0
rathu isso curry  sri lankan red prawn curry,"prawns, onion, garlic cloves, fresh ginger, cinnamon stick, fenugreek seeds, curry leaves, lemongrass, ground turmeric, chili powder, paprika, salt, coconut milk, lemon juice",456.0,unknown,47.0,206.0,27.0
real  strawberry pie with french cream topping,"frozen strawberries, lemon juice, water, unflavored gelatin, sugar, salt, fresh strawberries, pie shells, cream cheese, vanilla extract, heavy cream",591.2,dessert,10.0,201.0,48.0
reasonable  lemon chicken and potatoes,"boneless skinless chicken breasts, lemon-pepper seasoning, potatoes, butter, lemon juice, salt",593.0,unknown,18.0,9.0,46.0
ritz  y chicken,"ritz cracker crumbs, parmesan cheese, garlic powder, seasoning salt, plain yogurt, boneless skinless chicken breast halves",158.9,unknown,4.0,6.0,4.0
royal  turkey stuffing,"potatoes, onions, celery, breadcrumbs, butter, ground sage, salt, fresh ground pepper, poultry drippings",533.9,unknown,11.0,26.0,16.0
s wonderful carrot and raisin salad,"carrots, raisins, lemon zest, lemon juice, confectioners' sugar, salt, mayonnaise, pecans",262.2,unknown,23.0,111.0,15.0
sannich  in soup,"sweet onions, butter, beef broth, chicken broth, dry red wine, fresh thyme, bay leaf, balsamic vinegar, black pepper, salt, fresh parsley, baguette, emmenthaler cheese, gruyere, parsley",303.3,lunch,32.0,13.0,19.0
sara lee   pound cake   copycat,"butter, powdered sugar, eggs, sour cream, flour, lemon extract, vanilla",3575.7,dessert,61.0,948.0,313.0
second only to my meatloaf  meatballs,"ground beef, oatmeal, onion, egg, milk, salt, ketchup, vinegar, sugar, prepared mustard",493.4,unknown,84.0,161.0,31.0
sexy  sauce,"dry red wine, ketchup, dark molasses, dijon mustard, worcestershire sauce, red wine vinegar, chili powder, kosher salt, celery seed, cumin, water",503.2,unknown,121.0,307.0,2.0
sherried  mushroom sauce,"fresh mushrooms, onion, garlic clove, butter, parsley, cake flour, meat stock, dry sherry, sour cream, salt, black pepper",158.7,unknown,14.0,13.0,14.0
sin free  fries,"potato, salt, non-fat cooking spray",284.1,unknown,0.0,11.0,0.0
skinny  fries,"baking potatoes, oil, cajun seasoning, salt and pepper",160.2,unknown,0.0,5.0,5.0
smells like stuffing  no knead bread,"all-purpose flour, whole wheat flour, fast rising yeast, sugar, dried onion flakes, dried parsley, sage, thyme, marjoram, pepper, rosemary, oregano, ginger, salt, water, egg, celery seed",188.9,unknown,12.0,9.0,2.0
sneaky  chocolate zucchini cupcakes kids love,"butter, sugar, eggs, vanilla extract, all-purpose flour, baking cocoa, baking soda, salt, plain yogurt, zucchini, carrot, chocolate frosting",313.5,dessert,11.0,110.0,24.0
so i cheated  refrigerator dills,"dill pickle, onion, cayenne, garlic cloves, vinegar, canning salt, water, dill",432.4,unknown,2444.0,152.0,6.0
soft as wonder   white bread,"water, salt, margarine, honey, all-purpose flour, powdered milk, sugar, bread machine yeast",162.0,unknown,9.0,12.0,5.0
soft serve  vanilla ice cream,"milk, vanilla instant pudding mix, sugar, cool whip, vanilla flavoring",4434.1,dessert,178.0,2647.0,200.0
somebody stole my cookie  cookies,"corn syrup, sugar, peanut butter, rice krispies, chocolate chips, butterscotch chips",440.6,lunch,10.0,137.0,34.0
soup  er no peel potatoes,"hot water, dry onion soup mix, margarine, black pepper, potatoes, parsley flakes",315.9,unknown,36.0,10.0,12.0
souped up  veggie dip,"knorr vegetable soup mix, sour cream, tabasco sauce",132.7,unknown,16.0,9.0,18.0
souper  easy macaroni and cheese,"nacho cheese soup, cheddar cheese, milk, prepared mustard, black pepper, elbow macaroni, french-fried onions",315.3,unknown,10.0,3.0,21.0
special  oatmeal cookies   vegan,"whole wheat flour, rolled oats, baking powder, salt, cinnamon, virgin olive oil, cornstarch, soymilk, sugar, vanilla extract, raisins",216.0,dessert,4.0,72.0,10.0
special  salsa     for parties,"salsa, cream cheese, cheddar cheese, jalapenos",138.1,lunch,18.0,6.0,18.0
starbucks  oat fudge bars,"sugar, brown sugar, butter, eggs, flour, baking soda, oats, sweetened condensed milk, chocolate chips, vanilla",397.2,dessert,7.0,127.0,28.0
steel magnolias cuppa cake,"fruit cocktail in heavy syrup, self rising flour, white sugar",174.7,dessert,8.0,122.0,0.0
string pie,"ground beef, onion, green pepper, garlic clove, crushed red pepper flakes, spaghetti sauce, spaghetti, parmesan cheese, eggs, butter, cottage cheese, mozzarella cheese",522.0,unknown,32.0,35.0,38.0
struttin  sauce  for kansas city sloppy ribs,"canola oil, onion, garlic cloves, tomatoes, cider vinegar, water, brown sugar, chili powder, tomato paste, worcestershire sauce, celery salt, prepared yellow mustard, black pepper, corn syrup, liquid smoke",143.5,unknown,12.0,74.0,5.0
stuffed cabbage  soup,"egg, breadcrumbs, salt, fresh ground black pepper, ground beef round, vegetable oil, onion, carrots, celery ribs, garlic cloves, green cabbage, beef stock, crushed tomatoes in puree, water, dried thyme, sugar, cider vinegar, bay leaf, long-grain rice, sour cream",182.1,unknown,39.0,25.0,10.0
subway  white chocolate macadamia nut cookies,"butter, brown sugar, granulated sugar, eggs, vanilla, unbleached white flour, baking soda, salt, white chocolate chips, macadamia nuts",221.8,dessert,7.0,63.0,20.0
sweet dreams  shake,"milk, banana, honey",325.0,unknown,5.0,126.0,14.0
sweet  carrots,"boiling water, salt, carrots, margarine, sugar substitute, lemon juice, parsley",49.6,unknown,9.0,10.0,4.0
swiss  round steak with onion gravy,"round steaks, flour, salt, pepper, oil, onion, garlic cloves, beef broth",469.2,unknown,22.0,6.0,41.0
taffy apple  cakies,"sugar, brown sugar, margarine, eggs, vanilla, cinnamon, salt, baking soda, flour, ricotta cheese, apple, caramels, milk, peanuts",191.9,dessert,6.0,67.0,12.0
take me to spain  tortilla espanola  5fix,"olive oil, simply potatoes diced potatoes with onion, eggs, kosher salt, aioli",381.7,dinner,42.0,1.0,56.0
the best   beef stroganoff,"butter, olive oil, beef, cream of mushroom soup, milk, garlic powder, ketchup, sour cream, salt, pepper, onion, cooked rice",1340.3,unknown,74.0,24.0,164.0
the cake of wisdom,"carrots, ginger, lemon peel, eggs, honey, cinnamon, dry breadcrumbs, ground hazelnuts, cream cheese",2335.8,dessert,45.0,443.0,255.0
the cake,"yellow cake mix, water, cream cheese, powdered sugar, margarine, egg, eggs",703.2,dessert,28.0,299.0,48.0
the frugal gourmet s  southern barbecue sauce,"beef broth, tomato paste, salt, granulated sugar, brown sugar, prepared yellow mustard, white vinegar, liquid smoke, worcestershire sauce, crushed red pepper flakes, chili powder",1014.0,dinner,386.0,759.0,13.0
the gumbo pages  traditional red beans and rice,"red beans, onion, bell pepper, celery ribs, garlic cloves, liquid smoke, smoked turkey sausage, dried thyme leaves, bay leaf, crystal hot sauce, worcestershire sauce, creole seasoning, salt, cooked rice",179.6,unknown,23.0,13.0,9.0
the heat  spicy party mix,"butter, worcestershire sauce, hot sauce, salt, garlic powder, onion powder, cayenne, celery seed, corn chex, wheat chex, pretzel",498.8,dinner,90.0,30.0,21.0
the heavy one  cheesecake,"cream cheese, granulated sugar, flour, lemon zest, orange zest, egg yolks, eggs, heavy cream",374.2,dessert,10.0,96.0,42.0
the other white meat  chicken salad sandwich,"pork chops, red onions, carrot, lemon juice, mayonnaise, celery seeds, dried cranberries, pecans, asian pear, salt & pepper",426.6,lunch,15.0,30.0,44.0
the ultimate brownie,"unsweetened chocolate squares, butter, eggs, sugar, vanilla, flour, salt, pecans",343.0,dessert,9.0,134.0,28.0
the  marinade,"minced garlic cloves, mccormick's montreal brand steak seasoning, paprika, hot sauce, worcestershire sauce, red wine vinegar, extra virgin olive oil, flank steak",354.1,unknown,6.0,2.0,42.0
thetis queen  albacore tuna tacones with spicy spot p,"flour tortillas, tuna, head of cabbage, pumpkin seeds, red onions, pea shoots, sea salt, cracked black pepper, coriander powder, ground cumin, olive oil, mayonnaise",426.6,lunch,48.0,23.0,41.0
those  chocolate cookies,"unsweetened chocolate, semisweet chocolate, unsalted butter, all-purpose flour, baking powder, salt, eggs, sugar, instant espresso powder, vanilla extract, semi-sweet chocolate chips, parchment paper",155.3,dessert,2.0,49.0,16.0
three sisters  stew,"sugar pumpkin, olive oil, onion, garlic cloves, green peppers, diced tomatoes with juice, canned pinto beans, corn kernels, vegetable stock, hot chili pepper, ground cumin, dried oregano, salt & freshly ground black pepper, fresh cilantro",212.1,unknown,13.0,12.0,6.0
three cheese  cheese ball,"cream cheese, cheddar cheese, milk, black pepper, worcestershire sauce, blue cheese, garlic, nuts",1846.7,unknown,130.0,26.0,243.0
tofu noodle  tuna casserole,"tofu shirataki noodles, 98% fat-free cream of mushroom soup, albacore tuna, frozen baby peas, black pepper, onion powder, salt, cheddar cheese",190.4,unknown,13.0,22.0,4.0
tomato  sauce,"tomato paste, whole tomatoes, oregano, dried leaf basil, onion, salt, pepper, sugar, garlic cloves, olive oil",97.1,unknown,87.0,50.0,2.0
trash bag  taco salad,"ground beef, taco seasoning, lettuce, cheddar cheese, chopped tomatoes, onions, olives, beans, corn chips, catalina dressing, salsa",241.2,unknown,16.0,12.0,26.0
tummy crisis  dried apricot and muesli muffins,"brown sugar, muesli, butter, flour, ground cinnamon, dried apricot, fresh orange juice, orange zest, buttermilk, honey, eggs, whole wheat flour, self-rising flour, wheat germ, baking powder, apricot jam",389.3,breakfast,15.0,132.0,19.0
turn the oven off  cookies,"vanilla, chocolate chips, egg whites, sugar",39.9,dessert,0.0,27.0,2.0
tuxedo  chocolate covered strawberries,"strawberries, semi-sweet chocolate chips, white chocolate",183.1,dinner,0.0,84.0,16.0
twist your own way  mayonnaise  this one is with garlic twist,"mayonnaise, garlic, olive oil, lemon juice, hot pepper sauce",252.2,unknown,0.0,0.0,41.0
twisted  chicken salad,"corkscrew macaroni, cooked chicken, italian dressing, hellmann's mayonnaise, lemon juice, prepared mustard, onion, cucumber, celery, pepper, garlic salt, onion salt",501.2,lunch,33.0,30.0,36.0
u  wing it pork loin chops,"pork loin chops, olive oil, onion, garlic cloves, sour cream, horseradish, grainy mustard, ranch dressing, dry red wine",628.9,dinner,21.0,14.0,69.0
vegan mac un cheese,"pasta, vanilla-flavored soymilk, soy margarine, vegan mayonnaise, nutritional yeast, turmeric, ground sage, salt, ground pepper, garlic powder",422.7,unknown,18.0,8.0,11.0
vodka still works,"angostura bitters, vodka, ginger beer",208.1,unknown,0.0,0.0,0.0
we re going bananas  bread,"sugar, eggs, vegetable oil, flour, baking soda, salt, cinnamon, allspice, bananas, raisins",264.5,unknown,10.0,95.0,17.0
weight watchers   ice cream  sandwiches del,"chocolate graham cracker, cool whip lite, raspberry spreadable fruit, miniature chocolate chips",46.8,dessert,0.0,20.0,4.0
west african s finest  mafe,"peanut oil, carrots, garlic cloves, potatoes, sweet potatoes, onion, tomato paste, paprika, cayenne pepper, cumin, fresh thyme sprigs, chickpeas, salt & freshly ground black pepper, stock, creamy peanut butter, basmati rice",916.8,unknown,29.0,57.0,82.0
whatever floats your boat  brownies,"butter, unsweetened cocoa, sugar, eggs, vanilla, flour, salt, chocolate chips, raisins, maraschino cherry, nuts, m&m', reese's pieces, miniature marshmallow",390.7,lunch,7.0,161.0,30.0
whitt s  bbq sauce,"white vinegar, water, sugar, chili powder, black pepper, white pepper, red pepper, cayenne pepper",42.5,unknown,0.0,34.0,0.0
wicked  chocolate chip muffins,"flour, sugar, baking powder, chocolate chips, butter, egg, milk",331.6,dessert,9.0,96.0,24.0
wish i made more  yeast potato lem orange rolls,"milk, butter, sugar, salt, potato, orange juice, lemon zest, active dry yeast, warm water, flour, eggs",68.9,unknown,2.0,6.0,2.0
wolf creek inn  macaroni   cheese,"elbow macaroni, butter, flour, salt, white pepper, dry mustard, milk, tabasco sauce, cheddar cheese, dry breadcrumbs",776.4,unknown,45.0,6.0,69.0
wolfpack  pork sandwich,"pork tenderloin, marinade, orange juice, soy sauce, garlic, dijon mustard, honey, cayenne, aioli, mayonnaise, tabasco sauce, sugar, prepared horseradish, green onions, kaiser rolls, tomatoes, lettuce, vidalia onion",544.2,lunch,70.0,90.0,29.0
world s best  macaroni   cheese,"cheese sauce, unsalted butter, all-purpose flour, 1% low-fat milk, medium cheddar, mozzarella cheese, asiago cheese, salt, garlic powder, dried chipotle powder, pasta, macaroni, water, cheddar cheese, gruyere",546.9,unknown,25.0,23.0,46.0
you like cheese   garlic bread spread,"mozzarella cheese, romano cheese, parmesan cheese, fresh coarse ground black pepper, garlic, extra virgin olive oil, fresh lemon juice",1057.9,unknown,67.0,8.0,136.0
you want me to do what to the buttered noodles,"egg noodles, butter",531.8,unknown,9.0,6.0,41.0
you won t believe they are baked  chicken fingers,"vegetable oil, boneless skinless chicken breast, yogurt, ketchup, dijon mustard, worcestershire sauce, pepper, corn flake crumbs",200.3,unknown,9.0,12.0,6.0
you ll never miss the noodles  lasagna,"ground beef, sweet italian sausage link, onion, green bell pepper, garlic cloves, tomato sauce, tomato paste, dried basil, dried oregano, dried rosemary, water, whole milk ricotta cheese, eggs, fresh parsley, mushrooms, zucchini, spinach, mozzarella cheese, parmesan cheese",569.1,unknown,46.0,26.0,58.0
ber quick banoffee pudding   dessert,"banana, dulce de leche, digestive biscuits",105.0,dessert,0.0,57.0,0.0
miracle  honey oatmeal bread  gluten free,"yeast, oats, oat flour, rice flour, cornstarch, tapioca flour, sorghum flour, xanthan gum, salt, egg, honey, canola oil, apple cider vinegar, warm water",2314.8,breakfast,102.0,395.0,60.0
tis an irish lamb stew,"boneless lamb shoulder, flour, baby potatoes, baby carrots, parsnips, sweet onion, garlic clove, salt, pepper, lamb broth, green peas, cabbage, fresh thyme, fresh parsley, whiskey",745.5,unknown,7.0,26.0,66.0
utah   scones  deep fried,"active dry yeast, water, sugar, honey, brown sugar, boiling water, smart balance butter spread, salt, eggs, whole wheat flour, oil",183.2,unknown,13.0,30.0,8.0
57 chevy,"bourbon, grand marnier, vodka, pineapple juice",157.7,unknown,0.0,0.0,0.0
57 chevy  alcoholic drink,"white creme de cacao, vodka, ice",69.4,unknown,0.0,0.0,0.0
90s style meatloaf,"lean ground beef, ground lean pork, onion, egg, cooked barley, zucchini, oat bran, ketchup, thyme, salt and pepper",240.8,lunch,7.0,14.0,20.0
akwa   traditional yemeni oxtail stew,"oxtails, black peppercorns, caraway seeds, cardamom seed, saffron thread, ground fenugreek, turmeric, salt, tomatoes, white pearl onions, garlic cloves",89.1,unknown,0.0,29.0,0.0
all purpose  marinade  especially nice used with beef,"light olive oil, red wine, light soy sauce, worcestershire sauce, garlic, salt, black pepper",810.9,unknown,88.0,11.0,110.0
better than sex  cheese ball,"cream cheese, butter, green olives, green onion, walnuts",133.6,unknown,3.0,0.0,21.0
big mac  pizza,"thousand island dressing, prepared pizza crust, lean ground beef, colby-monterey jack cheese, bacon, dill pickle, prepared mustard, lettuce, tomatoes",991.2,unknown,96.0,75.0,121.0
chicken  and lime soup  vegan,"olive oil, white onion, garlic cloves, serrano peppers, vegetable stock, vegan chicken, tomatoes, green chili sauce, lime juice, black pepper, cayenne pepper, cilantro, corn tortillas",115.8,dinner,0.0,11.0,6.0
chicken  tikka masala   vegan style,"vegan chicken, soy yogurt, fresh lemon juice, ground cumin, ground red pepper, fresh ground black pepper, cinnamon, salt, fresh ginger, bamboo skewers, earth balance margarine, garlic cloves, ground coriander, paprika, garam masala, tomato sauce, coconut milk, frozen peas, fresh cilantro",305.4,dinner,50.0,165.0,19.0
chinese buffet  green beans,"peanut oil, garlic cloves, fresh green beans, white sugar, oyster sauce, soy sauce",85.8,unknown,17.0,27.0,5.0
clean out the fridge  soup,"oil, onion, garlic, chicken, vegetables, stock, penne pasta, salt and pepper, herbs, red sweet pepper, dried herbs, worcestershire sauce, soy sauce, chili sauce, tomato paste, creamed corn",204.2,unknown,1.0,7.0,15.0
cream  of mushroom soup,"walnuts, garlic, water, shoyu, rosemary, flax seeds, mushroom, sliced mushrooms",472.9,unknown,38.0,9.0,64.0
denny s  vegetable beef barley soup,"ground beef, frozen mixed vegetables, barley, beef broth, tomatoes",244.5,lunch,75.0,10.0,17.0
get up   go  bars,"sugar, light corn syrup, peanut butter, grape-nuts cereal, rolled oats, sliced almonds, dried cranberries",245.2,breakfast,6.0,54.0,12.0
good for you  berry truffles,"walnuts, dates, frozen raspberries, cocoa powder",93.8,dessert,0.0,25.0,10.0
guacamole  dip,"avocados, sour cream, salsa",214.7,unknown,11.0,7.0,29.0
ibarra  hot chocolate lovers,"milk, mexican chocolate, vanilla bean, whipped cream, ground cinnamon",132.6,unknown,1.0,52.0,9.0
killer  shrimp,"large shrimp, butter, dry sherry, olive oil, chili sauce, hot sauce, worcestershire sauce, parsley, crushed red pepper flakes, lemon juice, oregano, garlic, anaheim chilies",666.6,unknown,40.0,20.0,52.0
kinda sorta  hungarian goulash,"beef stew meat, onion, garlic clove, catsup, worcestershire sauce, brown sugar, salt, paprika, dry mustard, water, flour",440.6,unknown,36.0,25.0,45.0
lighter  hamburger stroganoff,"lean ground beef, butter, wine, onion, mushrooms, flour, fat-free chicken broth, nonfat sour cream, no yolks egg noodle substitute",215.9,unknown,15.0,18.0,13.0
lil  john s oven deep pit,"boneless beef chuck roast, soy sauce, salt, fresh ground black pepper, lawry's seasoned salt, garlic powder, onion powder, barbecue seasoning, old bay seasoning",953.5,unknown,80.0,5.0,109.0
lite  stuffed mushrooms,"mushrooms, 2% fat cottage cheese, jalapeno pepper, garlic cloves, cayenne pepper",37.2,dinner,3.0,5.0,1.0
mazing mushrooms,"mushrooms, garlic, fresh curly-leaf parsley, lemon, juice of, extra virgin olive oil, salt and pepper",168.9,dinner,0.0,5.0,26.0
my thai  chicken soup,"chicken stock, fresh ginger, garlic cloves, ground coriander, limes, juice and zest of, lemons, juice and zest of, boneless skinless chicken breast, portabella mushrooms, thai fish sauce, cherry tomatoes, birds eye chiles, baby spinach, fresh basil, lime wedges",209.9,unknown,54.0,30.0,6.0
neezy peazy lunch,"onion, olive oil, frozen peas and carrot, water, diced tomatoes, salt and pepper",195.5,unknown,17.0,17.0,7.0
nilla wafer martini,"amaretto, vanilla vodka",96.3,unknown,0.0,0.0,0.0
ohana breakfast bread,"warm water, egg yolk, butter, bread flour, salt, sugar, dry yeast, crushed pineapple, shredded coconut, cornstarch",527.5,breakfast,20.0,195.0,12.0
ohana cheesy scalloped potatoes  walt disney world,"potato, heavy cream, cheddar cheese, parmesan cheese, sweet onion, kosher salt, black pepper",336.4,unknown,22.0,5.0,38.0
old style  pancakes,"bisquick, eggs, beer",425.5,breakfast,44.0,38.0,24.0
panettone festive cake,"sultana, glace pineapple, mixed peel, rum, compressed yeast, sugar, water, eggs, egg yolks, flour, salt, fresh lemon rind, butter, oil, milk, egg, icing sugar",2282.1,unknown,93.0,286.0,104.0
po  wo man s cobbler,"sugar, flour, milk, butter, peaches",2729.7,dessert,32.0,1257.0,162.0
pretty freaking awesome  pulled pork  crock pot,"pork butt, onions, ginger ale, barbecue sauce, light brown sugar, sugar, paprika, salt, pepper, dry mustard, cayenne",685.3,unknown,83.0,127.0,55.0
sesame  noodles with peanut sauce,"garlic, natural-style peanut butter, soy sauce, sugar, hot chili oil, rice wine, spaghetti, green onions",472.5,lunch,56.0,60.0,18.0
shrooms and sausage dressing,"bread, bulk sausage, onion, canned mushrooms, condensed mushroom soup, eggs, chicken broth, salt and pepper",382.1,unknown,63.0,17.0,28.0
sin amon brown sugar oatmeal,"water, ground cinnamon, vanilla extract, splenda brown sugar blend, i can't believe it's not butter spread, rolled oats",178.3,breakfast,0.0,10.0,4.0
so simple  cauliflower mash,"cauliflower florets, ranch salad dressing, green onion, salt and pepper",83.4,unknown,5.0,14.0,8.0
spring in your step  smoothie  raw food,"papaya, pineapple, honeydew melon",165.5,unknown,0.0,122.0,0.0
sweet  broccoli salad,"broccoli, bacon, sharp cheddar cheese, red onion, vinegar, sugar, mayonnaise, miracle whip",510.2,unknown,31.0,87.0,56.0
taco  hot dogs,"hot chili sauce, hot chili peppers, hot dogs, hot dog buns, lettuce, cheddar cheese",302.6,lunch,48.0,18.0,27.0
things go better with coke  brisket,"beef brisket, oil, onion, celery, salt, garlic, paprika, ketchup, hot water, onion soup mix, spaghetti sauce mix, cola",200.7,dinner,27.0,29.0,20.0
tis the season coconut macaroons,"flaked coconut, sweetened condensed milk, vanilla extract, chocolate chips",1305.9,dessert,23.0,606.0,100.0
tomokra   stewed tomatoes and okra,"onion, fresh okra, diced tomatoes, tomato sauce, garlic, basil",47.6,unknown,6.0,17.0,0.0
winter  marinara,"whole tomatoes, extra virgin olive oil, garlic cloves, onion, dried basil, ground cinnamon, beef stock, salt, pepper",113.3,unknown,32.0,25.0,11.0
leftover   turkey biryani with red onion and cilantro,"sunflower oil, carrots, red onions, basmati rice, hot chicken stock, turkey, curry paste, cilantro",504.9,unknown,28.0,18.0,21.0
terribly impressive   chorizo puffs,"chorizo sausages, olive oil, water, butter, salt, plain flour, eggs",72.5,dinner,6.0,0.0,7.0
add adjective here  apple crisp,"rolled oats, flour, brown sugar, salt, cinnamon, butter, apples",162.6,dinner,4.0,63.0,8.0
almost  grandma alta s meatballs  aka my favorite meatball,"ground beef, breadcrumbs, water, eggs, onion, salt, pepper, chili sauce, whole berry cranberry sauce, brown sugar, lemon juice",465.3,unknown,32.0,124.0,29.0
almost  my grandma s rouladen   melissa d arabian,"bacon, round steaks, salt, fresh ground pepper, dijon mustard, yellow onions, dill pickle relish, vegetable oil, carrot, celery, garlic cloves, red wine, beef stock, diced tomatoes, kitchen twine",495.2,unknown,25.0,25.0,44.0
almost  no fat chocolate cake,"unsweetened cocoa, all-purpose flour, baking powder, baking soda, egg whites, dark brown sugar, plain fat-free yogurt, vanilla extract, powdered sugar",196.2,dessert,9.0,124.0,1.0
awesome   our family cranberry salad,"cranberries, pecans, sugar, lemon jell-o gelatin, celery, hot water, crushed pineapple",388.3,dessert,7.0,300.0,10.0
balalit  saweeya or seviyan  sweet vermicelli breakfast,"rice vermicelli, sugar, ground cardamom, rose water, olive oil, saffron, water",666.0,breakfast,9.0,199.0,11.0
best ever  thai chicken curry,"curry, onion, ginger, chili, garlic cloves, oil, ground coriander, ground cumin, ground turmeric, chicken breast fillets, chicken stock, tomato paste, coconut cream, fresh coriander",173.6,unknown,7.0,24.0,18.0
bread machine  2 lb  traditional white bread,"water, canola oil, salt, bread flour, sugar, active dry yeast",182.9,unknown,14.0,8.0,4.0
chive  goat cheese mashed potatoes,"baking potatoes, garlic cloves, sour cream, soft fresh goat cheese, butter, salt, pepper, fresh chives",269.3,dinner,15.0,7.0,25.0
chocolate  cherry pecan biscotti,"flour, sugar, baking powder, salt, eggs, rum extract, almond extract, pure vanilla extract, maraschino cherry juice, maraschino cherry, pecans, cocoa, chocolate chips",138.4,unknown,2.0,42.0,3.0
copycat  chi chi s cornbread,"jiffy corn muffin mix, egg, creamed corn, butter, sugar",262.4,unknown,18.0,81.0,13.0
copycat  kentucky fried chicken marinade,"potassium chloride, kosher salt, msg, garlic powder, chicken base, water",0.5,unknown,39.0,0.0,0.0
copycat  la madeline s tomato basil soup,"whole canned tomatoes, tomato juice, basil leaves, cream, sweet unsalted butter, salt, black pepper",305.0,unknown,32.0,38.0,42.0
crock pot  chicken chili,"vegetable oil, boneless skinless chicken thighs, onion, garlic cloves, ground coriander, ground cumin, dried chipotle powder, salt, pepper, white kidney beans, green chilies, all-purpose flour, cilantro, lime juice",403.1,unknown,28.0,28.0,21.0
different   irish soda bread,"beer, all-purpose flour, sugar, baking powder, caraway seed, salt, cracked pepper, raisins, butter, eggs",251.7,unknown,11.0,44.0,7.0
don t eat the  yellow snowman cookies,"lemon cake mix, vegetable oil, eggs, flaked coconut, decorative candies, miniature chocolate chip, candy sprinkles",141.9,lunch,6.0,43.0,10.0
fake  crab stroganoff,"wide egg noodles, butter, mushroom, cream of mushroom soup, milk, marsala wine, imitation crabmeat, frozen peas, sour cream, parsley, cayenne powder, salt and pepper",484.3,unknown,47.0,44.0,28.0
fooled ya   spaghetti sauce,"spaghetti sauce, carrot, frozen peas, wax bean",139.2,unknown,34.0,63.0,6.0
frozen  chicken in the crock pot,"whole chickens, chicken gravy mix, water, white wine, carrots, onion",657.9,unknown,21.0,13.0,66.0
herman starter  sweet rolls,"herman starter, all-purpose flour, baking powder, baking soda, salt, light brown sugar, vegetable oil, cinnamon, butter, pecans",258.0,unknown,8.0,106.0,18.0
hot chocolate  cocoa blocks,"heavy cream, sweetened condensed milk, semi-sweet chocolate chips, unsweetened baking chocolate, wooden stick",127.8,unknown,0.0,54.0,12.0
i wanna live with a  cinnamon  girl  honey,"cinnamon stick, honey",64.4,breakfast,0.0,69.0,0.0
iowa state fair  sweet dough caramel cinnamon rolls,"warm water, fleischmann's active dry yeast, dry milk, butter, sugar, salt, imitation vanilla, egg, bread flour, brown sugar, karo light corn syrup, heavy cream, pecans, ground cinnamon",907.0,unknown,22.0,212.0,67.0
jello  chocolate pudding pops,"chocolate milk, instant chocolate pudding mix, vanilla",142.3,dessert,13.0,71.0,4.0
leftover  chicken  spinach and yellow pepper rice,"olive oil, yellow pepper, medium-grain white rice, white wine, chicken stock, cooked chicken, baby spinach leaves, salt & freshly ground black pepper",485.8,unknown,17.0,18.0,14.0
leftover  rice pudding,"rice, milk, sugar, salt, nutmeg, vanilla, raisins, cinnamon",418.1,dinner,6.0,95.0,7.0
lighter  lamb moussaka,"eggplant, beef broth, onion, garlic cloves, ground lamb, reduced-fat feta cheese, fresh parsley, of fresh mint, margarine, flour, skim milk, reduced-sodium beef broth",162.2,dinner,5.0,13.0,13.0
make ahead  flaky sausage foldovers,"hot pork sausage, garlic powder, pizza sauce, refrigerated pie crusts, egg",138.8,unknown,7.0,4.0,12.0
modified  banana bread by paula deen,"butter, unsweetened applesauce, sugar, artificial sweetener, salt, eggs, vanilla extract, all-purpose flour, baking soda, baking powder, bananas",271.6,unknown,16.0,97.0,11.0
my favourite  green tomato pickles,"green tomatoes, onions, pickling salt, mustard seeds, allspice, celery seed, clove, dry mustard, peppercorn, lemon, red sweet peppers, brown sugar, white vinegar",37.3,unknown,37.0,30.0,0.0
my own lazy day recipe   chicken noodle soup,"boneless skinless chicken breasts, carrot, water, fat free chicken broth, cream of chicken soup, dry fettuccine",315.2,unknown,28.0,7.0,10.0
my way of   steamed cabbage,"head of cabbage, onion, fresh mushrooms, margarine, bacon grease, black pepper, beau monde seasoning, salt, seasoning salt, cayenne pepper, pam cooking spray",146.7,unknown,14.0,24.0,16.0
never fail  fish   chips,"fish, flour, oil, milk, butter, active dry yeast, sugar, bread flour, lemon juice, cornstarch, salt, pepper, cayenne, chili powder, celery salt, onion powder, garlic powder, potatoes",172.2,unknown,2.0,4.0,7.0
new  vanishing oatmeal raisin cookies,"butter, brown sugar, granulated sugar, eggs, vanilla, all-purpose flour, baking soda, ground cinnamon, salt, quick oats, raisins",193.2,dessert,5.0,58.0,12.0
no bake  lemon angel pie,"gingersnap cookie, butter, water, lemon jell-o gelatin, ice, lemons, juice of, lemon peel, cool whip topping",265.4,dessert,7.0,98.0,25.0
not  fried zucchini,"zucchini, balsamic vinegar, fresh rosemary, garlic cloves, salt, pepper, nonstick cooking spray",19.2,unknown,0.0,6.0,0.0
not  meatballs,"ground meat substitute, minced garlic cloves, milk, parmesan cheese, egg, basil, oregano, parsley, caraway seed, fennel seed, breadcrumbs, pine nuts",95.6,unknown,6.0,3.0,6.0
oven  chicken kiev,"boneless chicken breast halves, butter, seasoned bread crumbs, parmesan cheese, basil, oregano, white wine, green onion, dried parsley, swiss cheese",669.7,unknown,29.0,6.0,74.0
paki  garam masala,"black peppercorns, bay leaf, star anise, black cumin, cumin, green cardamoms, black cardamom pod, coriander, mace, fennel, ground red chili pepper, ground turmeric, cinnamon, clove",38.1,unknown,0.0,0.0,3.0
panera bread  black bean soup,"onion, garlic cloves, celery ribs, red bell pepper, chicken bouillon cubes, boiling water, black beans, salt, cumin, lemon, juice of, cornstarch",241.4,lunch,32.0,9.0,1.0
potatoes with garlic and cheese  pommes de terre a l ail,"bacon, olive oil, red potatoes, salt and black pepper, gruyere cheese, garlic, parsley, double cream",354.7,dinner,11.0,6.0,35.0
potatoes  pommes anna,"potatoes, butter, salt and black pepper",285.9,dinner,6.0,4.0,29.0
potatoes  pommes lyonnaise,"potatoes, onions, butter, pork fat, salt and pepper, parsley",253.0,dinner,2.0,11.0,20.0
raw  angel hair zucchini  pasta  with fresh pesto,"zucchini, green tomato, extra virgin olive oil, sea salt, fresh ground black pepper, pine nuts, basil leaves, fresh basil leaves, garlic",374.7,unknown,31.0,22.0,57.0
relatively  healthy cinnamon buns,"nonfat milk, vegetable oil, sugar, table salt, yeast, all-purpose flour, brown sugar, dark corn syrup, ground cinnamon, ground nutmeg, orange zest, raisins",166.4,breakfast,8.0,40.0,2.0
relatively  healthy oatmeal scones,"wheat flour, old fashioned oats, granulated sugar, baking powder, baking soda, salt, dried fruit, light butter, buttermilk, half-and-half, vanilla extract, sugar",153.8,breakfast,8.0,18.0,7.0
rhubarb  victoria sauce,"rhubarb, onion, seedless raisins, brown sugar, vinegar, salt, ground cinnamon, ground ginger, ground allspice",957.6,unknown,28.0,883.0,1.0
shrimp  cocktail sauce,"catsup, horseradish, lemon juice, worcestershire sauce, salt, pepper",163.9,unknown,92.0,150.0,0.0
spanish  corn,"corn, butter, tomatoes, green onion, fresh cilantro",348.5,unknown,5.0,33.0,22.0
spicy  pasta fagioli,"olive oil, garlic cloves, tomato sauce, water, chicken broth, diced tomatoes, italian seasoning, ditalini, carrots, cannellini beans, capicola, salt and pepper, parmesan cheese",216.2,unknown,21.0,18.0,3.0
super healthy  chewy granola bars,"rolled oats, whole wheat pastry flour, wheat germ, salt, cinnamon, nutmeg, ground flax seeds, oil, honey, vanilla extract, blackstrap molasses, sugar-free applesauce",223.8,breakfast,3.0,44.0,16.0
surprise   russian tea cakes,"butter, confectioners' sugar, all-purpose flour, vanilla, salt, nuts, vanilla caramels",101.4,dessert,2.0,13.0,9.0
t w a   spaghetti sauce,"extra virgin olive oil, onion, garlic cloves, tomato paste, water, diced tomatoes, bay leaves, hot pepper flakes, salt, ground black pepper, fresh parsley, fresh sweet basil leaves, fresh thyme, fresh oregano, sugar",71.7,unknown,22.0,28.0,3.0
t w a  meatballs for spaghetti,"ground chuck, fresh breadcrumb, garlic clove, onion, fresh parsley, sweet basil, salt, black pepper, water, parmesan cheese",161.1,unknown,17.0,3.0,14.0
the best  vegetarian vegan vegetable samosas,"all-purpose white flour, salt, unsalted butter, potatoes, vegetable oil, onion, frozen peas, fresh ginger, parsley, ground coriander, garam masala, ground roasted cumin seeds, lemon juice, oil, flour",1316.6,dinner,89.0,41.0,80.0
un refried beans,"dried pinto beans, olive oil, onions, chili powder, cumin, salt, cayenne powder, oregano, water, vegetable bouillon granules",266.1,unknown,17.0,12.0,5.0
un stuffed pork chops with mushroom sauce,"pork chops, oil, bread, butter, onion, green pepper, chicken broth, parsley, salt, poultry seasoning, fresh mushrooms, dry sherry, flour",555.0,dinner,42.0,17.0,43.0
very  simple fried rice,"vegetable oil, white rice, eggs, green onions, garlic cloves, soy sauce, salt, ground pepper, peas, carrot, corn kernel",445.5,unknown,32.0,5.0,11.0
real   spanish rice,"rice, water, beef bouillon, salt, chili powder, green bell pepper, onion, garlic cloves, chopped tomato, olive oil",373.5,unknown,25.0,7.0,1.0
rita s lasagna,"veggie crumbles, garlic clove, tomato paste, mushrooms, stewed tomatoes, onion, parsley flakes, basil, thyme, oregano, mild salsa, fat-free cottage cheese, mozzarella cheese, lasagna noodles, parmesan cheese",388.6,unknown,38.0,27.0,22.0
chewy english flapjack,"porridge oats, butter, golden syrup, sugar, chocolate chips, raisins, nuts",362.6,lunch,5.0,97.0,26.0
guaranteed 5 star banana cake,"butter, sugar, flour, bananas, duncan hines butter cake mix, eggs, water, canola oil, baking powder",366.9,dessert,14.0,47.0,24.0
copycat   costa vida green rice,"lime juice, garlic cloves, cilantro, green chilies, salt, onion, butter, rice, chicken broth",339.3,unknown,73.0,10.0,6.0
copycat   costa vida ranch salad dressing,"tomatillos, lime juice, cilantro, scallions, garlic cloves, salt, buttermilk, mayonnaise, sour cream, ranch dressing mix, cayenne pepper, jalapeno",81.2,unknown,6.0,9.0,9.0
hot kielbasa dip,"cream cheese, sour cream, milk, mayonnaise, worcestershire sauce, kielbasa, parmesan cheese, green onion",511.6,dinner,45.0,15.0,71.0
minestrone salad,"bow tie pasta, red kidney beans, pepperoni, italian plum tomatoes, green pepper, parsley, parmesan cheese, pepper, italian dressing",219.2,unknown,15.0,11.0,16.0
real   somali tea,"water, black tea bags, ginger, whole cloves, cardamom pods, cinnamon stick, nutmeg, milk",3.9,unknown,0.0,0.0,0.0
creamy chicken pot pie     pies   pot pies  easy   yummy,"unsalted butter, all-purpose flour, chicken broth, dried thyme, bay leaf, shallots, celery, carrot, fresh peas, fresh mushrooms, idaho potatoes, cooked chicken, heavy cream, frozen puff pastry, egg, water, sea salt & fresh black pepper, cornstarch",915.8,dinner,42.0,15.0,98.0
another  cajun seasoning,"paprika, dried oregano, salt, garlic powder, black pepper, cayenne",16.1,unknown,19.0,1.0,0.0
baked mozzarella sticks,"mozzarella string cheese, all-purpose flour, cornstarch, egg whites, water, breadcrumbs, dried oregano, salt, butter, marinara sauce",162.6,lunch,15.0,4.0,9.0
heavenly  fiber muffins,"hodgson mill multi-grain hot cereal, unbleached white flour, baking powder, baking soda, salt, sugar, carrot, apple, eggs, milk, vegetable oil, vanilla, nutmeg, cinnamon, ginger, nuts, raisins",140.3,breakfast,10.0,39.0,9.0
holiday punch   cheers,"cranberry juice cocktail, unsweetened pineapple juice, orange juice, lemon juice, almond extract, ginger ale, dark rum, maraschino cherries, rum, orange, cinnamon stick",170.4,dinner,0.0,86.0,0.0
low calorie  lemon chiffon pie,"cornstarch, unsweetened pineapple juice, honey, lemon juice, lemon rind, cool whip lite",136.9,dessert,0.0,81.0,5.0
no cook summer pasta,"basil, garlic cloves, balsamic vinegar, flat leaf parsley, lemon juice, extra virgin olive oil, tomatoes, fettuccine, romano cheese, pine nuts, butter",559.2,unknown,11.0,25.0,40.0
s w o c   pie cookies,"milk chocolate chips, shortening, raisins, almonds",105.8,dessert,0.0,36.0,9.0
spaghetti squares,"spaghetti, lean ground beef, jalapeno, red pepper, pasta sauce, romano cheese, margarine, eggs, ricotta cheese, mozzarella cheese, salt and pepper",521.2,unknown,29.0,42.0,34.0
the real  black tie mousse cake by olive garden,"cake mix, unflavored gelatin, cold water, boiling water, semi-sweet chocolate chips, cream cheese, heavy cream, granulated sugar, egg yolks, flour, vanilla extract, butter, white chocolate chips",1191.1,dinner,23.0,339.0,128.0
ultimate  dark chocolate oreo truffle,"oreo cookies, philadelphia cream cheese, baker's semi-sweet baking chocolate",172.3,dinner,5.0,35.0,18.0
disgustingly rich  brownies,"white sugar, eggs, cocoa powder, flour, salt, butter, vanilla extract, walnuts, soft cream cheese, icing sugar",391.8,unknown,8.0,186.0,27.0
tasty s    hidden mickey surprise snack,"bell pepper, ranch dressing, salt and pepper, honey mustard, balsamic vinegar",23.8,lunch,0.0,11.0,0.0
chicken cheddar crepes with  mushrooms,"chicken breast, chicken broth, shallot, sea salt, fresh black pepper, baby portabella mushrooms, garlic cloves, olive oil, butter, flour, instant minced garlic, sharp cheddar cheese, crepes",541.0,dinner,51.0,7.0,60.0
tasty dish s      not so hot  pumpkin pie steamer for 2,"milk, pumpkin pie spice, sugar, pure vanilla extract, cinnamon sticks, nutmeg",118.3,unknown,3.0,0.0,10.0
tasty dish s    heffalumps and woozles,"chocolate-covered peanuts, pretzel",817.6,lunch,65.0,124.0,42.0
tasty s    deluxe cinnamon toast,"mixed spice, vanilla powder, sugar, butter, bread",774.0,lunch,0.0,799.0,0.0
tasty s    the power of flower7 salad,"baby spinach leaves, green onions, bell peppers, black olives, chive blossoms, strawberries, green peas, mint leaf, vinaigrette",28.2,unknown,1.0,8.0,0.0
tasty   approved golden quesadillas,"cheese, flour tortilla",218.2,lunch,23.0,2.0,17.0
hawaiian sunrise           mimosa,"pineapple juice, grenadine, brut champagne",182.0,dinner,0.0,78.0,0.0
4 cheese baked ziti,"ziti pasta, alfredo sauce, sour cream, eggs, ricotta cheese, parmesan cheese, romano cheese, fresh parsley, part-skim mozzarella cheese",1124.9,unknown,48.0,27.0,81.0
baked potato   baked  microwaved or grilled,"baking potatoes, aluminum foil, butter, oil, shortening, margarine, sour cream, bacon, chives",118.3,unknown,0.0,4.0,0.0
light   berry loaf,"light cream cheese, sugar, egg whites, lemons, rind of, flour, baking soda, fat free sour cream, mixed berries",174.8,dessert,3.0,52.0,2.0
macaroni   cheese my way,"elbow macaroni, kraft macaroni and cheese, butter, seasoned bread crumbs, carnation evaporated milk, sharp cheddar cheese, colby cheese, monterey jack cheese, velveeta cheese, celery salt, onion powder, eggs, vegetable seasoning, salt and pepper",1311.8,unknown,90.0,40.0,126.0
spicy cheese dip,"cheddar cheese, salt, black pepper, garlic powder, jalapeno pepper, milk, paprika",384.9,unknown,62.0,4.0,47.0
tasty dish s   banana pudding in 2 minutes,"banana, plain yogurt, ground nutmeg, pure vanilla extract",72.9,breakfast,0.0,34.0,1.0
v s kicked up baked beans  slow cooker,"bacon, pinto beans, onion, barbecue sauce, ketchup, light brown sugar, pickapeppa sauce, honey",369.5,unknown,21.0,51.0,15.0
from stephanie s kitchen,"eggs, milk, fresh parsley, cheddar cheese, parmesan cheese, cooked bacon",97.5,breakfast,8.0,1.0,10.0
0 carb   0 cal gummy worms,"sugar-free jello, gelatin, boiling water",384.7,lunch,70.0,0.0,0.0
0 point ice cream  only 1 ingredient,"bananas, peanut butter, honey",304.1,dessert,3.0,121.0,13.0
0 point soup  crock pot,"spinach, carrots, celery ribs, onion, garlic clove, vegetable broth, tomatoes, bay leaves, basil, oregano, red pepper flakes",40.7,unknown,2.0,17.0,0.0
0 point soup   ww,"garlic cloves, onion, carrots, red bell pepper, zucchini, cabbage, swiss chard, broccoli, thyme, vegetable broth, parsley, salt, pepper, lemon juice",26.8,unknown,5.0,11.0,0.0
0 fat chunky watermelon salsa,"lime, watermelon, cucumber, green onion, cilantro, jalapenos, sugar, salt and pepper",57.7,dinner,0.0,39.0,0.0
007 cocktail,"carbonated lemon-lime beverage, orange juice, orange-infused vodka",90.9,unknown,0.0,20.0,0.0
1 2 3 banana split ice cream cake,"strawberry cake mix, pineapple sherbet, bananas, eggs",43.0,dessert,0.0,12.0,2.0
1 bowl 1 person mashed potatoes,"potato, butter, milk, salt, pepper",445.7,unknown,11.0,6.0,42.0
1 cup of coffee pork roast,"pork roast, vegetable oil, soy sauce, coffee, bay leaves, garlic clove, oregano, onions",331.2,dinner,33.0,7.0,16.0
1 dish pizza bake,"flour, sugar, salt, fast rising yeast, water, olive oil, italian sausage, green bell pepper, onion, garlic cloves, tomato sauce, italian seasoning, oregano, mozzarella cheese, pepperoni, parmesan cheese",451.6,unknown,59.0,19.0,43.0
1 hour cinnamon rolls,"water, oil, flour, fast rising yeast, sugar, salt, egg, butter, brown sugar, cinnamon, raisins, powdered sugar, corn syrup, vanilla, half-and-half cream",766.0,unknown,19.0,259.0,33.0
1 lb abm hawaiian sweet bread,"pineapple juice, egg, milk, butter, coconut extract, ground ginger, salt, sugar, bread flour, instant potato flakes, yeast",181.3,unknown,4.0,27.0,5.0
1 minute cake,"flour, sugar, baking powder, cocoa powder, salt, milk, vanilla extract, oil",183.0,dessert,10.0,68.0,7.0
1 minute chili cheese burritos,"fat-free refried beans, hot taco sauce, taco cheese, flour tortillas",129.4,lunch,16.0,3.0,3.0
1 minute meatballs,"sausage, oil",483.8,breakfast,57.0,0.0,66.0
1 minute stromboli,"tortilla, mozzarella cheese, pepperoni, provolone cheese, ham",408.1,lunch,39.0,6.0,31.0
1 minute  no bake  cereal bar,"raisin bran cereal, wheat germ, rolled oats, allspice, no-sugar-added peanut butter, brown sugar, honey, milk, vanilla",61.9,lunch,0.0,36.0,0.0
1 minute  no bake  chocolatey cereal bites,"shredded wheat cereal, instant oats, cocoa powder, brown sugar, honey, peanut butter, orange juice",73.7,unknown,0.0,29.0,2.0
1 minute  no bake  cocoa delicacy,"milk, sugar, butter, cocoa, oats, coconut, vanilla",90.0,dessert,0.0,32.0,4.0
1 pan fudge cake,"sugar, cocoa, baking soda, flour, salt, vanilla, vegetable oil, water, vinegar",369.6,lunch,15.0,120.0,26.0
1 point plus   hg s faux fried pickles,"all-bran cereal, panko breadcrumbs, ranch dressing mix, black pepper, cayenne pepper, dill pickle slices, liquid egg substitute, thousand island dressing",46.0,unknown,28.0,8.0,0.0
1 point plus   hg s veggied up veggie dip,"greek yogurt, fat-free mayonnaise, soup mix, frozen chopped spinach, water, instant minced onion",7.8,unknown,2.0,3.0,0.0
1 point plus   roasted asparagus with lemon and chives,"asparagus, olive oil, salt, pepper, lemon juice, chives",46.3,unknown,6.0,6.0,3.0
1 pot  4 item   sausage suprise,"kielbasa, onions, potatoes, baby carrots",462.3,unknown,44.0,25.0,47.0
1 potato 2 potato,"mashed potatoes, sour cream, cheddar cheese, garlic cloves, salt and black pepper, frozen potato wedges, bacon, green onions, parmesan cheese",173.9,unknown,15.0,9.0,15.0
1 pound gluten free lasagna,"lasagna noodles, ground beef, cottage cheese, mozzarella cheese, italian seasoning, garlic, marinara sauce, zucchini",533.4,unknown,37.0,28.0,39.0
1 spicy sweet honey chili,"ground beef, sweet onion, garlic clove, green bell pepper, jalapeno peppers, chili beans, diced tomatoes, chili powder, cumin, thyme, salt, accent seasoning, cinnamon, honey",624.6,unknown,27.0,77.0,36.0
1 turkey meatloaf  with sun dried tomatoes and feta,"plain breadcrumbs, fresh flat-leaf parsley, sun-dried tomato, garlic cloves, eggs, whole milk, feta, kosher salt, fresh ground black pepper, ground turkey",218.2,unknown,26.0,9.0,17.0
1 001 nights cake,"butter, eggs, sugar, vanilla extract, baking powder, flour, honey, slivered almonds, cinnamon",404.9,dessert,7.0,148.0,37.0
1 2 3 hors d oeuvres,"ground pork, sharp cheddar cheese, biscuit mix",271.4,unknown,18.0,12.0,24.0
1 2 3 4  tater tot casserole,"extra lean ground beef, cream of mushroom soup, cheddar cheese, frozen tater tots",535.4,unknown,39.0,2.0,44.0
1 2 3 4 5 chinese spareribs,"spareribs, cooking wine, sugar, vinegar, soy sauce, water",490.2,unknown,46.0,26.0,52.0
1 1 1 tempura batter,"egg, flour, water",526.5,unknown,3.0,2.0,9.0
1 1 2 ingredient fiber crust,"all-bran cereal, water",19.5,dinner,0.0,4.0,0.0
1 2 3 apple crisp,"apples, brown sugar, flour, oats, cinnamon, nutmeg, butter",488.2,dessert,4.0,236.0,20.0
1 2 3 balsamic chicken,"onion, fresh rosemary, garlic cloves, balsamic vinegar, red wine, salt and pepper, roasting chickens",572.3,unknown,7.0,16.0,59.0
1 2 3 biscuits,"salt, flour, baking powder, oil, milk",415.7,unknown,36.0,0.0,31.0
1 2 3 black bean salsa dip,"black beans, green chilies, thick & chunky salsa, cumin",87.5,lunch,10.0,9.0,0.0
1 2 3 bread,"beer, sugar, self rising flour",1578.1,unknown,199.0,104.0,5.0
1 2 3 chicken supper,"olive oil, boneless skinless chicken breast half, frozen green beans, frozen mixed vegetables, hot pepper sauce",415.6,lunch,6.0,5.0,34.0
1 2 3 chicken vegetable rice,"dijon mustard, liquid honey, lemon juice, garlic, hot pepper sauce, chicken stock, frozen mixed vegetables, cooked chicken breasts, instant rice, green onion",533.8,unknown,20.0,61.0,13.0
1 2 3 enchiladas,"chili without beans, corn tortillas, diced onion, ground turkey, cheddar cheese, tomato sauce",195.9,unknown,14.0,5.0,14.0
1 2 3 granola,"rolled oats, wheat germ, sunflower seeds, walnuts, honey, oil, vanilla extract",355.0,breakfast,0.0,95.0,25.0
1 2 3 ground turkey mexican rice,"mexican rice, black beans, mexicorn, lean ground turkey",214.9,unknown,8.0,0.0,9.0
1 2 3 hash browns pie   k,"frozen hash brown potatoes, mozzarella cheese, mushrooms, frozen broccoli florets, eggs, milk, dried thyme, onion powder, pepper",192.0,breakfast,8.0,7.0,13.0
1 2 3 healthy soup,"soybeans, chicken stock, broccoli, red potatoes, green cabbage, salt and pepper",637.0,unknown,32.0,92.0,22.0
1 2 3 hot chocolate,"milk, jell-o chocolate pudding and pie filling, cool whip",211.0,unknown,7.0,24.0,14.0
1 2 3 jambalaya,"onion, green bell pepper, smoked sausage, olive oil, cooked chicken, long-grain rice, french onion soup, chicken broth, beef broth, creole seasoning, hot sauce, fresh cilantro",536.5,unknown,71.0,11.0,32.0
1 2 3 peach cobbler,"cinnamon, vanilla extract, cornstarch, peach nectar, pineapple juice, peaches, margarine, nonstick cooking spray, pancake mix, all-purpose flour, sugar, evaporated skim milk, nutmeg, brown sugar",225.0,dessert,2.0,128.0,1.0
1 2 3 peanut butter cookies,"natural-style peanut butter, sugar substitute, ground flax seeds",367.5,lunch,0.0,106.0,34.0
1 2 3 rice and chili burritos,"chili with beans, instant rice, water, cheese, salsa, tortillas",302.8,unknown,30.0,7.0,14.0
1 2 3 steak on noodles,"flank steaks, oil, salt and pepper, onion, green bell pepper, 7-up soda, tomato soup, cooked noodles",271.0,unknown,13.0,25.0,21.0
1 2 3 4 bars,"butter, sugar, flour, eggs, vanilla, almond extract, baking powder, salt, pie filling, confectioners' sugar, milk",217.6,dessert,7.0,83.0,13.0
1 2 3 4 cake,"butter, sugar, self-rising flour, eggs, milk, pure vanilla extract",413.1,dessert,23.0,133.0,27.0
1 2 3 4 cake  orange,"butter, sugar, eggs, all-purpose flour, cream of tartar, baking soda, vanilla, orange juice, raisins",270.4,dessert,5.0,101.0,16.0
1 2 3 4 cake with caramel icing,"all-purpose flour, baking powder, unsalted butter, granulated sugar, eggs, milk, vanilla, dark brown sugar, confectioners' sugar",635.4,dessert,5.0,283.0,39.0
1 2 3 4 coconut cake,"margarine, sugar, self-rising flour, eggs, vanilla extract, coconut milk, milk, water, egg whites, coconut extract, frozen coconut",449.3,dessert,19.0,228.0,22.0
1 bowl fudgy brownies,"unsweetened chocolate, butter, granulated sugar, eggs, vanilla, all-purpose flour, nuts, chocolate chips",171.8,dessert,3.0,43.0,17.0
1 dish caramel pecan coffee cake  round,"cooking spray, all-purpose flour, fast rising yeast, sugar, salt, water, butter, cinnamon, karo light corn syrup, brown sugar, pecans",330.2,breakfast,8.0,89.0,17.0
1 dish hot fudge swirl cake,"flour, fast rise yeast, sugar, salt, water, butter, hot fudge, powdered sugar, milk",336.2,dessert,12.0,122.0,10.0
1 dish italian 5 cheese pizza bake,"cooking spray, all-purpose flour, fast rising yeast, sugar, salt, water, olive oil, pizza sauce, fresh mozzarella cheese, five cheese blend, italian herb seasoning",257.0,unknown,17.0,14.0,14.0
1 gram fat chocolate banana freezer pops,"low-fat milk, sugar-free instant vanilla pudding mix, bananas, sugar-free instant chocolate pudding mix, popsicle molds",34.4,dessert,0.0,17.0,0.0
1 gram fat pumpkin spice muffins  low fat,"wheat flour, brown sugar, baking powder, baking soda, salt, nutmeg, cinnamon, cloves, eggs, pumpkin puree, unsweetened applesauce, plain fat-free yogurt, raisins",163.8,unknown,7.0,89.0,2.0
1 hour  smoky ham and lentil soup,"dry lentils, smoked ham, water, ham soup base, celery, onion, carrot, cider vinegar, worcestershire sauce, oregano flakes, salt, ground black pepper, tabasco sauce, liquid smoke",172.3,unknown,19.0,7.0,3.0
1 hour ham and bean soup,"vegetable oil, carrot, celery, onion, ham, garlic, ham stock, great northern beans, tomato sauce, pepper",401.7,lunch,48.0,16.0,18.0
1 ingredient ice cream,"bananas, nuts",121.0,dessert,0.0,66.0,0.0
1 minute apple tortilla,"whole wheat tortillas, cheese slice, apples",122.3,lunch,11.0,22.0,10.0
1 minute blueberries   cream,"frozen blueberries, low fat cottage cheese, vanilla extract, cinnamon",131.3,breakfast,12.0,61.0,2.0
1 minute breakfast sandwich,"egg, milk, salt, pepper, cooking spray, english muffin, cheese, bacon, tomatoes, basil, avocado, red pepper flakes",398.7,breakfast,34.0,8.0,31.0
1 pot curried rotini with currants  peas and red peppers,"tri-color spiral pasta, vegetable broth, light coconut milk, sugar, ground coriander, garlic powder, ground cumin, chili powder, ground ginger, curry powder, green peas, currants, red pepper",279.2,unknown,0.0,43.0,1.0
1 5 quart crock pot rice pudding,"sushi rice, 1% low-fat milk, raisins, vanilla extract",347.9,dessert,6.0,97.0,5.0
1 5 quart crock pot risotto,"arborio rice, chicken stock, onion",249.6,unknown,10.0,13.0,3.0
1 2 cup soup,"olive oil, onion, chicken broth, fresh parsley, hot pepper flakes, carrot, mushroom, green beans, garbanzo beans, cooked rice, cooked chicken, celery, zucchini, green peas, salt and pepper",313.8,unknown,49.0,22.0,20.0
1 2 hour raisin pudding,"flour, sugar, raisins, baking powder, milk, salt, brown sugar, butter, boiling water, nutmeg",550.2,dessert,11.0,347.0,11.0
1 2 way brownies,"margarine, shortening, sugar, chocolate chips, egg, vanilla, flour, unsweetened cocoa powder, baking powder",91.4,dessert,1.0,40.0,5.0
1 3  pound squeeze burger,"ground beef, lawry's seasoned salt, mild cheddar cheese, ice cube, sourdough hamburger buns, dill pickle, red onion, yellow onion, tomatoes, lettuce leaf",975.7,unknown,43.0,21.0,112.0
10 bean soup,"10 bean soup mix, fat-free low-sodium chicken broth, vegetable broth, water, diced tomatoes, canola oil, salt, pepper, onion, carrots, celery ribs, garlic cloves, frozen green beans, frozen corn",63.1,unknown,11.0,10.0,3.0
10 calorie chocolate miracle noodle cookies,"shirataki noodles, egg whites, dutch-processed cocoa powder, baking powder, honey, salt",19.1,dessert,3.0,8.0,0.0
10 carb mocha,"brewed coffee, half-and-half, nesquik no-sugar-added chocolate powder",41.4,unknown,0.0,0.0,5.0
10 clove stove top roast,"roast, fresh ground pepper, extra virgin olive oil, bay leaf, garlic cloves, sea salt",649.2,dinner,5.0,0.0,78.0
10 grain bread,"grain cereal, water, eggs, oil, ice cubes, instant yeast, brown sugar, salt, gluten flour, whole wheat flour, flax seed",951.8,lunch,75.0,70.0,31.0
10 grain muffins,"egg, sugar, butter, unbleached white flour, salt, baking powder, baking soda, multi-grain hot cereal, buttermilk",131.9,unknown,16.0,38.0,9.0
10 grain sorta healthy cookies,"ten-grain pancake mix, sugar, crisp rice cereal, butter, egg, maple extract",115.6,dessert,3.0,35.0,12.0
10 layer meat veggie and potato dish,"lean ground chuck, potatoes, onion, salt, black pepper, corn, peas, water, low-sodium cream of mushroom soup",244.4,unknown,12.0,32.0,2.0
10 layer salad,"head iceberg lettuce, frozen peas, red onion, cauliflower, celery, green pepper, mayonnaise, parmesan cheese, italian seasoning, cooked bacon",229.3,dinner,23.0,20.0,24.0
10 lb  lasagna,"italian sausage, mozzarella cheese, ricotta cheese, cream cheese, parmesan cheese, lasagna noodle, diced tomatoes, tomato sauce, olive oil, garlic cloves, diced onion, onion, italian seasoning, basil, sugar, wine",737.4,unknown,90.0,28.0,84.0
10 min cheesy gnocchi with seafood sauce,"low fat cottage cheese, egg yolk, parmesan cheese, plain flour, shallots, prawns, seafood cocktail sauce, low-fat sour cream",346.7,unknown,43.0,19.0,12.0
10 min japanese simmered tofu hot pot,"soft silken tofu, dried fish flakes, soy sauce, sugar, sake, water, egg, green onion",166.3,unknown,43.0,35.0,10.0
10 minute  fat free  veggie soup for one,"water, vegetable bouillon cubes, carrot, celery, white onion, cabbage",56.2,unknown,5.0,26.0,0.0
10 minute   quick and easy chocolate brownie pudding cake,"sugar, flour, cocoa, salt, baking powder, eggs, butter, vanilla, boiling water",467.4,dessert,14.0,238.0,16.0
10 minute applesauce   alton brown,"golden delicious apples, fuji apples, apple juice, cognac, butter, honey, ground cinnamon",270.1,dessert,2.0,189.0,9.0
10 minute blueberry layer cake,"sponge cakes, french vanilla yogurt, fresh blueberries, sherry wine",949.8,dinner,29.0,527.0,14.0
10 minute cheesy mexican rice,"condensed chicken broth, salsa, minute rice, velveeta cheese",308.5,unknown,55.0,18.0,11.0
10 minute chocolate self saucing pudding,"butter, self-raising flour, sugar, cocoa, salt, milk, vanilla essence, brown sugar, desiccated coconut, boiling water, paper",458.6,dessert,31.0,260.0,12.0
10 minute cream of mushroom soup,"mushrooms, water, butter, onion, all-purpose flour, seasoning salt, evaporated milk",222.5,lunch,5.0,9.0,19.0
10 minute creamed spinach,"cream of spinach soup mix, milk, frozen chopped spinach, nutmeg, pepper",86.5,unknown,5.0,5.0,5.0
10 minute delicious cherry delight,"vanilla wafers, cool whip, jello instant vanilla pudding mix, cherry pie filling",527.9,dessert,19.0,126.0,28.0
10 minute french bread,"bread flour, fast rise yeast, sugar, kosher salt, olive oil, hot water",170.3,unknown,13.0,6.0,2.0
10 minute german chocolate pie,"german sweet chocolate, milk, sugar, cream cheese, cool whip, graham cracker crust",2921.2,dessert,72.0,910.0,289.0
10 minute lasagna,"pasta sauce, frozen cheese ravioli, frozen chopped spinach, mozzarella cheese, parmesan cheese",254.9,unknown,41.0,47.0,21.0
10 minute low fat potato salad,"potatoes, plain fat-free yogurt, salad dressing, dijon mustard, spicy mustard, pickle, green olives",275.5,unknown,23.0,25.0,4.0
10 minute mushroom spaghetti sauce,"oil, onion, parsley, salt, worcestershire sauce, garlic, mushroom, tomatoes, pepper",155.3,unknown,12.0,14.0,21.0
10 minute paella,"oil, small shrimp, garlic cloves, minute rice, cornstarch, chicken broth, diced tomatoes, pepperoni, frozen green pea, tabasco sauce",303.1,unknown,23.0,20.0,13.0
10 minute pizza snacks,"crescent roll dough, cream cheese, italian seasoning, pepperoni, cheddar cheese",181.8,lunch,13.0,4.0,17.0
10 minute rocky road,"chocolate candy bars, gummy worms, marshmallows",111.5,dessert,0.0,42.0,9.0
10 minute smothered chicken,"boneless skinless chicken breast halves, garlic powder, salt, vegetable oil, sliced mushrooms, mexican blend cheese, green onion, bacon bits",296.3,unknown,43.0,10.0,22.0
10 minute sponge pudding,"self raising flour, unsalted butter, sugar, milk, eggs, vanilla essence, lemon zest, golden syrup",477.9,dessert,2.0,118.0,35.0
10 minute szechuan chicken,"corn oil, sesame oil, boneless skinless chicken breasts, cornstarch, garlic cloves, soy sauce, rice wine vinegar, red bell pepper, carrot, zucchini, chicken broth, light brown sugar, scallion, cooked rice",182.5,unknown,47.0,27.0,9.0
10 minute tomato sauce from america s test kitchen,"onion, butter, dried oregano, salt, garlic cloves, crushed tomatoes, sugar, olive oil, fresh basil",152.0,unknown,25.0,2.0,14.0
10 minute tvp tacos,"textured vegetable protein, water, soy sauce, olive oil, taco seasoning, red pepper, salsa, flour tortillas",38.1,unknown,21.0,5.0,4.0
10 minute tvp tacos  modified   hot single guy version,"water, textured vegetable protein, beef bouillon concentrate, nutritional yeast flakes, diced onion, taco seasoning, cayenne, olive oil, red pepper, onions, taco sauce, cheddar cheese, cherry tomatoes, tortillas, chili powder, cumin, paprika",340.8,lunch,27.0,19.0,21.0
10 out of 10 chicken breast,"butter, bottled garlic, parmesan cheese, corn flakes, dry ranch dressing mix, chicken breast halves",358.5,unknown,20.0,2.0,38.0
10 second mango yogurt smoothie,"mango nectar, plain yogurt",112.1,dinner,3.0,34.0,9.0
10  bars,"crunchy peanut butter, butter, graham crackers, powdered sugar, chocolate chips",262.1,dessert,6.0,72.0,28.0
10  minute mustard dip,"ranch dressing mix, sugar, dried onion, garlic powder, prepared horseradish, prepared yellow mustard, sour cream, mayonnaise",365.3,unknown,39.0,157.0,29.0
10 10 10 bread,"warm water, sugar, yeast, oil, salt, flour, spices",207.1,lunch,12.0,2.0,6.0
10 bean soup,"beans, onion, red bell pepper, green bell pepper, celery, basil, carrots, tomatoes, garlic, black pepper, smoked turkey, ham hock, chicken stock",228.0,unknown,47.0,38.0,10.0
10 grain orange bread,"water, whole grain breakfast cereal, active dry yeast, salt, oil, eggs, orange rind, unbleached all-purpose flour",170.0,lunch,14.0,0.0,5.0
10 layer poor man s lasagna casserole,"hamburger, salt and pepper, oregano, italian seasoning, onion, garlic, green giant sliced mushrooms, ragu parmesan and romano spaghetti sauce, cream cheese, sour cream, beef bouillon granules, macaroni noodles, four-cheese mexican blend cheese",541.3,unknown,21.0,20.0,51.0
10 minute baked halibut with garlic butter sauce,"olive oil, old bay seasoning, halibut fillets, unsalted butter, garlic cloves, fresh lemon juice, lemon zest, herbs",344.6,unknown,3.0,0.0,40.0
10 minute baked ziti,"ragu tomato sauce, water, ricotta cheese, parmesan cheese, mozzarella cheese, ziti pasta, italian seasoning, garlic powder",440.1,unknown,42.0,26.0,30.0
10 minute buffalo shrimp with blue cheese dip,"low-fat sour cream, low-fat mayonnaise, low-fat milk, blue cheese, lemon juice, salt, all-purpose flour, cayenne pepper, large shrimp, olive oil, unsalted butter, hot pepper sauce, parsley",354.1,unknown,78.0,4.0,30.0
10 minute calzones,"pizza dough, pepperoni, ricotta cheese, mozzarella cheese, olive oil, pasta sauce, parmesan cheese",530.3,lunch,63.0,43.0,62.0
10 minute lime pie,"sweetened condensed milk, heavy cream, lime juice, lime zest, ritz crackers",537.2,dessert,13.0,181.0,45.0
10 minute marinara sauce,"olive oil, onion, garlic, crushed tomatoes, diced tomatoes, italian seasoning, salt, sugar, fresh ground pepper",89.1,unknown,24.0,36.0,4.0
10 minute pork lo mein,"vegetable oil, pork tenderloin, pork-flavored ramen noodles, water, red bell pepper, broccoli floret, green onions, fresh parsley, soy sauce",154.2,unknown,12.0,6.0,10.0
10 minute shrimp pad thai,"thai rice noodles, crunchy peanut butter, sambal oelek chili paste, lime, zest of, fish sauce, dark brown sugar, vegetable oil, shrimp, cherry tomatoes, bean sprouts, cilantro, roasted peanuts, lime slice",508.4,unknown,94.0,31.0,29.0
10 minute tuscan tomato soup with parmesan toasts,"marinara sauce, cannellini beans, roasted red peppers, extra virgin olive oil, garlic clove, chicken broth, fresh basil, fresh ground pepper, french bread, parmesan cheese",960.8,unknown,132.0,71.0,30.0
10 minute valentines candies,"white chocolate, red food coloring, crisco shortening",11.3,dessert,0.0,0.0,1.0
100   whole wheat,"water, wheat bread flour, dry milk, salt, butter, honey, gluten, molasses, fast rise yeast",336.5,unknown,104.0,130.0,30.0
100   whole wheat bread,"milk, light brown sugar, salt, butter, warm water, active dry yeast, whole wheat flour, white flour",227.2,unknown,16.0,11.0,9.0
100 calorie cinnamon pancakes,"whole wheat flour, baking soda, splenda granular, skim milk, egg beaters egg substitute, vanilla extract, cinnamon",85.3,breakfast,7.0,1.0,0.0
100 calorie cinnamon raisin oatmeal for one   microwave,"rolled oats, water, raisins, cinnamon",154.7,breakfast,0.0,31.0,3.0
100 calorie coffee,"brewed coffee, 1% low-fat milk, sugar, vanilla extract",80.4,dinner,2.0,51.0,1.0
100 calorie fruit cupcakes,"egg beaters egg substitute, brown sugar, applesauce, vanilla, peaches, banana, unbleached flour, baking powder, baking soda",87.1,dessert,5.0,40.0,0.0
100 calorie no bake whey protein bar cookies,"raw sugar, skim milk, butter, molasses, vanilla protein powder, creamy peanut butter, quick oats",87.0,dessert,1.0,26.0,4.0
100 good cookies,"white sugar, brown sugar, margarine, cooking oil, egg, salt, baking soda, vanilla, cream of tartar, rice krispies, coconut, quick oatmeal, flour",1954.8,dessert,58.0,423.0,180.0
100 year old  new zealand lamb dish    i have used deer  w this,"boneless leg of lamb, vinegar, garlic clove, of fresh mint, sugar, white wine",436.6,unknown,3.0,51.0,39.0
100 year old pancakes,"egg whites, egg yolks, butter, buttermilk, flour, sugar, salt, baking powder, baking soda",117.4,breakfast,13.0,12.0,6.0
100 year old pie crust,"flour, shortening, vinegar, milk, salt",1515.2,dessert,4.0,1.0,163.0
100 year old souffle,"butter, flour, milk, eggs, salt, sharp cheddar cheese",203.8,breakfast,16.0,1.0,24.0
100 year old old fashioned cream pie,"eggs, sugar, flour, salt, evaporated milk, brown sugar, vanilla, unbaked pie shells",392.1,dessert,9.0,179.0,20.0
100 year old pie crust  pastry dough,"all-purpose flour, vegetable shortening, white sugar, salt, egg, cold water",1302.8,dessert,49.0,39.0,141.0
100  authentic vietnamese dipping sauce  nuoc cham,"garlic, limes, juice of, white vinegar, fish sauce, white sugar, chili-garlic sauce, cold water",235.3,unknown,109.0,207.0,0.0
100  healthy   lucious spice cake  low calorie,"canned corn, apple juice, egg, egg whites, instant oats, banana, walnuts, baking powder, ground cinnamon, ground nutmeg, cinnamon, vanilla sugar",713.9,dessert,31.0,109.0,22.0
100  honey whole wheat cracked wheat bread,"warm water, fast-rising active dry yeast, milk, honey, oil, salt, eggs, stone ground whole wheat flour, cracked wheat",423.0,unknown,68.0,124.0,38.0
100  parmesan chicken,"boneless skinless chicken breasts, butter, parmesan cheese, dry breadcrumbs, dried oregano, parsley flakes, paprika, salt, pepper",218.6,unknown,15.0,1.0,12.0
100  raw thai salad,"lebanese cucumbers, bean sprouts, snow pea sprouts, snow peas, mung bean sprouts, cherry tomatoes, yellow bell pepper, raw cashews, fresh cilantro, of fresh mint, limes, juice of, olive oil, sesame oil, shoyu",219.9,unknown,5.0,33.0,20.0
100  semolina bread,"active dry yeast, warm water, sugar, semolina, extra virgin olive oil, salt",277.7,unknown,17.0,10.0,5.0
100  spelt bread  bread machine,"almond milk, olive oil, brown sugar, salt, spelt flour, bread machine yeast",15.0,unknown,9.0,2.0,2.0
100  whole grain bread with biga soaker,"whole wheat flour, water, instant yeast, table salt, oil, honey",93.5,unknown,6.0,9.0,2.0
100  whole grain pizza dough,"honey, active dry yeast, warm water, salt, whole wheat flour, buckwheat flour, soy flour, gluten",74.9,unknown,12.0,6.0,1.0
100  whole grain wheat bread,"hot water, olive oil, honey, molasses, salt, whole grain wheat flour, dry active yeast",176.4,unknown,12.0,19.0,6.0
100  whole wheat blueberry muffins,"whole wheat flour, baking soda, buttermilk, egg whites, vegetable oil, honey, blueberries",184.5,breakfast,5.0,56.0,10.0
100  whole wheat bread,"water, dry active yeast, sugar, milk, shortening, molasses, salt, whole wheat flour",1445.4,unknown,104.0,207.0,62.0
100  whole wheat bread  abm,"buttermilk, eggs, whole wheat flour, salt, gluten, margarine, honey, dry active yeast",2154.8,unknown,112.0,333.0,86.0
100  whole wheat bread  bread machine,"water, powdered milk, margarine, honey, molasses, salt, whole wheat flour, yeast",158.8,unknown,13.0,21.0,4.0
100  whole wheat bread  non dense heavy  white bread texture,"fast rising yeast, warm water, whole wheat flour, dry milk, vital wheat gluten, salt, sugar, oil",196.8,unknown,18.0,23.0,8.0
100  whole wheat bread for bread machine,"egg, water, sugar, vegetable oil, whole wheat flour, white whole wheat flour, wheat germ, oat bran, vital wheat gluten, salt, yeast",125.2,unknown,10.0,13.0,5.0
100  whole wheat bread  plain and simple  no knead,"whole wheat flour, yeast, kosher salt, vital wheat gluten, warm water",121.4,unknown,12.0,0.0,1.0
100  whole wheat bread low fat and good,"water, yeast, egg, salt, honey, applesauce, whole wheat flour",1132.4,unknown,50.0,128.0,14.0
100  whole wheat burger hot dog buns,"water, canola oil, egg, whole wheat flour, vital wheat gluten, honey, salt, instant yeast",242.7,unknown,12.0,35.0,8.0
100  whole wheat buttermilk pancakes,"whole wheat flour, egg whites, low-fat buttermilk, granulated sugar, baking powder, baking soda, canola oil, salt, flax seed meal",266.8,breakfast,19.0,52.0,18.0
100  whole wheat graham crackers or pie crust,"whole wheat flour, turbinado sugar, baking powder, baking soda, salt, cinnamon, honey, water, vanilla, butter",33.4,dessert,2.0,4.0,2.0
100  whole wheat irish soda bread,"whole wheat flour, baking powder, baking soda, salt, butter, raisins, egg, low-fat buttermilk, molasses",1444.4,unknown,117.0,282.0,51.0
100  whole wheat low fat pancakes,"whole wheat flour, low-fat milk, baking soda, baking powder, sugar, vanilla, egg, canola oil, fruit",107.5,breakfast,6.0,13.0,3.0
100  whole wheat muffins,"whole wheat flour, peanut butter, salt, baking powder, eggs, milk, brown sugar, butter",186.8,unknown,11.0,17.0,14.0
100  whole wheat pizza dough and pizza tips,"whole wheat flour, honey, salt, instant yeast, water, olive oil",182.8,unknown,13.0,9.0,5.0
100  whole wheat rolls,"yeast, water, honey, olive oil, eggs, salt, whole wheat flour",190.7,dinner,8.0,11.0,11.0
100  whole wheat sour cream biscuits,"whole wheat flour, gluten, baking powder, baking soda, kosher salt, butter, milk, sour cream",155.0,breakfast,11.0,0.0,12.0
100  whole wheat wholesome muffin mix,"whole wheat flour, oatmeal, powdered milk, sugar, salt, baking powder, powdered eggs, fruit, oil, water, vanilla, raisins, egg, cinnamon, cocoa powder, molasses",190.1,breakfast,7.0,84.0,6.0
100  whole wheat zucchini bread,"sugar, vegetable oil, eggs, zucchini, vanilla, whole wheat flour, baking soda, salt, cinnamon, baking powder, nuts",2528.2,unknown,91.0,632.0,213.0
100  whole wheat  multipurpose dough   pizza  buns  bread,"whole wheat flour, water, table salt, instant yeast, cooking oil, honey",196.7,unknown,15.0,22.0,5.0
100  yummy banana bread,"bananas, sugar, egg, butter, all-purpose flour, baking soda, vanilla, nuts",560.8,unknown,19.0,197.0,32.0
100 000 calorie bars,"chocolate cake mix, butter, evaporated milk, chocolate chips, nuts, caramels",200.5,dessert,8.0,69.0,16.0
100 stroke banana bread,"bananas, sugar, canola oil, egg, flour, salt, baking soda, walnuts, raisins",270.9,unknown,15.0,98.0,15.0
1000 island vegetable dip,"thousand island dressing, cream cheese",203.8,unknown,13.0,17.0,30.0
1000 island style salad dressing,"mayonnaise, chili sauce, sweet pickle relish, onion powder",766.0,dinner,70.0,68.0,92.0
101 super cookies,"rice krispies, rolled oats, flaked coconut, chocolate chips, white sugar, brown sugar, margarine, egg, oil, vanilla, flour, baking soda, cream of tartar",131.1,dessert,2.0,31.0,11.0
108 mile spinach bacon salad,"baby spinach, mushrooms, bacon, hardboiled egg, unsalted sunflower seeds, plain yogurt, buttermilk, fresh lemon juice, garlic, sugar, white pepper",764.3,dinner,45.0,24.0,103.0
11 layer salad,"lettuce, bacon, red onion, frozen peas, green pepper, cauliflower, fresh broccoli, fresh mushrooms, cherry tomatoes, italian seasoning, mayonnaise, sugar",957.6,lunch,64.0,136.0,113.0
11 secret herbs and spices  kfc copycat,"paprika, onion salt, celery salt, rubbed sage, garlic powder, ground allspice, ground oregano, chili powder, black pepper, basil leaves, marjoram leaves",228.0,unknown,7.0,21.0,12.0
110 in the shade,"vodka, fresh jalapeno, beer, ice",239.6,unknown,0.0,0.0,0.0
11th hour spinach caesar salad,"bacon, miracle whip light, low-fat mayonnaise, anchovy fillets, garlic cloves, worcestershire sauce, dijon mustard, lemon juice, parmesan cheese, extra virgin olive oil, fresh mushrooms, oil, french bread, olive oil, baby spinach",663.0,unknown,53.0,13.0,73.0
12 cheese stuffed shells,"jumbo pasta shells, ricotta cheese, italian cheese blend, mexican blend cheese, parmesan-romano cheese mix, eggs, parsley flakes, dried italian seasoning, salt, ground pepper, spaghetti sauce, ground beef, mozzarella cheese",612.7,dinner,56.0,38.0,50.0
12 grain bread  bread machine,"water, oil, brown sugar, salt, white flour, whole wheat flour, bread machine yeast",123.3,unknown,12.0,4.0,2.0
12 minute corn chowder,"water, potatoes, onion, cream-style corn, whole corn, evaporated milk, butter, salt and pepper",449.5,unknown,20.0,31.0,23.0
12 minute pasta,"orecchiette, extra virgin olive oil, italian seasoned breadcrumbs, prosciutto, kosher salt, black pepper, parmesan cheese, flat leaf parsley",885.2,unknown,18.0,12.0,69.0
12 hour tomatoes,"tomatoes, salt, fresh ground black pepper, olive oil, cumin seeds",267.5,unknown,1.0,51.0,31.0
1200 watt microwave peanut brittle,"white sugar, molasses, corn syrup, salted peanuts, vanilla, butter, baking soda",224.2,dessert,11.0,60.0,20.0
123 baked kibbee,"lean ground beef, bulgar wheat, onion, salt, cinnamon, plain yogurt",202.0,unknown,18.0,3.0,15.0
123 cake,"oil, yellow cake mix, instant vanilla pudding, water, apple pie filling, egg",502.9,dessert,25.0,181.0,33.0
123 chicken,"boneless skinless chicken breasts, potatoes, carrots, italian dressing",224.3,unknown,4.0,8.0,2.0
123 chocolate pinwheel pudding,"cinnamon rolls, chocolate milk, eggs",363.7,dessert,14.0,124.0,25.0
1234 cake,"butter, white sugar, flour, baking powder, salt, eggs, milk, vanilla",501.0,dessert,16.0,161.0,33.0
13 bean crock pot soup,"soup mix, water, ham, leeks, garlic cloves, carrots, celery, basil, thyme, worcestershire sauce, salt, pepper",69.1,unknown,35.0,11.0,2.0
13 crackers meatloaf,"egg, chili sauce, milk, worcestershire sauce, onions, bell peppers, ground beef, salt and pepper, garlic powder, saltine crackers",344.7,unknown,21.0,11.0,31.0
13 minute beef tenderloin with horseradish sauce,"beef tenderloin, garlic cloves, salt and pepper, unsalted butter, worcestershire sauce, limes, juice of, sour cream, prepared horseradish, aluminum foil",561.4,dinner,7.0,5.0,65.0
14 carrot cake,"flour, baking powder, baking soda, salt, cinnamon, sugar, oil, eggs, carrots, pineapple, walnuts, cream cheese, powdered sugar, margarine",484.7,dessert,17.0,146.0,47.0
14 day coleslaw,"white vinegar, water, sugar, celery seed, mustard seeds, salt, turmeric, cabbage, carrots, onion",1185.8,unknown,156.0,976.0,5.0
14 day pickles,"pickling cucumbers, water, salt, alum, vinegar, sugar, pickling spices",29.1,unknown,62.0,27.0,0.0
14 day unsealed pickles,"cucumbers, canning salt, vinegar, alum, pickling spices, sugar",13465.2,unknown,14152.0,12914.0,5.0
14 karat cake,"flour, sugar, baking soda, salt, cinnamon, allspice, oil, eggs, carrots, ground cloves, margarine, cream cheese, vanilla, powdered sugar, nuts, coconut, raisins",458.5,dessert,18.0,179.0,34.0
14 minute maple candy,"maple syrup, cream, butter, nutmeats, lemon extract",5290.2,dessert,22.0,3067.0,296.0
14 bean soup,"water, beans, salt, chicken broth, celery, carrots, onions, tomatoes, basil, lemon juice, parsley, chicken bouillon cubes, v8 vegetable juice, raw rice, deli ham",157.8,dinner,88.0,38.0,3.0
15   minute easy enchiladas,"hormel chili without beans, refried beans, monterey jack cheese, tortillas",1131.0,unknown,109.0,15.0,74.0
15 bean soup,"15 bean soup mix, onion, garlic cloves, whole tomatoes, celery leaves, ham hocks, dried parsley, dried rosemary, black pepper, salt, olive oil, chicken bouillon cubes",45.4,unknown,8.0,8.0,4.0
15 bean soup  crock pot,"15 bean soup mix, water, ham bone, garlic, beef bouillon paste, black pepper, worcestershire sauce, steak sauce, diced tomatoes, smoked sausage",225.8,unknown,25.0,10.0,29.0
15 bean soup in the instant pot,"dried beans, water, onion, carrots, garlic clove, olive oil, ham, lemon, condensed tomato soup, paprika, smoked paprika, chili powder, cayenne pepper, black pepper, oregano, thyme, salt",69.5,unknown,26.0,28.0,2.0
15 layer russian honey cake,"eggs, sugar, baking soda, liquid honey, margarine, flour, sour cream, honey, plain sweet biscuit crumbs, ground walnuts",282.4,dessert,7.0,77.0,25.0
15 minute baked halibut with herbs,"halibut steaks, chicken stock, lemon juice, garlic cloves, capers, fresh parsley, fresh tarragon, fresh chives, salt and pepper",171.1,dinner,11.0,2.0,4.0
15 minute beef stew,"oil, boneless sirloin steak, lipton beefy mushroom soup mix, water, tomato paste, new potatoes, peas and carrots",891.6,unknown,16.0,14.0,65.0
15 minute black bean chili,"ground beef, tomatoes and green chilies, black beans, frozen corn kernels, taco seasoning",285.1,unknown,19.0,0.0,11.0
15 minute cheeseburger rice,"lean ground beef, water, ketchup, mustard, minute white rice, cheddar cheese",535.4,unknown,31.0,37.0,32.0
15 minute cheesy chili  n rice skillet,"ground beef, chili with beans, diced tomatoes, water, white rice, velveeta cheese",893.3,unknown,61.0,34.0,55.0
15 minute chicken and rice dinner,"vegetable oil, boneless skinless chicken breast halves, condensed cream of chicken soup, water, paprika, ground pepper, instant rice",408.9,unknown,24.0,1.0,14.0
15 minute chicken fajitas,"chicken breast tenders, olive oil, fajita seasoning mix, pepper, onion, lime, cheese, tortilla, pico de gallo, sour cream",233.7,unknown,3.0,4.0,8.0
15 minute chicken tortilla soup,"salsa, chicken broth, mexicorn, kidney beans, chicken, cheddar cheese, sour cream, tortilla chips",528.7,unknown,86.0,28.0,38.0
15 minute chicken  broccoli  and rice dinner,"boneless skinless chicken breasts, vegetable oil, condensed cream of chicken soup, milk, minute rice, broccoli florets",487.1,unknown,29.0,1.0,23.0
15 minute chili,"ground turkey, onion, pinto beans, kidney beans, stewed tomatoes, chili powder, cumin, salt, salsa",507.4,unknown,46.0,48.0,17.0
15 minute chili and rice wraps,"chili with beans, water, white minute rice, flour tortillas, cheese, sour cream",302.9,unknown,31.0,7.0,12.0
15 minute chili cheeseburger skillet,"lean ground beef, water, macaroni & cheese dinner mix, chili powder, broccoli, ketchup",428.3,unknown,27.0,38.0,20.0
15 minute chili sauce,"tomatoes, onion, brown sugar, salt, pepper, cinnamon, allspice, clove",150.7,dinner,73.0,129.0,0.0
15 minute creamy sun tomato basil cashew pasta,"roasted cashews, garlic cloves, sun-dried tomato packed in oil, grape tomatoes, fresh basil, fresh oregano, fresh parmesan cheese, crushed red pepper flakes, pepper, pappardelle pasta",774.6,unknown,16.0,26.0,44.0
15 minute enchilada sauce,"tomato sauce, onion, garlic cloves, chipotle chile in adobo, ground cumin, ground coriander, salt, low sodium chicken broth",98.5,unknown,59.0,44.0,1.0
15 minute fat free cheesecake,"fat free cream cheese, fat-free whipped topping, reduced fat graham cracker crust, sugar substitute",91.2,dessert,9.0,41.0,2.0
15 minute florentine pasta salad,"fresh linguine, pesto sauce, lemon juice, fresh spinach, tomatoes, red onion, pine nuts, parmesan cheese",133.3,lunch,0.0,6.0,5.0
15 minute garlic lemon chicken,"boneless skinless chicken breast halves, flour, salt and pepper, oil, chicken broth, garlic, lemon juice, butter",178.8,dinner,9.0,0.0,9.0
15 minute greek garbanzo bean salad,"garbanzo beans, scallion, garlic cloves, tomatoes, celery ribs, fresh lemon juice, of fresh mint, fresh parsley, extra virgin olive oil, feta cheese, romaine lettuce, salt, cracked black pepper",176.9,unknown,15.0,15.0,2.0
15 minute italian chicken   rice with vegetables,"oil, boneless skinless chicken breast, assorted fresh vegetables, reduced-sodium fat-free chicken broth, instant rice, italian dressing",378.1,unknown,13.0,5.0,14.0
15 minute lemon cheesecake,"powdered sugar, butter, graham cracker crumbs, cream cheese, instant lemon pudding, milk",494.3,dessert,25.0,57.0,51.0
15 minute no bake chocolate peanut butter fudge,"confectioners' sugar, peanut butter, cocoa, vanilla, butter",833.5,dessert,19.0,312.0,81.0
15 minute pasta combo,"spaghetti, italian salad dressing, fresh tomatoes, smoked turkey breast, parmesan cheese",421.1,dinner,28.0,26.0,25.0
15 minute pork fried rice,"oil, pork tenderloin, chicken bouillon cube, water, soy sauce, frozen mixed vegetables, minute rice",448.2,unknown,44.0,1.0,16.0
15 minute red beans   rice,"green pepper, kidney beans, onion, chicken bouillon cubes, oil, hot pepper sauce, water, minute white rice",289.9,unknown,34.0,14.0,2.0
15 minute shrimp carbonara fettuccine,"fettuccine, baby peas, shrimp, parmesan cheese, half-and-half cream, bacon bits, garlic salt, black pepper",452.4,unknown,20.0,13.0,19.0
15 minute shrimp scampi,"extra virgin olive oil, onion, garlic, white wine, butter, frozen shrimp, salt & pepper, angel hair pasta",596.2,dinner,51.0,8.0,71.0
15 minute spaghetti sauce,"hamburger, tomato sauce & mushrooms, sliced mushrooms, onion, celery, sweet red pepper, sweet green pepper, garlic flakes, jalapenos, hot chili flakes",297.2,unknown,4.0,18.0,23.0
15 minute stir fried chicken   asparagus,"onion, asparagus, chicken broth, fresh ginger, garlic cloves, boneless skinless chicken breast, soy sauce, rice vinegar, chili flakes, salt, white pepper",162.1,unknown,45.0,23.0,2.0
15 minute stove top macaroni  n cheese,"elbow macaroni, extra-sharp cheddar cheese, half-and-half, unsalted butter, dijon mustard, kosher salt, fresh ground black pepper, hot sauce",658.0,unknown,30.0,10.0,47.0
15 minute stroganoff,"round steak, butter, water, fresh mushrooms, dry onion soup mix, sour cream, flour",392.4,unknown,38.0,15.0,35.0
15 minute taco in a pan,"extra lean ground beef, water, taco seasoning mix, minute white rice, mexican blend cheese, lettuce, chopped tomatoes",477.9,unknown,19.0,16.0,24.0
15 minute tiger prawns with chinese greens,"tiger shrimp, baby spinach, pak choi, thai fish sauce, dark soy sauce, sweet chili sauce, sunflower oil, cornflour, water, lime, juice and zest of",125.5,unknown,50.0,2.0,7.0
15 minute vanilla rice pudding,"milk, minute rice, raisins, vanilla instant pudding mix",222.8,dessert,12.0,78.0,7.0
15 minute vegetarian chili,"kidney beans, black beans, fire-roasted tomatoes, salsa, water",226.2,unknown,35.0,25.0,1.0
15 minutes creamy fettuccine alfredo,"cream cheese, parmesan cheese, margarine, milk, fettuccine pasta",565.7,unknown,26.0,7.0,59.0
15 minutes oatmeal  rice cooker,"quick oats, water, milk, salt, sugar, honey, vanilla, dried fruits",651.7,breakfast,12.0,193.0,21.0
15  bean soup,"15 bean mix, tomato sauce, ham hocks, diced tomatoes, garlic, onion, celery, carrots, chicken bouillon cubes, water, bay leaves, seasoning salt, pepper",49.4,unknown,20.0,21.0,0.0
15 minute beef and bean chili skillet,"vegetable oil, onion, green bell pepper, ground beef, salt and pepper, whole tomatoes, canned green beans, dark red kidney beans, black-eyed peas, ketchup, chili seasoning mix, red pepper flakes, water, sharp cheddar cheese, corn chips",599.8,unknown,36.0,51.0,52.0
15 minute chicken liver pate,"chicken liver, onion, garlic clove, butter, heavy cream, brandy, salt, ground black pepper, thyme, marjoram, sage",194.9,dinner,13.0,2.0,24.0
15 minute chili   easy  hearty and good,"lean ground beef, onion, chili beans, diced tomatoes, sliced mushrooms, chili powder, cumin, oregano, salt, cayenne pepper, sour cream",266.8,unknown,9.0,13.0,13.0
15 minute jello trifle,"frozen pound cake, orange liqueur, cool whip topping, jello instant vanilla pudding mix, strawberries, sugar, white chocolate baking squares, strawberry",273.2,dessert,11.0,129.0,15.0
15 minute marinated chicken,"dijon mustard, fresh lemon juice, worcestershire sauce, dried tarragon, pepper, boneless skinless chicken breast halves",144.4,unknown,11.0,3.0,3.0
15 minute microwaved rice,"basmati rice, chicken broth, salt and pepper",187.9,unknown,14.0,2.0,3.0
15 minute no fry chicken enchiladas  honest,"green enchilada sauce, cream of chicken soup, sour cream, cooked chicken, tortilla chips, monterey jack cheese, lettuce, tomatoes, black olives, green onion, salsa",791.4,dinner,64.0,8.0,72.0
15 minute parmesan pasta,"pasta, garlic clove, butter, parmesan cheese",368.2,unknown,11.0,4.0,24.0
15 minute shrimp,"large shrimp, old bay seasoning, tomatoes, olive oil, garlic cloves, dried oregano, pepper, feta cheese, parsley",223.8,unknown,12.0,6.0,17.0
15 minute shrimp stir fry,"olive oil, large shrimp, salt & freshly ground black pepper, red onion, corn kernels, cherry tomatoes, zucchini, snap peas, lemon, zest of, unsalted butter, herbs",414.7,unknown,27.0,24.0,28.0
15 minute white bean soup,"olive oil, scallions, garlic clove, dried oregano, vegetable broth, white beans, fresh lemon juice, salt and pepper, parmesan cheese",376.9,lunch,3.0,5.0,10.0
16 bean soup  crockpot,"beans, bay leaves, oregano, chicken stock, water, celery, carrots, onion, garlic cloves, italian sausage, tomatoes",179.3,unknown,23.0,17.0,17.0
16 day pickles,"cucumbers, alum, pickling salt, sugar, white vinegar, pickling spices, cinnamon sticks",2305.9,unknown,590.0,2297.0,0.0
16 hour pulled pork,"pork butt, onions, ginger ale, barbecue sauce",388.2,unknown,19.0,18.0,37.0
16 oz  coffee liqueur,"vanilla bean, cold water, strong coffee, vodka, brown sugar, sugar, dark molasses",726.3,unknown,1.0,464.0,0.0
16 quart chicken corn soup,"whole chickens, celery ribs, carrot, onion, chicken broth, potatoes, celery, frozen white corn, frozen corn, chicken bouillon cubes",893.4,unknown,27.0,10.0,47.0
17 day diet   turkey eggplant parmesan,"nonstick cooking spray, eggplant, lean ground turkey, low-carb marinara sauce, oregano leaves, basil, fennel seed, fat-free parmesan cheese",206.2,unknown,2.0,12.0,14.0
17 twist,"raspberry vodka, mountain dew soda",190.1,unknown,0.0,57.0,0.0
1789  apple  arugula salad with aged gouda and crisped pancetta,"apple cider, shallots, fresh thyme, red wine vinegar, sherry wine vinegar, white vinegar, dijon mustard, olive oil, salt and pepper, pancetta, tart apples, gouda cheese, white cheddar cheese, red onion, arugula",884.8,unknown,14.0,45.0,130.0
18 carrot cupcakes,"light brown sugar, eggs, vegetable oil, pumpkin pie spice, baking powder, baking soda, flour, baby carrots, unsalted butter, confectioners' sugar, salt, marshmallow cream, pure vanilla extract",284.0,dessert,5.0,103.0,22.0
1880 chocolate spice cake  with icing,"sugar, butter, egg, flour, salt, cocoa, cinnamon, clove, nutmeg, buttermilk, baking soda, vanilla",208.5,dessert,11.0,71.0,13.0
1890 cream cake,"eggs, sugar, flour, cream of tartar, sweet cream, egg yolks, powdered sugar, cornstarch, milk, almonds",3600.1,dessert,66.0,494.0,353.0
1890 san antonio enchilada sauce,"bacon grease, onion, garlic cloves, whole tomatoes, water, salt, pepper, ancho chili, chili powder, sugar",60.4,unknown,17.0,14.0,5.0
1898 potato dumplings,"mashed potatoes, cooked ham, egg, flour, salt, baking powder, ham fat",177.8,breakfast,18.0,5.0,6.0
18th century drunken english somerset cider chicken with honey,"chicken legs-thighs, english mustard powder, salt, black pepper, cider, oil, honey",248.8,dinner,15.0,34.0,18.0
1900 park fare bread pudding  disney,"eggs, granulated sugar, heavy cream, salt, ground cinnamon, butter, white bread",495.9,dessert,23.0,169.0,34.0
1900 park fare vanilla sauce  disney,"egg yolks, sugar, vanilla bean, milk, heavy cream",156.4,unknown,0.0,45.0,16.0
1905 blue ribbon fruit cup,"pink grapefruit, oranges, fresh pineapple, banana, apple, pineapple juice, sugar",172.4,unknown,0.0,135.0,0.0
1905 salad dressing recipe,"garlic cloves, dried oregano, worcestershire sauce, extra virgin olive oil, white wine vinegar, fresh lemon juice, salt, fresh ground pepper",245.5,unknown,0.0,0.0,41.0
1917 war cake,"corn syrup, cold water, salt, clove, cinnamon, nutmeg, crisco, baking soda, flour, baking powder",1911.6,dessert,157.0,331.0,24.0
1927 eskimo cup,"grapefruit juice, lemon juice, sugar, water, ginger ale, cracked ice",169.5,dinner,0.0,167.0,0.0
1927 peanut butter bread,"flour, baking powder, salt, sugar, peanut butter, skim milk",173.9,breakfast,15.0,26.0,8.0
1928 award winning gold cake,"cake flour, baking powder, butter, sugar, egg yolks, milk, vanilla",238.6,dessert,6.0,67.0,14.0
1930 recipe for mincemeat cake,"sugar, oil, eggs, buttermilk, baking soda, salt, all-purpose flour, dark corn syrup, pecans, mincemeat",482.4,unknown,10.0,153.0,31.0
1930 s apple and nut pie,"refrigerated pie crust, light brown sugar, all-purpose flour, unsalted butter, walnuts, granny smith apples",3551.1,dessert,39.0,1259.0,266.0
1931 coconut patties,"sugar, sweetened condensed milk, water, coconut, vanilla, cocoa, nuts, butter",2138.5,dessert,14.0,1315.0,126.0
1937 strawberry shortcake,"flour, salt, baking powder, shortening, milk, egg, butter, fresh strawberries, sugar, whipped cream",305.2,dessert,16.0,42.0,23.0
1940 s best carrot cake recipe,"white sugar, vegetable oil, eggs, all-purpose flour, baking soda, cinnamon, salt, carrots, walnuts, confectioners' sugar, cream cheese, vanilla extract, butter, milk",549.1,dessert,17.0,202.0,46.0
1940 s coleslaw,"cabbage, apple, egg yolks, sugar, butter, salt, cream, vinegar, cayenne pepper, egg whites, dry mustard, flour, paprika, egg, milk",339.0,unknown,78.0,75.0,36.0
1940s vinegar cake    egg free,"self-rising flour, margarine, sugar, milk, white vinegar, bicarbonate of soda, chocolate chips",2037.0,dessert,153.0,526.0,154.0
1947 date nut bread,"dates, boiling water, butter, sugar, egg, flour, baking powder, salt, nuts",248.8,unknown,10.0,90.0,11.0
1949  spanish  rice,"bacon, spanish onion, green pepper, tomatoes, cooked rice, salt, pepper, cheddar cheese",584.0,unknown,39.0,15.0,54.0
1949 country style steak,"round steaks, seasoned flour, butter, onions, mushroom, water, cheese, salt, pepper, paprika, sour cream",395.1,unknown,26.0,8.0,37.0
1950 s brownies,"unsweetened chocolate square, semisweet baking chocolate square, shortening, sugar, eggs, flour, baking powder, salt, nuts",159.6,dessert,5.0,54.0,13.0
1950 s hamburger goulash,"macaroni, tomato paste, water, baking soda, bacon, ground beef, sliced mushrooms, green pepper, onion, salt, dried oregano, garlic clove, fresh parsley, plain breadcrumbs, parmesan cheese, parsley",518.4,unknown,47.0,29.0,39.0
1950 s meatloaf,"ground chuck, eggs, breadcrumbs, ketchup, milk, onion, salt, pepper, brown sugar, water, apple cider vinegar, yellow mustard",512.6,unknown,45.0,167.0,24.0
1950 s uncooked fruit cake,"vanilla wafers, miniature marshmallow, sweetened condensed milk, butter, pecans, walnuts, raisins, maraschino cherry, candied fruit, crushed pineapple, flaked coconut",382.1,dessert,6.0,150.0,32.0
1950s picture salad   peach and cottage cheese,"canned peach halves, cottage cheese with chives, lettuce cups",52.9,unknown,0.0,51.0,0.0
1953 meatloaf,"ground beef, egg, breadcrumbs, onion, salt, pepper, tomato soup, water, vinegar, mustard, brown sugar",288.2,unknown,32.0,31.0,22.0
1960 original kentucky buttermilk biscuit,"flour, baking powder, baking soda, salt, shortening, buttermilk",366.4,unknown,37.0,12.0,21.0
1960 tomato gravy,"bacon grease, onion, flour, salt, pepper, canned tomatoes, sugar, bay leaf, celery leaves",263.2,unknown,24.0,34.0,30.0
1960 s catalina dressing,"ketchup, sugar, red wine vinegar, onion, paprika, worcestershire sauce, salad oil, salt and pepper",619.1,unknown,14.0,131.0,83.0
1978 bhg reuben chowder,"milk, condensed cream of celery soup, processed swiss cheese, sauerkraut, butter, rye bread, caraway seed, corned beef",567.4,unknown,104.0,17.0,55.0
1980 s pistachio fluff,"instant pistachio pudding mix, crushed pineapple in juice, cool whip, mini marshmallows",130.0,dessert,0.0,71.0,8.0
1980 s weight watchers veggie soup,"diced onion, fresh garlic, zucchini, carrot, chopped tomato, fresh parsley, salt, basil, black pepper, water",42.6,unknown,13.0,20.0,0.0
1995 1st place  swedish spice cookies,"all-purpose flour, baking soda, ground cloves, ground ginger, ground cinnamon, salt, unsalted butter, sugar, egg, molasses",124.8,dessert,6.0,46.0,7.0
1  2  3  swiss meringue buttercream,"egg white, granulated sugar, unsalted butter, salt",409.8,dessert,2.0,100.0,53.0
1st place banana nut bread,"fresh lemon juice, milk, sweet butter, sugar, vanilla extract, eggs, unbleached flour, baking soda, salt, bananas, walnuts",463.5,unknown,9.0,138.0,35.0
1st place fair cheese bread,"flour, baking powder, dry mustard, salt, pepper, eggs, margarine, milk, cheese",326.9,unknown,34.0,1.0,23.0
1st place lemon ice cream  for ice cream maker,"lemons, white sugar, milk",551.6,dessert,5.0,402.0,13.0
1st time host stuffing,"extra virgin olive oil, turkey sausage, onion, celery & leaves, bread cubes, sweet potatoes, mushroom, pears, garlic, salt and pepper, nutmeg",387.4,dinner,28.0,52.0,28.0
2 bean chili,"ground beef, cooking oil, carrot, onion, garlic cloves, chili powder, cumin, oregano, white kidney beans, red kidney beans, diced tomatoes, beef broth, green chilies, frozen corn, cheddar cheese",406.5,unknown,35.0,27.0,25.0
2 bean soup  crock pot,"olive oil, onion, carrots, fennel seed, tomatoes, vegetable broth, potatoes, white beans, frozen green beans, salt, pepper, basil leaves, garlic cloves, parmesan cheese",654.2,unknown,41.0,40.0,34.0
2 by 4 soup,"minestrone soup, rotel, chili beans, ground beef",370.0,lunch,32.0,4.0,23.0
2 c s shake,"orange juice, whole milk, sucanat, pure vanilla extract, ice cubes",157.4,unknown,2.0,86.0,6.0
2 day herb marinated pimiento stuffed olives,"pimento stuffed olives, extra virgin olive oil, fresh thyme, fresh rosemary, garlic, chili flakes, fresh lemon juice",495.0,dinner,0.0,2.0,83.0
2 hour buns,"warm water, sugar, oil, salt, fast rising yeast, eggs, flour",1127.8,unknown,26.0,103.0,38.0
2 hour turkey,"turkey, salt and pepper, vegetable oil, paprika",9198.6,unknown,147.0,0.0,756.0
2 in 1   herbed chicken   leftover chicken salad,"boneless chicken breasts, margarine, onions, garlic, thyme, salt, pepper, rosemary, sage, marjoram, cooked chicken breasts, mayonnaise, dill, onion, black olives",1143.2,lunch,89.0,9.0,123.0
2 ingerdient orange slushies,"orange juice, ice",48.8,unknown,0.0,36.0,0.0
2 ingredient   fudge,"frosting, chocolate chips",254.6,dessert,2.0,133.0,20.0
2 ingredient 3 minute fudge,"chocolate chips, frosting",161.2,dessert,1.0,82.0,13.0
2 ingredient cookies,"bananas, quick oats",86.2,dessert,0.0,19.0,1.0
2 ingredient easy pink raspberry punch,"raspberry sherbet, carbonated lemon-lime beverage",140.5,unknown,1.0,110.0,1.0
2 ingredient peach sorbet,"peaches, lemon juice",28.8,dessert,0.0,24.0,0.0
2 ingredient pineapple cake  with pineapple sauce,"angel food cake mix, crushed pineapple, orange marmalade, cornstarch, water",125.2,dinner,4.0,77.0,0.0
2 ingredient pumpkin muffins,"spice cake mix, pumpkin",130.2,unknown,7.0,54.0,6.0
2 ingredient toasted coconut macaroon cookie creations,"desiccated coconut, sweetened condensed milk",291.4,dessert,5.0,172.0,17.0
2 ingredients  eggs   banana  pancakes,"eggs, banana, cooking spray",248.0,breakfast,5.0,59.0,15.0
2 juice citrusade,"water, sugar, lemon juice, orange juice, orange, zest of",210.4,unknown,0.0,209.0,0.0
2 kind apple halva,"apples, sugar, condensed milk, semolina, ground cinnamon, dried fruit, ground cardamom, nuts",72.2,dessert,0.0,55.0,1.0
2 layer baked ziti,"onion, garlic cloves, olive oil, ground beef, spaghetti sauce, salt, ziti pasta, butter, flour, milk, parmesan cheese, pepper, mozzarella cheese",588.8,unknown,41.0,41.0,37.0
2 minute broccoli,"fresh broccoli florets, water",9.9,unknown,0.0,0.0,0.0
2 minute carbonara,"maggi 2-minute noodles, ham, basil leaves, mixed mushrooms, spring onions, garlic clove, thickened cream, egg, salt and pepper, parmesan cheese, olive oil",335.3,unknown,35.0,3.0,40.0
2 minute corn on the cob,"ear of corn, paper",87.7,unknown,0.0,25.0,2.0
2 minute dinner,"stewing beef, cream of mushroom soup, fresh mushrooms, red wine, water, lipton onion soup mix, seasoning salt, garlic powder",356.2,unknown,98.0,10.0,19.0
2 minute fudge,"confectioners' sugar, cocoa, salt, milk, vanilla, butter, nuts",3567.0,dessert,91.0,1811.0,263.0
2 minute low fat strawberry and banana custard comfort food,"banana, custard, strawberry jelly, artificial sweetener, cinnamon",711.7,lunch,18.0,43.0,15.0
2 minute mayonnaise,"sweetened condensed milk, salt, vinegar, mustard powder",164.6,unknown,14.0,108.0,6.0
2 minute microwave brownie in a mug,"oil, water, flour, salt, sugar, cocoa powder, vanilla extract",370.7,dessert,6.0,51.0,44.0
2 minute microwave fudge,"powdered sugar, cocoa, salt, milk, vanilla, butter, nuts",79.3,lunch,1.0,49.0,4.0
2 minute peanut butter protein shake,"skim milk, banana, canned pumpkin, peanut butter, honey, cinnamon, ground cardamom",235.7,unknown,12.0,60.0,13.0
2 minute pizza  or pastry crust,"all-purpose flour, baking soda, salt, oil, hot water",287.9,lunch,24.0,0.0,24.0
2 minute scallops,"scallops, white wine, olive oil, marmalade",104.3,dinner,14.0,12.0,5.0
2 point banana muffins,"splenda granular, unsalted butter, egg, vanilla extract, all-purpose flour, baking powder, baking soda, skim milk, bananas",112.2,unknown,4.0,15.0,5.0
2 points plus   broccoli rabe with garlic and parmesan,"broccoli rabe, olive oil, garlic cloves, salt, crushed red pepper flakes, parmesan cheese",82.7,unknown,18.0,2.0,7.0
2 points plus   crunchy veggie rolls with peanut dipping sauce,"rice vinegar, lime juice, roasted peanuts, sugar, salt, cellophane noodle, boiling water, round rice paper sheets, cucumber, carrot, scallions, cilantro leaf, flat leaf parsley",71.8,dinner,5.0,12.0,2.0
2 pot stove top unstuffed cabbage rolls,"lean ground beef, cabbage, onion, garlic clove, condensed tomato soup, tomato sauce, water, salt and pepper, long grain rice",622.3,unknown,33.0,45.0,19.0
2 sauces for basting or dipping,"crushed pineapple, peach, sugar, cinnamon, ginger, v8 vegetable juice, orange marmalade, dijon mustard",661.5,unknown,17.0,634.0,1.0
2 texans craving salsa far from home,"onion, fresh cilantro, whole canned tomatoes, chili powder, garlic powder, salt, lime, jalapenos, cayenne pepper",186.9,unknown,145.0,93.0,2.0
2 tomato pasta salad,"pasta, bacon, red peppers, sun-dried tomatoes, olive oil, mozzarella cheese, pine nuts, fresh oregano, chives, cherry tomatoes, white vinegar, sugar, balsamic vinegar, garlic, french mustard",549.0,unknown,20.0,41.0,40.0
2 vegetarian dips  served w crudites   baguette bread,"sun-dried tomato, olive oil, capers, garlic cloves, lemon rind, lemon juice, fresh thyme, sunflower seeds, tofu, wheat germ, carrot, fresh dill",78.4,dinner,4.0,5.0,10.0
2 x 2 cottage cheese smoothie,"banana, peach, skim milk, cottage cheese, vanilla extract, almond extract, splenda sugar substitute",335.2,unknown,17.0,91.0,6.0
2 5 challenge friendly real pasta sauce,"chopped tomatoes, onion, pepper, mushrooms, courgette, sweetcorn, garlic clove, dried herbs, paprika, salt and pepper, olive oil",100.8,unknown,5.0,34.0,1.0
2  handed kitchen sink tomato sandwich,"tomatoes, bread, salt and pepper, mayonnaise",165.8,lunch,11.0,27.0,3.0
2  ingredient purple cow,"grape juice, vanilla ice cream",364.3,unknown,4.0,196.0,24.0
2  step pasta sensation,"cooked pasta, parmesan cheese, ranch dressing",295.9,unknown,13.0,2.0,17.0
2 2 2 diet mocha,"instant coffee, unsweetened cocoa powder, nonfat dry milk powder, artificial sweetener, vanilla extract, salt, hot water",33.3,breakfast,7.0,10.0,0.0
2 4 6 8 ranch dip,"green peppers, tomatoes, green onions, mozzarella cheese, ranch dressing",140.9,dinner,10.0,15.0,13.0
2 alarm chili,"ground beef, tomato sauce, water, paprika, cumin, dried onion flakes, garlic salt, chili powder, ground red pepper, masa harina flour, hot water",389.7,unknown,17.0,11.0,38.0
2 cheese mushroom toast,"olive oil, sliced mushrooms, salt and pepper, french roll, butter, garlic clove, mozzarella cheese, mushroom, american cheese",331.4,lunch,22.0,4.0,38.0
2 hour turkey  really,"whole turkey, extra virgin olive oil, salt, fresh ground pepper",5550.7,unknown,186.0,0.0,451.0
2 ingredient punch  mock champagne punch,"white grape juice, ginger ale, raspberries, blackberry, strawberry, blueberries",284.3,unknown,0.0,280.0,0.0
2 minute eggless microwave chocolate cake,"all-purpose flour, unsweetened cocoa powder, vegetable oil, milk, granulated sugar, light brown sugar, baking powder, salt",659.0,dessert,9.0,155.0,69.0
2 minute microwave lime cheesecake,"graham cracker crumbs, butter, sugar, cream cheese, lime, zest of, fresh lime juice, egg, potato starch",822.7,dessert,27.0,200.0,93.0
2 minute noodle corn pancakes,"maggi 2-minute noodles, eggs, plain flour, baking powder, corn kernels, chives, fresh parsley, milk, oil",40.5,breakfast,0.0,0.0,1.0
2 minute noodles for two with ham   cheese,"noodles, eggs, ham, cheese",734.8,lunch,34.0,12.0,32.0
2 minute zingy minty cucumber slices,"cucumber, dried mint, kosher salt, ground black pepper",25.3,lunch,18.0,10.0,0.0
2 point play,"sour apple schnapps, absolut vodka",65.5,unknown,0.0,0.0,0.0
2 second italian bread olive oil dip,"olive oil, italian seasoning",119.3,dinner,0.0,0.0,20.0
2 step garlic pork chops,"vegetable oil, boneless pork chops, garlic clove, campbell's cream of mushroom soup, milk",406.6,unknown,28.0,4.0,34.0
2 step pound cake  for a kitchen aide mixer,"flour, sugar, butter, milk, eggs, vanilla extract",498.7,dessert,8.0,151.0,39.0
2 step pumpkin cheesecake,"cream cheese, canned pumpkin, sugar, pumpkin pie spice, whipped topping, prepared graham cracker crust",382.8,dinner,15.0,109.0,37.0
2   baby potatoes with rosemary,"small potatoes, olive oil, fresh rosemary, salt, fresh coarse ground black pepper, rosemary sprig",207.3,dinner,15.0,10.0,8.0
20 min  sour cream chicken enchiladas,"canned chicken, cream of chicken soup, diced green chilies, sour cream, mexican cheese, green onion, flour tortillas",685.3,unknown,74.0,31.0,69.0
20 minute chicken alfredo recipe,"half-and-half cream, philadelphia cream cheese, kraft 100% parmesan cheese, butter, fettuccine pasta, boneless chicken breasts, black pepper, italian seasoning",846.9,unknown,26.0,1.0,83.0
20 minute chicken nuggets,"chicken breast, flour, salt, water, vinegar, baking soda, oil",233.4,lunch,12.0,0.0,16.0
20 minute creamy pesto chicken and bow ties,"bow tie pasta, butter, boneless skinless chicken breast, cream of chicken soup, pesto sauce, milk",377.8,unknown,30.0,3.0,23.0
20 minute easy ravioli  or tortellini bolognese,"ravioli, olive oil, ground beef, onion, garlic clove, diced tomatoes, tomato sauce, red wine, mushrooms, basil, oregano, salt and pepper",222.4,unknown,23.0,29.0,18.0
20 minute garlic rosemary chicken   brown rice dinner,"oil, boneless skinless chicken breast halves, garlic powder, dried rosemary leaves, reduced-sodium chicken broth, water, minute brown rice",202.5,unknown,4.0,0.0,8.0
20 minute honey granola   easy,"rolled oats, salt, almonds, ground cinnamon, ground flax seeds, oil, honey, vanilla extract",340.9,breakfast,6.0,78.0,25.0
20 minute mexican rice,"rice, vegetable oil, onion, garlic, beef broth, ground cumin, tomato paste, frozen green pea, carrot",246.8,dinner,13.0,11.0,6.0
20 minute mini meat loaves,"ground beef, eggs, salt, salsa, onion, tortilla chips, cheddar cheese, cilantro, chili powder",343.7,unknown,32.0,11.0,35.0
20 minute pasta bake,"ziti pasta, lean ground beef, pasta sauce, parmesan cheese, mozzarella cheese",501.9,unknown,28.0,22.0,28.0
20 minute pork chops mornay,"boneless pork chop, vegetable oil, cream of mushroom soup, water, swiss cheese, parmesan cheese, nutmeg, cooked rice",316.3,unknown,26.0,5.0,29.0
20 minute posole,"olive oil, onion, garlic, dried oregano, ground cumin, chicken broth, white hominy, green chili peppers, black olives, boneless skinless chicken",196.6,unknown,30.0,18.0,9.0
20 minute skillet salmon,"oil, salmon fillets, skim milk, light spreadable cheese with garlic and herbs, cucumber, dill",409.8,dinner,10.0,0.0,20.0
20 minute spanish rice,"chicken stock, long grain rice, taco seasoning, salsa, corn kernel, black beans",260.9,unknown,12.0,10.0,3.0
20 minute stroganoff,"lean ground sirloin, onion, potatoes, cream of mushroom soup, sour cream, pepper, salt",633.1,dinner,38.0,17.0,52.0
20 minute white bean chili,"onion, garlic clove, vegetable oil, ground turkey, stewed tomatoes, chicken broth, dijon mustard, chili powder, cayenne pepper, cannellini beans, corn, tortilla chips, cheddar cheese, cilantro",317.1,unknown,21.0,24.0,15.0
20 minute applesauce cookies,"bananas, rolled oats, applesauce, vanilla extract, ground flax seeds, dried cherries",29.0,dessert,0.0,5.0,0.0
20 minute chicken   rice with broccoli     k,"oil, boneless skinless chicken breast halves, condensed cream of chicken soup, minute white rice, broccoli florets",418.1,unknown,24.0,1.0,15.0
20 minute chicken chili   dairy free,"boneless skinless chicken breast, vegetable oil, onion, sweet green pepper, chili powder, dried oregano, salt, pepper, diced tomatoes, black beans, corn kernel",384.1,unknown,19.0,29.0,12.0
20 minute chicken creole,"nonstick cooking spray, boneless skinless chicken breast halves, diced tomatoes, low-sodium chili sauce, green pepper, celery, onion, garlic cloves, fresh basil, fresh parsley, crushed red pepper flakes, salt",234.7,unknown,59.0,21.0,3.0
20 minute chicken parmesan,"boneless skinless chicken breast halves, egg, italian seasoned breadcrumbs, butter, spaghetti sauce, mozzarella cheese, parmesan cheese, fresh parsley",358.2,lunch,33.0,24.0,24.0
20 minute egg drop chili,"garlic cloves, onion, oil, ground cumin, dark chili powder, chili beans, diced tomatoes, eggs, mexican blend cheese, sour cream, green onions",461.8,unknown,42.0,37.0,9.0
20 minute huckleberry muffins,"flour, baking powder, salt, huckleberries, eggs, milk, sugar, butter, vanilla",718.6,breakfast,39.0,180.0,34.0
20 minute tomato basil pork chops,"boneless pork chops, vegetable oil, cream of mushroom soup, water, plum tomato, dried parsley flakes, dried basil, butter, egg noodles",655.1,unknown,51.0,13.0,58.0
20 minutes chicken parmesan with spaghetti,"boneless skinless chicken breast halves, egg, seasoned dry bread crumb, margarine, spaghetti sauce, mozzarella cheese, parmesan cheese, dried parsley flakes, cooked spaghetti",590.0,unknown,47.0,51.0,25.0
20 pound cheesecake,"graham cracker crumbs, sugar, butter, cinnamon, cream cheese, sour cream, heavy cream, salt, eggs, egg yolks, lemon juice, vanilla extract",455.3,dessert,12.0,96.0,52.0
20 second peanut butter chunk ice cream,"bananas, crunchy peanut butter, almond milk, candy sprinkles",88.6,dessert,1.0,25.0,6.0
2000 flushes,"spiced rum, blue curacao, mango rum, sprite, lemonade",77.3,unknown,0.0,10.0,0.0
2009 summer salsa,"zucchini, red peppers, onions, fresh basil, fresh cilantro, lime, juice and zest of, vinegar, bell peppers, jalapeno, chipotle chiles in adobo, garlic cloves, diced tomatoes, tomato paste, sugar",66.4,unknown,3.0,40.0,0.0
2014 memorial day buttermilk french toast,"texas toast thick bread, eggs, sugar, buttermilk, milk, vanilla, nutmeg, cinnamon, butter",277.4,breakfast,17.0,28.0,14.0
21 club burger,"celery, butter, ground sirloin, breadcrumbs, au jus mix, buns",738.2,lunch,52.0,12.0,70.0
21 club flourless chocolate torte,"unsalted butter, semisweet chocolate, eggs, sugar, dark corn syrup, whipping cream, light corn syrup",563.5,dessert,3.0,37.0,81.0
21 club hamburger,"lean ground beef, yellow onion, fresh thyme, ground black pepper, fresh rosemary, ground coriander, ground fennel, cayenne, egg, extra virgin olive oil, kosher salt, hamburger buns",544.6,lunch,15.0,12.0,39.0
21  vegetarian sloppy joes,"canola oil, garlic cloves, bell pepper, soy crumbles, chili powder, jalapeno pepper, ale, bottled chili sauce, soy sauce, green onion, hamburger bun, avocado",532.6,lunch,100.0,18.0,48.0
21st century macaroni and cheese,"penne pasta, egg, milk, garlic clove, onion, extra-sharp cheddar cheese, cream cheese, gruyere cheese, hot red pepper flakes, salt, fresh ground black pepper, sweet hungarian paprika, unsalted butter, saltines",783.7,unknown,28.0,5.0,75.0
21st street pan bagna rolls,"yeast, warm water, sugar, oil, salt, flour",272.2,unknown,24.0,4.0,11.0
22 minute cake,"flour, sugar, butter, water, shortening, salt, cocoa, buttermilk, eggs, baking soda, vanilla, cinnamon, milk, powdered sugar, nuts",499.7,dessert,11.0,214.0,36.0
22 second salad,"vegetable oil, sugar, poppy seed, dry mustard, salt, onion, white vinegar, coleslaw mix, frozen baby peas, sunflower seeds",249.5,unknown,12.0,42.0,29.0
22  rub,"hungarian paprika, celery seed, cayenne pepper, onion powder, garlic powder, chili powder, black pepper, dry mustard, light brown sugar, kosher salt",264.9,unknown,1181.0,119.0,12.0
220 btu,"absolut kurant vodka, absolut citron vodka, sour apple liqueur, blue hawaiian maui schnapps",131.0,unknown,0.0,0.0,0.0
24 carat yellow gold potato salad,"bacon, hard-boiled eggs, yukon gold potatoes, mayonnaise, dijon mustard, turmeric, green onions, sugar, ground black pepper, salt",416.5,unknown,31.0,33.0,37.0
24 hour brisket,"boneless beef brisket, strong coffee, ketchup, coca-cola, worcestershire sauce, brown sugar, liquid smoke, prepared mustard, seasoning",379.7,dinner,34.0,72.0,18.0
24 hour chicken casserole,"cooked chicken, cooked rice, slivered almonds, cream of mushroom soup, onion powder, mayonnaise, lemon juice, hard-boiled eggs, cracker crumb, butter",380.8,unknown,24.0,10.0,37.0
24 hour crock pot barbecue,"onions, boston butt, water, cloves, onion, hickory flavored barbecue sauce, tabasco sauce",554.3,unknown,25.0,15.0,56.0
24 hour fruit salad,"pasta, pineapple tidbits, lemon, juice of, eggs, flour, salt, sugar, fruit cocktail, cool whip, colored miniature marshmallows",212.9,dessert,3.0,110.0,4.0
24 hour lettuce salad,"lettuce, frozen peas, parmesan cheese, tomatoes, onion, sugar, celery, hellmann's mayonnaise, eggs, water chestnuts, bacon",419.9,dinner,28.0,42.0,49.0
24 hour omelet,"egg bread, butter, cream cheese, longhorn cheese, eggs, milk, dry mustard, chives, salt, pepper, cayenne pepper",385.8,breakfast,23.0,4.0,52.0
24 hour salad,"iceberg lettuce, cauliflower, bacon, white onion, white sugar, mayonnaise, parmesan cheese",466.8,dinner,33.0,55.0,57.0
24 karat cake,"vegetable oil, granulated sugar, flour, cinnamon, baking powder, baking soda, salt, eggs, fresh carrots, pecan pieces, raisins, canned crushed pineapple, sugar, heavy cream, unsalted butter, vanilla extract, cream cheese, confectioners' sugar",1844.8,dessert,39.0,642.0,172.0
24 karrot cake,"raisins, orange juice, whole wheat pastry flour, white flour, baking powder, baking soda, cinnamon, salt, nutmeg, clove, canola oil, maple syrup, soymilk, apple cider vinegar, vanilla extract, orange extract, carrots",207.8,dinner,16.0,94.0,4.0
24 hour green vegetable salad,"lettuce, sugar, salt and pepper, hard-boiled eggs, frozen green peas, bacon, cheddar cheese, mayonnaise, green onion",930.9,dinner,62.0,29.0,119.0
24 hour strawberry dessert,"strawberries, sour cream, brown sugar, salt, miniature marshmallow",163.8,dessert,3.0,64.0,14.0
24 hour wine and cheese omelet,"french bread, unsalted butter, swiss cheese, monterey jack cheese, genoa salami, eggs, milk, dry white wine, green onions, mustard, fresh ground pepper, ground red pepper, sour cream, parmesan cheese",596.7,breakfast,31.0,6.0,60.0
24k carrots,"carrots, brown sugar, butter, ground ginger",124.4,dinner,5.0,48.0,9.0
25 minute chicken noodle soup,"low sodium chicken broth, chicken breasts, new potatoes, carrots, creamed corn, dried parsley, black pepper, salt, egg noodles",299.4,unknown,23.0,13.0,9.0
25 minute orecchiette w chicken   rosemary,"orecchiette, rotisserie-cooked chicken, rosemary, parmesan cheese, kosher salt, pepper",756.4,dinner,17.0,6.0,41.0
25 clove garlic soup,"garlic, leek, potatoes, vegetable broth, tomato paste, cumin, thyme, salt, creme fraiche",483.1,unknown,30.0,23.0,17.0
25 minute tunisian vegetable couscous,"olive oil, red onion, zucchini, yellow squash, carrot, red bell pepper, yellow bell pepper, baby portabella mushrooms, vegetable broth, sweet paprika, ground cardamom, salt, fresh cilantro, chickpeas, roma tomatoes, couscous, orange zest, parmesan cheese, paprika, toasted almond",370.3,dinner,14.0,17.0,6.0
250 calorie dinner,"chicken breast, sliced mushrooms, fat-free italian salad dressing, onion, lowfat margarine, zucchini, tomatoes, low-fat cheese",232.9,unknown,16.0,21.0,16.0
250 of nearly everything chocolate cake,"salted butter, dark cooking chocolate, eggs, caster sugar, ground almonds, bittersweet dark chocolate",537.2,dinner,7.0,89.0,69.0
2bleu cups of chocolate lava please,"sugar, semisweet chocolate morsel, unsweetened cocoa powder, cornstarch, half-and-half, ground cinnamon",593.4,unknown,3.0,247.0,45.0
2bleu s 2 minute 2 easy pizza sauce,"tomato sauce, tomato paste, italian seasoning, garlic powder, sugar, salt, crushed red pepper flakes, olive oil",327.2,unknown,123.0,95.0,32.0
2bleu s 2easy boboli,"flour, salt, italian seasoning, instant minced garlic, active dry yeast, warm water, olive oil",394.2,unknown,12.0,0.0,12.0
2bleu s apple blossoms  chudleigh s copycat,"apples, lemon juice, cornstarch, cinnamon, butter, brown sugar, self-rising flour, vegetable oil, water, egg, rolled oats, coarse sugar",378.4,dessert,15.0,161.0,21.0
2bleu s bacon cheeseburger roll up,"lean ground beef, onion, italian seasoning, cheddar cheese, bacon, prepared pizza crust",339.8,dinner,15.0,3.0,38.0
2bleu s beef barley soup  or chicken barley soup,"olive oil, beef sirloin steak, garlic cloves, beef broth, beef bouillon cubes, tomato sauce, diced tomatoes, pearl barley, dried parsley, basil, crushed red pepper flakes, bay leaf, carrots, celery, onion, fresh mushrooms, salt and black pepper",290.8,unknown,57.0,21.0,18.0
2bleu s cheese blintzes,"reduced-fat cream cheese, cottage cheese, egg yolk, sugar, vanilla extract, eggs, 2% low-fat milk, all-purpose flour, grand marnier, kosher salt, cooking spray, parchment paper, butter, sour cream, powdered sugar",229.0,breakfast,13.0,31.0,13.0
2bleu s country ham bacon  and eggs,"ham steaks, water, vegetable oil, butter, eggs, kosher salt, garlic powder, black pepper",537.4,breakfast,137.0,2.0,52.0
2bleu s creamy garlic spread,"bulb of garlic, olive oil, kosher salt, black pepper, mayonnaise, prepared horseradish",67.8,unknown,6.0,3.0,8.0
2bleu s everything mud pie,"french vanilla instant pudding, sugar-free instant chocolate fudge pudding mix, 2% low-fat milk, reduced-fat cream cheese, chocolate graham wafer pie crust, bananas, cool whip lite, chocolate syrup, caramel syrup, peanuts",437.1,dessert,24.0,176.0,31.0
2bleu s georgia peach cream cheese tart,"phyllo dough, nonstick cooking spray, reduced-fat cream cheese, splenda sugar substitute, cornstarch, water, peach gelatin, fresh peaches",282.3,dinner,18.0,85.0,16.0
2bleu s honey pudding,"unsalted butter, milk, eggs, white bread, honey, hot water, ground cinnamon, vanilla",283.8,lunch,7.0,97.0,18.0
2bleu s key lime pie bars,"granola cereal, sliced almonds, graham cracker crumbs, butter, splenda sugar substitute, reduced calorie cream cheese, fat-free sweetened condensed milk, lime juice, egg yolks, vanilla extract",176.2,dessert,3.0,22.0,18.0
2bleu s lemony rice with peas  risi e bisi,"butter, extra virgin olive oil, green onions, rice, peas, lemons, juice and zest of, fresh parsley, salt, black pepper, walnuts",436.4,dinner,1.0,9.0,10.0
2bleu s margarita ice cream and sherbet fizz  virgin,"vanilla ice cream, lime sherbet, margarita mix, tequila, carbonated water, maraschino cherries",222.8,dessert,3.0,120.0,13.0
2bleu s mushroom and swiss  on crostini toast appetizers,"crusty italian bread, garlic cloves, shallots, olive oil, red bell peppers, fresh mushrooms, herbs, swiss cheese",204.8,dinner,10.0,4.0,13.0
2bleu s no bake peanut butter granola bars,"oatmeal, crisp rice cereal, dried fruit, pine nuts, slivered almonds, pecans, mini chocolate chip, peanut butter, honey, nutmeg, vanilla extract",174.5,unknown,2.0,39.0,12.0
2bleu s pecan danish,"dry yeast, water, splenda sugar substitute, salt, flour, egg, vegetable shortening, butter, cinnamon sugar, dried fruit, pecans, sliced almonds, powdered sugar, orange juice",326.6,unknown,9.0,89.0,16.0
2bleu s pepperoni pizza burgers,"pepperoni, ground beef, mild italian sausage, butter, olive oil, sliced mushrooms, mozzarella cheese, provolone cheese, pizza sauce, kaiser rolls",805.1,lunch,78.0,13.0,80.0
2bleu s perfect roast beef,"rump roast, black pepper",299.9,dinner,3.0,0.0,28.0
2bleu s pumpkin ginger crumble,"gingerbread cake mix, pecans, butter, egg, canned pumpkin, fat-free sweetened condensed milk, pumpkin pie spice, whipped cream",124.6,dessert,5.0,6.0,18.0
2bleu s smoky mexican mushrooms,"white button mushrooms, ground beef, taco seasoning mix, hot sauce, olive oil, smoked swiss cheese, herbs",11.9,dinner,0.0,3.0,0.0
2bleu s spinach and artichoke dip with bacon,"spinach, artichoke hearts, onion, mayonnaise, cream cheese, queso fresco, crushed red pepper flakes, garlic powder, black pepper, bacon",329.8,dinner,26.0,12.0,42.0
2bleu s sweet chicken and gravy,"butter, garlic cloves, fresh thyme, whole chicken, honey, vanilla extract, salt, black pepper, chicken broth, 2% low-fat milk, flour",1009.2,dinner,39.0,48.0,115.0
2bleu s sweet mustard sauce for pretzels and more,"mayonnaise, sugar, yellow mustard, stone ground mustard, dill weed, garlic powder, onion powder",117.4,unknown,10.0,30.0,11.0
2bleu s sweet thai chili sauce  super easy,"thai chiles, serrano peppers, green onion, rice vinegar, apple cider vinegar, sesame oil, salt, sugar, honey, garlic cloves, fresh ginger, red food coloring",129.7,unknown,12.0,109.0,2.0
2bleu s vegetable barley soup,"vegetable broth, garlic cloves, tomato sauce, diced tomatoes, pearl barley, dried parsley, basil, crushed red pepper flakes, bay leaf, carrots, celery, onion, fresh mushrooms, salt and black pepper",128.5,unknown,7.0,21.0,0.0
2bleu s wet sauce for ribs and more,"vegetable oil, onions, garlic cloves, chicken broth, root beer, apple cider vinegar, corn syrup, ketchup, tomato paste, molasses, brown sugar, hot sauce, ground mustard, lemon juice, kosher salt, black pepper",39.3,unknown,4.0,22.0,0.0
2bleu s white lasagna  lite bleu,"boneless chicken, garlic cloves, onion, mushrooms, italian seasoning, salt, black pepper, alfredo sauce, broccoli florets, carrot, roasted red peppers, part-skim ricotta cheese, part-skim mozzarella cheese, fresh parsley, egg, lasagna noodles, reduced-fat parmesan cheese",324.9,dinner,19.0,9.0,20.0
2bleu s zucchini   yellow squash casserole,"yellow squash, zucchini, kosher salt, black pepper, olive oil, onions, bell peppers, garlic cloves, butter, crushed red pepper flakes, sour cream, shredded cheddar cheese, parmesan cheese, butter flavored crackers",370.9,unknown,16.0,32.0,46.0
2blue s pepperoni ravioli,"pepperoni, mozzarella cheese, marinara sauce, puff pastry sheets, egg, butter",283.1,dinner,7.0,3.0,32.0
2blueberry pineapple ring,"berry gelatin, water, blueberries in light syrup, crushed pineapple",82.4,dinner,2.0,76.0,0.0
2lb basic white french bread from breadman,"warm water, vegetable oil, salt, all-purpose flour, active dry yeast",1045.0,unknown,73.0,2.0,25.0
2nd time s the charm cornbread pudding,"cornbread, eggs, milk, brown sugar, white sugar, vanilla, cinnamon",269.7,unknown,5.0,107.0,14.0
3   potato grill packet,"sweet potato, yellow potatoes, white potato, red potatoes, onion, fresh parsley, dried basil leaves, garlic pepper seasoning, olive oil, butter",137.8,unknown,2.0,8.0,5.0
3 2 1 sausage dip,"cream cheese, rotel tomatoes & chilies, sausage",322.4,unknown,29.0,7.0,46.0
3 alarm chili,"ground turkey breast, garlic cloves, yellow onion, jalapeno, plum tomatoes, reduced-sodium fat-free chicken broth, red pepper paste, bay leaves, cumin, cinnamon, chili, salt, pepper, canola oil",185.8,unknown,27.0,9.0,7.0
3 alarm spicy bbq pork sandwiches,"pork butt, barbecue sauce, prepared mustard, red pepper flakes, onion, hot sauce, salt and pepper, liquid smoke",951.0,lunch,74.0,176.0,75.0
3 bean baked beans,"bacon, hamburger, onion, kidney beans, pork and beans, butter beans, brown sugar, white sugar, ketchup, molasses, dry mustard",574.8,unknown,48.0,134.0,35.0
3 bean casserole  bourbon beans,"bacon, onion, baked beans, kidney beans, baby lima beans, ketchup, brown sugar, bourbon, salt and pepper",316.7,unknown,25.0,91.0,5.0
3 bean hot dish,"hamburger, onion, pork and beans, lima beans, kidney beans, catsup, brown sugar, dry mustard, vinegar",2832.0,unknown,251.0,796.0,99.0
3 bean salad,"canned green beans, yellow wax beans, red kidney beans, green pepper, onion, sugar, white vinegar, salt, pepper, vegetable oil",260.6,unknown,18.0,79.0,14.0
3 bean salad  like kfc,"vegetable oil, cider vinegar, sugar, salt, pepper, cut green beans, cut wax beans, dark red kidney beans, green pepper, white onion",288.8,unknown,26.0,81.0,21.0
3 bean vegetarian chili,"olive oil, yellow onion, carrot, celery rib, red pepper, green pepper, jalapeno pepper, garlic cloves, vegetable stock, fire-roasted tomatoes, black beans, dark red kidney beans, garbanzo beans, ground cumin, chili powder, smoked paprika, sugar, salt and pepper, corn tortillas, sharp cheddar cheese, avocado, green onions, roma tomato, lemon juice",386.7,unknown,14.0,19.0,16.0
3 bean veggie chili,"yellow onions, garlic cloves, red peppers, ground meat substitute, black-eyed peas, black beans, red kidney beans, tomatoes, tomato paste, hot salsa, salt and pepper",582.5,unknown,35.0,65.0,4.0
3 berry shakes,"frozen strawberries, skim milk, raspberry jam, blueberries, lowfat neufchatel cheese",149.4,lunch,2.0,75.0,0.0
3 c bread,"all-purpose flour, sugar, baking powder, baking soda, ground cinnamon, salt, eggs, milk, vegetable oil, carrots, flaked coconut, candied cherry, raisins, pecans",1114.0,unknown,37.0,305.0,79.0
3 c crock pot casserole  chicken  cheese   cauliflower,"boneless skinless chicken thighs, cauliflower, condensed cheddar cheese soup, chicken broth, salt, onion powder, black pepper, hot sauce, heavy cream, shredded cheddar cheese",304.9,unknown,27.0,9.0,21.0
3 c s and a p pizza,"pizza dough, prosciutto, roasted red pepper, alfredo sauce, pizza sauce, fresh basil, mozzarella cheese, provolone cheese, gouda cheese",114.5,unknown,12.0,6.0,12.0
3 c s soup   3  carrot  cauliflower   celery  w cheese,"head cauliflower, celery, carrots, water, margarine, salt, evaporated milk, milk, frozen peas, cheddar cheese",244.4,unknown,21.0,16.0,27.0
3 cans and a box  chili   pasta,"rotini pasta, chili with chicken and beans, chili beans, diced tomatoes",588.6,unknown,13.0,18.0,3.0
3 cheese  pepper  bread   bread machine,"cream cheese, egg, buttermilk, bread flour, salt, fast rising yeast, sugar, habanero pepper cheese, fresh chives, chili pepper flakes, parmesan-romano cheese mix",122.7,dinner,6.0,5.0,3.0
3 cheese   beef stuffed shells,"jumbo pasta shells, 80% lean ground beef, pasta sauce, water, chive & onion cream cheese, italian cheese blend, parmesan cheese, egg, parsley",368.0,unknown,27.0,40.0,40.0
3 cheese   crab quesadillas,"crabmeat, monterey jack cheese, mozzarella cheese, cheddar cheese, seafood cocktail sauce, green onion, garlic, tortilla, butter",311.6,lunch,17.0,2.0,42.0
3 cheese artichoke bites,"onion, garlic clove, oil, marinated artichokes, eggs, cheddar cheese, mozzarella cheese, parmesan cheese, italian seasoning, fresh parsley, pepper, worcestershire sauce, hot pepper sauce, italian seasoned breadcrumbs",267.2,unknown,21.0,7.0,26.0
3 cheese asparagus,"asparagus, brie cheese, cheddar cheese, mozzarella cheese, pepper",578.6,unknown,40.0,11.0,68.0
3 cheese bake  elbows plus al forno con salsa ai tre formaggi,"elbow macaroni, unsalted butter, fontina cheese, parmesan cheese, provolone cheese, half-and-half cream, eggs, salt, black pepper",431.3,unknown,22.0,5.0,36.0
3 cheese baked ziti,"part-skim ricotta cheese, eggs, parmesan cheese, ziti pasta, pasta sauce, mozzarella cheese",436.5,unknown,29.0,41.0,19.0
3 cheese bean dip,"fresh tomatoes, sun-dried tomatoes packed in oil, no-salt-added black beans, cayenne pepper, garlic cloves, cumin, shallot, smoked gouda cheese, mozzarella cheese, cream cheese, chipotle chile in adobo",116.6,dinner,4.0,3.0,9.0
3 cheese chicken enchiladas,"flour tortillas, enchilada sauce, cream cheese, sour cream, salt, ground cumin, pepper, chicken, monterey jack cheese, cheddar cheese",721.4,unknown,72.0,34.0,75.0
3 cheese chicken penne,"fresh basil leaf, roma tomatoes, garlic clove, salt, olive oil, chicken breast, lemon juice, italian spices, button mushrooms, purple onion, roasted garlic alfredo sauce, provolone cheese, parmesan cheese, mozzarella cheese, penne pasta",618.2,unknown,27.0,6.0,44.0
3 cheese chicken spinach pasta bake,"penne pasta, olive oil, fresh mushrooms, onion, bell pepper, frozen spinach, dried oregano, pepper, cottage cheese, cooked chicken, cheddar cheese, parmesan cheese, milk, cream of mushroom soup, salt and pepper",520.5,unknown,40.0,23.0,34.0
3 cheese lasagna,"lasagna noodles, ground beef, vegetable oil, onion, garlic cloves, salt, oregano, basil, thyme, peppercorns, green pepper, broccoli, zucchini, mushrooms, spaghetti sauce, whole tomatoes, tomato paste, mozzarella cheese, parmesan cheese, ricotta cheese",979.9,unknown,98.0,133.0,86.0
3 cheese manicotti,"manicotti, mozzarella cheese, chive & onion cream cheese, spaghetti sauce, parmesan cheese",463.7,unknown,44.0,38.0,52.0
3 cheese pasta bake,"rotini pasta, cream of mushroom soup, mozzarella cheese, cheddar cheese, parmesan cheese, milk, pepper",654.8,unknown,41.0,12.0,40.0
3 cheese potato casserole,"potatoes, cream-style cottage cheese, sour cream, green onion, fresh parsley, garlic, salt, cheddar cheese, paprika",230.6,unknown,17.0,13.0,19.0
3 cheese potato soup,"butter, onion, garlic powder, potatoes, cream of chicken soup, milk, cream cheese, mozzarella cheese, parmesan cheese, salt and pepper",606.8,unknown,44.0,15.0,54.0
3 cheese potatoes,"potatoes, onions, parmesan cheese, sharp cheddar cheese, mozzarella cheese, bacon, butter, chives, seasoning salt, pepper, flour, milk",543.5,unknown,26.0,11.0,51.0
3 cheese spinach lasagna with tofu,"spaghetti sauce, water, bay leaves, dried oregano leaves, ground marjoram, salt, pepper, tofu, mozzarella cheese, cottage cheese, dried parsley, fresh spinach, lasagna noodle, parmesan cheese",575.1,lunch,71.0,60.0,32.0
3 cheese spinach roasted red pepper calzones,"prepared pizza crust, ricotta cheese, provolone cheese, parmesan cheese, frozen chopped spinach, garlic cloves, red peppers, prosciutto, fresh basil, nutmeg, olive oil, salt and pepper, egg, water",245.7,unknown,13.0,14.0,26.0
3 cheese toasted sandwiches,"whole wheat bread, low fat cottage cheese, low-fat cheddar cheese, parmesan cheese, celery, green onion",254.4,lunch,32.0,14.0,9.0
3 cheese tortellini roasted pepper zucchini   spinach,"cheese tortellini, extra virgin olive oil, onion, zucchini, roasted red pepper, baby spinach, fresh tomato, fresh ground black pepper, salt, crushed red pepper flakes, cherry tomatoes",390.1,dinner,35.0,17.0,21.0
3 cheesecake,"ricotta cheese, cream cheese, white sugar, eggs, all-purpose flour, sour cream, vanilla extract",387.8,dessert,8.0,68.0,41.0
3 corn casserole,"butter, sour cream, egg, whole kernel corn, cream-style corn, corn muffin mix, cheddar cheese",769.4,unknown,60.0,53.0,78.0
3 corn casserole bread,"butter, sour cream, egg, whole kernel corn, cream-style corn, corn muffin mix",525.9,unknown,45.0,52.0,46.0
3 day goulash,"potatoes, stewed tomatoes, egg noodles, onion soup mix, salt",184.9,unknown,34.0,25.0,2.0
3 day sour cream coconut cake,"white cake mix, sugar, light sour cream, flaked coconut, cool whip lite",461.1,dinner,16.0,221.0,29.0
3 dragons szechuan steak,"skirt steak, sweet onion, celery ribs, green onions, garlic cloves, canola oil, crushed red pepper flakes, cornstarch, soy sauce, szechuan sauce, hot chili sauce, sake, hoisin sauce, sesame oil, sugar",350.5,unknown,49.0,37.0,28.0
3 finadene sauces  guam,"onion, jalapenos, soy sauce, distilled white vinegar, unsweetened coconut milk, garlic cloves, fresh ginger, fresh lemon juice, coarse salt, fresh ground black pepper, cold water",503.1,unknown,418.0,59.0,51.0
3 flour bread,"sugar, water, dry yeast, whole wheat flour, cornmeal, all-purpose flour, salt, olive oil, mahleb",253.6,unknown,12.0,25.0,11.0
3 fruit salad,"oranges, apples, bananas, walnuts, salad dressing",195.9,unknown,6.0,99.0,8.0
3 hour old fashioned oven pot roast,"bottom round beef roast, salt, pepper, cajun seasoning, carrots, onions, fresh mushrooms, new potatoes, water, cornstarch",308.8,dinner,2.0,28.0,0.0
3 ingredient cathedral windows,"margarine, chocolate chips, colored miniature marshmallows",106.0,dessert,1.0,48.0,8.0
3 ingredient chewy macaroons,"sweetened coconut, sweetened condensed milk, vanilla",140.2,lunch,3.0,63.0,10.0
3 ingredient chili  or salsa,"rotel tomatoes & chilies, black beans, corn, tortilla chips",237.4,unknown,24.0,13.0,2.0
3 ingredient chip dip,"rotel tomatoes & chilies, cream cheese, mild sausage",1159.4,lunch,106.0,0.0,154.0
3 ingredient chocolate cake,"semisweet chocolate, unsalted butter, extra large eggs, salt",464.6,dinner,3.0,3.0,73.0
3 ingredient easy oil pie crust,"flour, oil, water",936.8,dessert,0.0,1.0,85.0
3 ingredient fabulous salsa    delicious  fresh and so easy,"tomatoes, garlic, jalapenos",38.1,unknown,0.0,13.0,0.0
3 ingredient fluffy apple pancakes,"bisquick baking mix, unsweetened applesauce, water, cinnamon",146.6,breakfast,13.0,23.0,7.0
3 ingredient fruity chocolate mousse,"orange-flavored dark chocolate, prepared custard, double cream",371.8,dinner,4.0,0.0,49.0
3 ingredient garlic bread,"butter, garlic cloves, french bread",345.8,dinner,23.0,0.0,27.0
3 ingredient ice cream sandwich cake,"ice cream sandwiches, chocolate whipped cream, oreo cookies",75.5,dessert,3.0,26.0,4.0
3 ingredient individual quinoa pizza crust  no soaking,"quinoa, water, whole wheat flour, coconut oil",297.2,unknown,0.0,0.0,12.0
3 ingredient melt in your mouth shortbread cookies,"butter, flour, icing sugar",84.8,dessert,2.0,7.0,9.0
3 ingredient moroccan dry rub,"ground cumin, ground coriander, cinnamon",19.7,unknown,0.0,0.0,1.0
3 ingredient onion soup chicken,"skinless chicken pieces, onion soup mix, soft breadcrumbs, fresh black pepper",178.3,unknown,41.0,3.0,5.0
3 ingredient peanut butter cookies,"peanut butter, granulated sugar, egg",98.4,dessert,2.0,37.0,8.0
3 ingredient pulled pork,"pork loin roast, root beer, barbecue sauce",348.5,unknown,25.0,83.0,17.0
3 ingredient pumpkin spice cupcakes,"duncan hines moist deluxe spice cake mix, pumpkin, vanilla",196.8,dessert,11.0,76.0,7.0
3 ingredient sausage squares,"ground sausage, cream cheese, refrigerated crescent dinner rolls",1418.1,breakfast,106.0,13.0,171.0
3 ingredient triple fudge cake,"chocolate pudding mix, chocolate cake mix, semi-sweet chocolate chips",235.8,dessert,10.0,95.0,15.0
3 ingredients coconut milk powder burfi,"coconut milk powder, sugar, water, ghee",327.8,dinner,0.0,299.0,6.0
3 ingredients nut roll,"small curd cottage cheese, flour, margarine, ground nuts, canned milk, brown sugar, white sugar, egg, vanilla",4211.1,unknown,159.0,846.0,394.0
3 kinds of beans   baked bean dish,"baked beans, baby lima beans, red kidney beans, bacon, onion, catsup, brown sugar, worcestershire sauce, velveeta cheese",667.8,unknown,53.0,185.0,17.0
3 layer chocolate cake with chocolate mousse filling  gluten fre,"sorghum flour, tapioca flour, rice flour, cocoa, semi-sweet chocolate chips, baking soda, cream of tartar, xanthan gum, unsalted butter, salt, brown sugar, granulated sugar, eggs, egg yolks, vanilla, coconut milk, butter, heavy whipping cream, vanilla extract",776.0,dessert,26.0,235.0,74.0
3 layer chocolate peanut butter bars,"all-purpose flour, sugar, brown sugar, baking soda, salt, butter, peanut butter, egg, quick oats, semi-sweet chocolate chips, powdered sugar, smooth peanut butter, milk",217.2,dessert,4.0,77.0,18.0
3 layer jello dessert,"cherry jell-o, lime jell-o gelatin, lemon jell-o gelatin, cream cheese",294.5,dessert,11.0,97.0,20.0
3 layer pumpkin pie dessert,"yellow cake mix, butter, egg, pumpkin pie filling, eggs, evaporated milk, sugar, cinnamon, walnuts",492.7,dessert,22.0,93.0,41.0
3 layer strawberry jello with pretzels,"pretzels, butter, sugar, cream cheese, cool whip, strawberry jell-o gelatin dessert, frozen strawberries",440.1,dessert,28.0,116.0,30.0
3 layered chocolate delight dessert,"pecans, flour, butter, cream cheese, powdered sugar, cool whip, instant chocolate pudding mix, milk, nuts",364.2,unknown,16.0,93.0,33.0
3 layered mexican dip,"refried beans, hormel chili, sour cream, cheddar cheese, jalapeno pepper",183.5,unknown,18.0,4.0,15.0
3 layered tunisian tagine,"olive oil, onions, ground meat, garlic cloves, ground coriander, salt and pepper, chili powder, spinach, eggs, gruyere, cheese, parsley",538.2,unknown,34.0,15.0,55.0
3 meat breakfast pizza,"12-inch pizza crust, country gravy mix, milk, water, sausage links, ham, bacon bits, margarine, eggs, cheddar cheese",516.9,breakfast,53.0,1.0,61.0
3 meat stromboli,"all-purpose flour, yeast, water, sugar, olive oil, kosher salt, salami, deli ham, pepperoni, provolone cheese, mozzarella cheese, parmesan cheese, garlic, dried oregano, dried parsley flakes, pepper, egg yolk",849.7,unknown,89.0,18.0,68.0
3 minute apple crumble,"green apple, applesauce, cinnamon, digestive biscuits",198.0,lunch,1.0,75.0,0.0
3 minute bread pudding in a mug,"cinnamon raisin bread, egg, milk, brown sugar",292.1,dessert,12.0,12.0,17.0
3 minute chocolate cake in a cup,"flour, sugar, cocoa, egg, milk, oil, vanilla, salt, baking powder",810.9,dessert,3.0,202.0,74.0
3 minute hollandaise,"mayonnaise, sour cream, prepared mustard, lemon juice",88.8,dinner,4.0,4.0,12.0
3 minute microwave fudge,"powdered sugar, cocoa, margarine, milk, vanilla, nuts",87.0,dessert,1.0,49.0,5.0
3 minute no bake cookies,"granulated sugar, margarine, low-fat milk, nestle toll house baking cocoa, quaker oats",94.3,dessert,1.0,45.0,4.0
3 minute whole wheat bread,"dry yeast, milk, whole wheat flour, unbleached flour, flax seed, salt, sugar, vinegar",1946.4,unknown,205.0,112.0,115.0
3 musketeers bars,"granulated sugar, light corn syrup, water, salt, egg whites, semi-sweet chocolate chips, milk chocolate chips",500.4,dessert,3.0,299.0,24.0
3 onion  mushroom and garlic soup,"leeks, red onions, garlic cloves, butter, olive oil, salt, pepper, sugar, dried porcini mushrooms, water, beef base, dried parsley, scallion",213.6,unknown,21.0,22.0,26.0
3 or 4  bean salad,"yellow wax beans, green beans, red kidney beans, butter beans, onion, oil, white vinegar, white sugar, celery salt",276.0,unknown,0.0,56.0,21.0
3 oven fried chicken recipes,"margarine, bisquick baking mix, paprika, salt, black pepper, broiler-fryer chickens",627.0,unknown,50.0,9.0,66.0
3 p s  salad    peas  pickle  peanut,"sweet peas, sweet gherkins, sweet pickle juice, unsalted peanuts, mustard, sugar, cream",321.3,unknown,9.0,48.0,30.0
3 pack pot roast,"beef roast, brown gravy mix, italian salad dressing mix, ranch dressing mix, water, baby carrots, russet potatoes",118.1,unknown,11.0,14.0,0.0
3 packet roast,"italian salad dressing mix, ranch dressing mix, brown gravy mix, roast, water, onion soup mix",296.7,unknown,18.0,0.0,15.0
3 pepper cheese ball,"cream cheese, cheddar cheese, monterey jack pepper cheese, green bell pepper, jalapeno pepper, worcestershire sauce, garlic salt, cilantro",256.2,dinner,10.0,2.0,37.0
3 pepper cheese spread,"cream cheese, monterey jack and cheddar cheese blend, jalapeno peppers, crushed red pepper flakes, hot pepper sauce, ritz cracker",88.5,unknown,4.0,2.0,12.0
3 pepper chili,"kidney beans, black beans, chili beans, diced tomatoes, beef broth, beef, fajita seasoning mix, garlic cloves, bell pepper, chili powder, dried chipotle powder, dried ancho chile powder, red cayenne pepper, paprika, cinnamon, nutmeg, black pepper, salt",883.1,unknown,22.0,8.0,125.0
3 pepper pasta,"green bell pepper, red bell pepper, yellow bell pepper, olive oil, garlic cloves, red onion, mushroom, italian sausage, basil, sugar, red wine vinegar, penne pasta",552.7,unknown,0.0,26.0,19.0
3 potato salad,"sweet potato, yukon gold potato, purple potatoes, mayonnaise, lemon juice, dijon mustard, celery seeds, scallion, salt & pepper",282.5,unknown,10.0,25.0,11.0
3 spice fried pork chops,"pork chops, cumin, salt, black pepper, cooking oil",224.0,unknown,2.0,0.0,21.0
3 spice fuss free fish fillet curry,"fish fillets, onion, garlic, tomatoes, salt, red chili powder, turmeric powder, canola oil",109.3,unknown,24.0,11.0,13.0
3 step fettuccine alfredo,"fettuccine, butter, parmesan cheese, heavy cream",409.0,unknown,11.0,3.0,41.0
3 step peanut butter chocolate chip bars,"smooth peanut butter, sugar, egg, semisweet chocolate",282.7,dessert,6.0,62.0,31.0
3 step spinach lasagna,"frozen spinach, cottage cheese, egg yolk, salt, pepper, tomato sauce, mozzarella cheese, lasagna noodle, parmesan cheese",329.9,unknown,61.0,20.0,29.0
3 step strawberry jam,"strawberries, sugar, sure-jell, water",693.0,unknown,1.0,650.0,0.0
3 toppings for apple pie,"granulated sugar, brown sugar, cinnamon, flour, butter, sugar, rolled oats, walnuts, shortening, unsalted butter, nutmeg",503.9,dinner,3.0,130.0,43.0
3 variations of a gluten free bread recipe   bread machine,"rice flour, potato starch, tapioca flour, xanthan gum, powdered milk, salt, egg substitute, sugar, water, dry yeast, butter, vinegar, eggs, linseeds, sunflower seeds",2693.1,unknown,187.0,297.0,137.0
3 veg cauliflower cheese,"cauliflower florets, broccoli florets, carrot, butter, flour, milk, salt, pepper, cheddar cheese",226.8,dinner,10.0,3.0,26.0
3 vegetable casserole,"vegetables, milk, margarine, bread, salt, cheese, eggs",399.8,unknown,34.0,3.0,44.0
3 veggie penne with tarragon basil pesto  rachael ray,"penne rigate, salt, asparagus, zucchini, french haricots vert, pine nuts, fresh basil, tarragon leaf, parsley, lemon, zest of, garlic clove, parmigiano-reggiano cheese, fresh coarse ground black pepper, extra virgin olive oil",721.0,unknown,8.0,23.0,44.0
3 way bbq baked beans oamc,"turkey, onion, great northern beans, kidney beans, pinto beans, barbecue sauce, mustard, garlic powder, brown sugar",422.4,unknown,60.0,125.0,11.0
3  2  1 dip,"swiss cheese, mayonnaise, onion",1031.2,unknown,55.0,49.0,126.0
3 2 1 cake,"angel food cake mix, cake mix, water",161.9,dessert,9.0,80.0,3.0
3 2 1 cornbread,"jiffy cornbread mix, eggs, milk, diced green chilies, mexican blend cheese",239.4,unknown,37.0,13.0,28.0
3 2 1 crock pot roast beef,"roast beef, beef broth, dry onion soup mix, pepsi",461.4,lunch,43.0,23.0,30.0
3 2 1 shrimp,"balsamic vinegar, sugar, soy sauce, large shrimp, fresh garlic, fresh ginger, cherry tomatoes, butter, canola oil, salt, pepper",374.9,unknown,85.0,162.0,11.0
3 2 1 spaghetti sauce,"hamburger, italian sausage, onion, green bell pepper, garlic cloves, basil, oregano, thyme, bay leaf, tomato sauce, diced tomatoes, tomato paste",495.9,dinner,74.0,56.0,46.0
3 bean baked beans,"bacon, ground beef, onion, tomato sauce, diced tomatoes, ketchup, brown sugar, dry mustard, worcestershire sauce, salt, pork and beans, beans",329.9,unknown,39.0,48.0,26.0
3 bean salad,"cut green beans, dijon mustard, sugar, red wine vinegar, extra virgin olive oil, kidney beans, garbanzo beans, dried parsley, salt and pepper",502.3,unknown,41.0,37.0,44.0
3 bean salad for 25,"cut green beans, cut wax beans, dark red kidney beans, onions, green pepper, vinegar, salad oil, sugar, celery salt, salt, pepper, soy sauce",172.7,unknown,13.0,53.0,10.0
3 bean salad with marinated sweet onions and roasted peppers,"balsamic vinegar, olive oil, cilantro, thyme, basil, ground cumin, honey mustard, garlic clove, black beans, pinto beans, navy beans, roasted sweet peppers, sweet onion, cider vinegar, sugar, salt",377.1,unknown,11.0,10.0,29.0
3 bean vegetarian chili  goya beans,"crushed tomatoes, salsa, black beans, red kidney beans, pinto beans, chili powder, cumin, cheese, sour cream, fresh cilantro",321.8,unknown,30.0,23.0,11.0
3 can burritos,"olive oil, onion, garlic clove, chili, cumin, red bell pepper, button mushrooms, kidney beans, refried beans, diced tomatoes, tortilla",159.9,unknown,22.0,23.0,3.0
3 cheese macaroni and cheese,"salt, elbow macaroni, butter, all-purpose flour, milk, heavy cream, fresh ground black pepper, white cheddar cheese, romano cheese, asiago cheese, breadcrumbs, fresh parsley",1150.0,unknown,96.0,19.0,98.0
3 cheesy potato soup,"red potatoes, water, salt, evaporated milk, milk, velveeta cheese, cream cheese, cheddar cheese, bacon",514.1,unknown,43.0,15.0,59.0
3 citrus hollandaise sauce,"unsalted butter, fresh lime juice, fresh lemon juice, salt, egg yolks, hot red pepper sauce, fresh orange juice",264.2,unknown,2.0,3.0,42.0
3 color salad with maple vinaigrette,"carrots, snow peas, roasted peppers, sunflower seeds, vinaigrette, prepared mustard, maple syrup, cider vinegar, sea salt, sunflower oil",2126.3,dinner,142.0,548.0,243.0
3 day barbecued marinated beef brisket,"liquid smoke, worcestershire sauce, condensed chicken broth, garlic, barbecue sauce, beef brisket",561.5,unknown,41.0,80.0,32.0
3 day coconut cake,"white cake mix, egg whites, oil, water, sour cream, frozen coconut, cool whip, granulated sugar",420.0,dessert,13.0,169.0,33.0
3 ginger gingerbread cake,"stout beer, light molasses, baking soda, all-purpose flour, ground ginger, baking powder, ground cinnamon, ground cloves, ground nutmeg, ground cardamom, eggs, sugar, dark brown sugar, vegetable oil, fresh ginger, cream cheese, unsalted butter, orange peel, powdered sugar, candied ginger",784.5,dessert,17.0,252.0,66.0
3 in 1 italian dip,"cream cheese, mozzarella cheese, mayonnaise, garlic clove, sun-dried tomato packed in oil, marinated artichoke hearts, roasted red pepper",83.7,dinner,8.0,1.0,10.0
3 in 1 muffins,"all-purpose flour, whole wheat flour, baking powder, cinnamon, baking soda, salt, egg whites, sugar, oil, vanilla, carrots, raisins",131.6,unknown,6.0,47.0,7.0
3 ingredient carnitas,"boneless pork shoulder, water, kosher salt & freshly ground black pepper, ground cumin, ground cloves, cayenne, corn tortilla, red cabbage, sour cream, pickled red onions, cilantro, avocado, serrano chili",504.8,unknown,5.0,0.0,61.0
3 ingredient cinnamon banana slice,"whole wheat bread, banana, cinnamon",114.6,breakfast,6.0,30.0,2.0
3 ingredient dump cake,"cherries, yellow cake mix, butter",432.3,dessert,22.0,152.0,29.0
3 ingredient granola bars,"honey, creamy peanut butter, oats, salt",342.5,unknown,4.0,77.0,20.0
3 ingredient lemon pepper marinade,"lemon, extra virgin olive oil, cracked black pepper",531.6,unknown,0.0,0.0,84.0
3 ingredient pan simmered italian boneless pork chops,"pork chops, stewed tomatoes, olive oil, salt and pepper",397.0,unknown,14.0,15.0,33.0
3 ingredient peanut butter cookies,"peanut butter, sugar, egg, chocolate chips",197.1,dessert,4.0,74.0,17.0
3 layer bars,"graham cracker crumbs, flaked coconut, nuts, egg, butter, vanilla extract, sugar, baking cocoa, powdered sugar, instant vanilla pudding, milk, yellow food coloring, chocolate chips",119.3,dessert,3.0,58.0,9.0
3 layer dark chocolate cake,"boiling water, unsweetened cocoa powder, instant coffee granules, all-purpose flour, baking soda, baking powder, salt, butter, white sugar, brown sugar, vanilla, eggs",429.4,dinner,19.0,152.0,28.0
3 layer fudge cake with white chocolate mousse filling,"all-purpose flour, baking soda, salt, unsweetened cocoa powder, boiling water, unsalted butter, sugar, vanilla extract, eggs, white chocolate, whipping cream, sour cream, peppermint candies, semisweet chocolate",963.0,dessert,14.0,192.0,113.0
3 layer mexican party dip,"refried beans, guacamole, sour cream, garlic powder, ground cumin, chili powder, salt and pepper, sharp cheddar cheese, plum tomato, pitted black olives, scallions",183.2,dinner,11.0,2.0,19.0
3 minute apple cobbler,"vanilla wafers, applesauce, cool whip, cinnamon",231.4,lunch,5.0,3.0,12.0
3 minute microwave brownies,"eggs, sugar, salt, vanilla, butter, flour, cocoa",140.3,dessert,5.0,50.0,10.0
3 mothers meatloaf best meatloaf i have ever had,"egg, milk, garlic powder, oregano, parsley, basil, salt and black pepper, a.1. original sauce, meatloaf mixture, wagon wheel macaroni, white onions",510.5,unknown,2.0,25.0,8.0
3 pepper cheese spread,"cream cheese, cheddar cheese, monterey jack cheese, canned jalapeno peppers, crushed red pepper flakes, hot pepper sauce",190.4,lunch,31.0,3.0,26.0
3 pepper quiche,"green pepper, sweet red pepper, yellow sweet pepper, onion, pie crusts, margarine, eggs, half-and-half, water, garlic clove, basil, cayenne pepper, salt and pepper",400.6,breakfast,14.0,12.0,40.0
3 peppercorn hazelnut soup,"vegetable stock, lentils, onion, carrot, celery, garlic cloves, coriander, fenugreek seeds, cumin, water, hazelnuts, peppercorn blend, parsley, butter, flour",285.6,dinner,1.0,12.0,34.0
3 step biscuits or how to break up with your girlfriend biscuits,"self-rising flour, sour cream, water",134.7,unknown,14.0,3.0,7.0
3 step cheddar broccoli bake,"cheddar cheese soup, monterey jack and cheddar cheese blend, milk, seasoning salt, white pepper, celery, red sweet bell pepper, frozen broccoli florets, french fried onion rings",354.3,dinner,35.0,15.0,37.0
3 step cheesecake,"cream cheese, sugar, vanilla, eggs, graham cracker crust",413.0,dessert,14.0,96.0,43.0
3 step fall off the bone ribs     easy,"beef ribs, salt, pepper, season-all salt, barbecue sauce",380.8,unknown,185.0,260.0,1.0
3 step pork chops   w  mushroom  gravy,"pork chops, oil, cream of mushroom soup, milk, water, garlic powder, salt and pepper",495.5,unknown,34.0,5.0,46.0
3 way tex mex chicken  oamc,"diced tomatoes with jalapenos, salsa verde, ground cumin, minced garlic cloves, salt, black pepper, boneless skinless chicken thighs, red pepper, yellow pepper, onion, black beans, corn",379.5,unknown,23.0,17.0,14.0
30 cloves of garlic and bean soup,"onions, carrots, celery, garlic cloves, olive oil, chicken broth, cannellini beans, dried sage, salt and pepper, crouton, bacon bits",243.1,unknown,39.0,24.0,13.0
30 day health muffins,"oil, eggs, soft brown sugar, vanilla essence, milk, salt, plain flour, natural bran, mixed dried fruit, dates, bicarbonate of soda",138.6,breakfast,6.0,50.0,6.0
30 min  strawberry rhubarb marmalade,"rhubarb, sugar, crushed pineapple, strawberry jell-o gelatin dessert",97.4,unknown,0.0,95.0,0.0
30 minute almond chicken,"boneless skinless chicken thighs, italian dressing, chicken broth, green beans, minute white rice, sliced almonds",357.1,unknown,23.0,9.0,20.0
30 minute bacon spaghetti for 2,"bacon, onion, red pepper, parsley, pasta sauce, half-and-half cream, angel hair pasta, sliced mushrooms",1221.2,unknown,86.0,102.0,100.0
30 minute baked potato,"potato, olive oil",164.0,lunch,0.0,6.0,0.0
30 minute bean soup for 2,"margarine, celery rib, carrot, onions, potatoes, lean ham, low sodium chicken broth, great northern beans, lemon juice, black pepper, instant potato flakes, green onion, tomatoes",471.3,unknown,23.0,15.0,11.0
30 minute beef pot pie for 2,"stew meat, chicken broth, olive oil, margarine, carrot, onion, potato, flour, biscuits, salt and pepper",1143.9,unknown,75.0,34.0,92.0
30 minute braised chicken,"onion, olive oil, garlic clove, boneless skinless chicken thighs, apples, dried apricots, white wine, fresh parsley",344.6,unknown,5.0,100.0,13.0
30 minute chicken and dumplings,"chicken breast tenders, olive oil, butter, russet potato, carrots, onion, celery, bay leaf, salt & freshly ground black pepper, poultry seasoning, flour, chicken broth, biscuit mix, warm water, flat leaf parsley, frozen green pea",584.6,unknown,59.0,44.0,31.0
30 minute chicken and rice dinner by accident,"chicken breasts, rice pilaf mix, cream of mushroom soup, milk, white wine, vegetable oil, butter, garlic cloves, parmesan cheese, salt and pepper",519.2,unknown,34.0,5.0,57.0
30 minute chicken noodle soup  from foodtv  rachael ray,"extra virgin olive oil, carrots, parsnip, onion, celery ribs, fresh bay leaves, salt and pepper, chicken stock, chicken breast tenders, wide egg noodles, fresh parsley, fresh dill",565.8,unknown,29.0,39.0,25.0
30 minute chicken tamales,"masa harina flour, chicken broth, corn oil, salt, baking powder, chicken, green tomatillo sauce, corn husk",344.5,unknown,18.0,1.0,32.0
30 minute chili,"hamburger, yellow onion, garlic cloves, chili powder, black pepper, salt, cumin, cayenne pepper, pinto beans, crushed tomatoes, beef broth",446.0,lunch,71.0,22.0,24.0
30 minute chili  quick,"ground beef, rotel tomatoes & chilies, chili with beans, black beans, red kidney beans",356.7,lunch,13.0,1.0,18.0
30 minute chocolate cake,"flour, sugar, eggs, vanilla, baking soda, buttermilk, margarine, crisco, cocoa, boiling water",370.3,dessert,9.0,135.0,26.0
30 minute cobbler,"shortbread cookies, peaches in heavy syrup, butter, sugar, ground cinnamon",439.0,dessert,11.0,164.0,29.0
30 minute cream of mushroom soup,"butter, onion, celery, leeks, sliced mushrooms, flour, milk, chicken stock, salt, pepper",440.5,unknown,23.0,43.0,33.0
30 minute dinner,"oil, onions, green bell pepper, jalapeno peppers, garlic cloves, roast beef, button mushrooms, maggi seasoning, condensed cream of mushroom soup, basmati rice, rotini pasta, cooked egg noodles, ramen noodles, potato, italian bread",220.3,unknown,44.0,20.0,24.0
30 minute dinner rolls,"water, oil, sugar, yeast, salt, egg, flour",469.9,unknown,20.0,40.0,25.0
30 minute easy pork chops   scaloppine,"olive oil, boneless pork chops, scallions, red onion, fresh garlic, sweet basil, oregano, cilantro, red pepper, grape tomatoes, water, white wine, medium egg noodles",394.1,unknown,3.0,12.0,28.0
30 minute fresh mozzarella cheese homemade,"rennet tablet, water, 2% low-fat milk, citric acid, salt",120.2,unknown,4.0,48.0,7.0
30 minute lasagna bowls,"salt, campanelle pasta, extra virgin olive oil, pancetta, ground beef, carrot, onion, garlic cloves, allspice, fresh ground black pepper, bay leaf, tomato paste, dry red wine, beef stock, butter, flour, milk, nutmeg, parmigiano-reggiano cheese, fresh parsley leaves",473.5,dinner,41.0,10.0,28.0
30 minute lemon meringue pie,"biscuits, butter, condensed milk, lemon juice, lemon, rind of, eggs, caster sugar",1012.9,dessert,51.0,196.0,74.0
30 minute mini meatloaves,"ground beef, salt and pepper, egg, soft breadcrumbs, tomato sauce, italian seasoning, garlic powder, brown sugar",305.6,dinner,25.0,21.0,28.0
30 minute one pan chicken meal,"onion, boneless skinless chicken breasts, kosher salt, pepper, fresh mushrooms, zucchini, garlic cloves, diced tomatoes, dried basil, dried oregano, parmesan cheese",196.4,unknown,15.0,29.0,5.0
30 minute shepherd s pie,"potatoes, sour cream, egg yolk, cream, extra virgin olive oil, ground beef, carrot, onion, butter, all-purpose flour, beef stock, worcestershire sauce, frozen peas, sweet paprika, fresh parsley leaves",847.2,unknown,20.0,20.0,78.0
30 minute smoked sausage and corn chowder,"smoked sausage, green onion, vegetable oil, vegetable broth, o'brien frozen potatoes, cream-style corn, red pepper, heavy cream",385.5,unknown,32.0,17.0,47.0
30 minute spaghetti sauce,"ground beef, salad oil, green pepper, tomato sauce, onion, tomato paste, garlic clove, hot water, salt, sugar, oregano, cayenne pepper",358.9,unknown,52.0,47.0,32.0
30 minute vegetable beef soup,"beef broth, potatoes, cooked beef, v8 vegetable juice, whole canned tomatoes, frozen mixed vegetables, dried thyme leaves, ground black pepper",142.5,unknown,24.0,21.0,1.0
30 minute white bean and tomato soup,"bacon, onion, chicken broth, great northern beans, diced tomatoes, dried thyme, ground cumin",368.2,unknown,41.0,22.0,18.0
30 second margarita,"gold tequila, triple sec, ice, salt, margarita mix, lime",3.4,unknown,0.0,0.0,0.0
30 second sandwich,"bread, cheese",321.0,lunch,33.0,8.0,23.0
30 second steak sauce,"ketchup, worcestershire sauce, onion powder, paprika",28.7,unknown,13.0,20.0,0.0
30 minute cheesy baked ravioli,"cheese ravioli, spaghetti sauce, pepperoni, parmesan cheese, mozzarella cheese",238.5,unknown,37.0,35.0,23.0
30 minute chili,"ground beef, black beans, reduced-sodium beef broth, tomatoes and green chilies, chili powder, shredded cheddar cheese, fresh cilantro, green onion",375.2,unknown,23.0,1.0,27.0
30 minute garlic chicken with potatoes,"chicken breasts, red potatoes, garlic cloves, paprika, salt, olive oil",345.0,unknown,28.0,6.0,22.0
30 minute garlic almond chicken under a brick,"garlic cloves, flat leaf parsley, almonds, lemon zest, lemon, chicken breasts, extra virgin olive oil, mccormick's montreal brand steak seasoning",369.2,unknown,6.0,4.0,35.0
30 minute jambalaya skillet,"boneless skinless chicken breasts, celery, onion, green pepper, creole seasoning, diced tomatoes, tomato sauce, water, shrimp, minute rice",375.4,unknown,38.0,39.0,3.0
30 minute minestrone,"carrots, cabbage, celery rib, onion, garlic clove, vegetable oil, water, italian-style diced tomatoes, beef bouillon cubes, fresh spinach, cooked elbow macaroni, pepper",90.9,unknown,27.0,20.0,3.0
30 minute pasta sauce,"olive oil, red pepper flakes, fennel seed, garlic cloves, tomatoes, dried basil, dried marjoram, dried oregano, salt",164.9,unknown,2.0,21.0,21.0
30 minute pot pie,"miracle whip, milk, flour, onions, meat, cheese, pie shell",374.2,unknown,22.0,7.0,36.0
30 minute seasoned sweet potato   yam fries  baked not fried,"sweet potatoes, olive oil, paprika, cinnamon, kosher salt, white pepper",118.1,lunch,6.0,11.0,10.0
30 minute turkey chili,"extra virgin olive oil, yellow onion, garlic cloves, kosher salt, chili powder, dried oregano, tomato paste, chipotle chile in adobo, ground turkey, lager beer, whole canned tomatoes, kidney beans, scallions",428.3,unknown,49.0,25.0,30.0
30 second nut milk  raw food,"almond butter, bottled water, sea salt, agave nectar, vanilla extract, coconut butter",101.3,unknown,13.0,3.0,13.0
300 lb  potatoes,"potatoes, onion, bacon, mushroom, cheddar cheese, butter, milk, sour cream",500.3,unknown,17.0,11.0,50.0
31st year meatloaf,"ground beef, oatmeal, eggs, v8 vegetable juice, unflavored gelatin, worcestershire sauce, onion, garlic salt, ketchup, mustard, brown sugar",235.0,unknown,12.0,20.0,21.0
32k caramel cake,"flour, baking powder, salt, brown sugar, butter, eggs, carrots, pecans, caramels, icing sugar, milk, butterscotch chips, chocolate chips",906.3,dinner,36.0,428.0,57.0
35 calorie pumpkin cookies,"canned pumpkin, egg, plain yogurt, honey, vanilla extract, all-purpose flour, splenda granular, baking soda, baking powder, cinnamon, ginger, nutmeg, salt",61.1,dessert,4.0,13.0,0.0
35 minute teriyaki meatballs,"shallots, garlic, ginger, soy sauce, sugar, lean beef, rice, oil, carrots, snow peas, water, cornflour",497.4,unknown,47.0,25.0,28.0
35 minute  yummy  easy meatloaf   potatoes,"margarine, hot water, milk, instant mashed potatoes, cheese, lean ground beef, egg, meatloaf seasoning mix",498.5,unknown,21.0,3.0,45.0
35 second chocolate cake,"flour, splenda sugar substitute, unsweetened cocoa powder, baking powder, instant coffee crystals, salt, milk, olive oil, vanilla extract",125.9,unknown,10.0,0.0,9.0
350 roasted parmesan potatoes,"all-purpose flour, seasoning salt, parmesan cheese, potatoes, butter",430.1,unknown,12.0,10.0,23.0
36 hour freedom salsa,"firm ripe tomatoes, salt, chili powder, garlic clove, lime, yellow onion, green bell pepper, yellow bell pepper, red bell pepper, jalapeno peppers, habanero pepper",22.1,unknown,48.0,8.0,0.0
360 rocket salad  arugula,"walnut pieces, arugula, gorgonzola, granny smith apple, walnut oil, apple cider vinegar, shallots, garlic cloves, salt, fresh ground black pepper, calvados",355.1,unknown,6.0,13.0,52.0
365 day buttermilk cornbread,"bacon drippings, eggs, yellow cornmeal, salt, baking soda, baking powder, buttermilk",213.6,unknown,27.0,11.0,14.0
3rd generation blueberry streusel cake,"flour, splenda granular, sugar, ground ginger, butter, french vanilla cake mix, fat free sugar-free instant cheesecake pudding mix, water, fat-free blueberry yogurt, vegetable oil, eggs, egg beaters egg substitute, lemon juice, fresh blueberries",253.9,breakfast,10.0,96.0,13.0
3rd serving meatloaf,"dry breadcrumbs, milk, ground beef, eggs, onion, salt, sage, pepper, ketchup, brown sugar, white sugar, nutmeg, dry mustard",604.0,unknown,46.0,76.0,47.0
3rd world mocha,"hot coffee, sugar, milk, dark creme de cacao",54.1,unknown,0.0,33.0,1.0
3x chocolate cookies,"flour, baking powder, salt, unsweetened chocolate, semisweet chocolate, butter, light brown sugar, vanilla, water, egg, chocolate chips, pecans",84.3,dessert,0.0,28.0,8.0
4 alarm salsa chicken,"boneless skinless chicken breast, oil, yogurt, pace picante sauce, cilantro, yellow onion, garlic cloves, black pepper, salt, serrano pepper, turmeric powder, water",283.2,dinner,34.0,10.0,27.0
4 b s   a,"beef brisket, liquid smoke, celery salt, pepper, salt, onion, dark beer, worcestershire sauce, cornstarch, cold water",754.4,unknown,11.0,5.0,92.0
4 bean relish,"red wine vinegar, balsamic vinegar, extra virgin olive oil, scallion, red onion, peppadew peppers, sea salt, honey, white beans, chickpeas, pinto beans, black beans, salt, black pepper",205.3,unknown,15.0,19.0,8.0
4 bean salad,"dark red kidney beans, garbanzo beans, wax bean, green beans, celery, onion, italian dressing",268.7,unknown,46.0,28.0,25.0
4 cheese baked macaroni,"butter, flour, half-and-half, salt, white pepper, hot sauce, parmigiano-reggiano cheese, elbow macaroni, garlic, cheddar cheese, fontina cheese, gruyere cheese, fresh breadcrumb, spice essence",938.7,unknown,61.0,8.0,82.0
4 cheese baked macaroni   italian style,"italian style breadcrumbs, parmesan cheese, fresh italian parsley, dried oregano, salt and pepper, cayenne pepper, half-and-half, ziti pasta, unsalted butter, onion, garlic, flour, provolone cheese, bel paese cheese, fontina cheese",753.1,unknown,30.0,13.0,67.0
4 cheese cheesecake,"ricotta cheese, cheese, cream cheese, mascarpone cheese, sweet unsalted butter, sugar, eggs, lemon, juice of, pure vanilla extract, flour, cornstarch, sour cream, crackers, fresh fruit",666.2,dinner,23.0,116.0,75.0
4 cheese chicken and bacon tortellini,"four cheese pasta sauce, cheese tortellini, boneless skinless chicken breasts, bacon, green onion, mushroom, salt and pepper",1132.6,unknown,58.0,11.0,68.0
4 cheese macaroni and cheese,"whole wheat elbow macaroni, skim milk, margarine, flour, salt, pepper, low-fat cheddar cheese, lowfat mozzarella cheese, low-fat monterey jack cheese, low-fat cream cheese",364.5,lunch,42.0,1.0,20.0
4 cheese macaroni with a little more,"elbow macaroni, onion, olive oil, mushroom, bacon, white wine, butter, all-purpose flour, milk, four cheese blend, salt, red chili pepper flakes, breadcrumbs, flat leaf parsley",345.4,unknown,6.0,8.0,16.0
4 cheese mexican tortilla appetizers,"flour tortillas, refried beans, taco sauce, green bell pepper, red bell pepper, green onion, crushed red pepper flakes, four-cheese mexican blend cheese",173.1,lunch,22.0,10.0,12.0
4 cheese pasta bake,"penne pasta, butter, garlic cloves, all-purpose flour, salt, milk, provolone cheese, mozzarella cheese, parmesan cheese, fontina cheese, fresh parsley, panko breadcrumbs",856.9,unknown,51.0,6.0,64.0
4 cheese spinach dip,"cream cheese, garlic powder, parmesan cheese, romano cheese, sweet red pepper, green onion, frozen chopped spinach, medium cheddar, cayenne pepper",633.3,unknown,36.0,8.0,85.0
4 cs snack dip,"cream of chicken soup, cream cheese, white chicken meat, green chilies",217.1,lunch,19.0,5.0,25.0
4 delicious french fry toppers,"salsa, cheddar cheese, green onions, parsley, parmesan cheese, capers, lemon zest, salt, garlic clove, mayonnaise, fresh lemon juice, hot paprika, chili, red onion, reduced-fat sour cream, cheese",146.7,unknown,27.0,7.0,14.0
4 foil wrapped dinners,"kielbasa, caraway seed, onion, parsley, sauerkraut, beer, sausage, andouille sausage, new potato, ear of corn, chicken stock, sweet italian sausage, red bell pepper, basil, white wine, oyster mushroom, zucchini, salt & freshly ground black pepper, thyme, bun, spicy mustard, whole grain mustard, mustard, extra virgin olive oil",234.5,unknown,18.0,41.0,12.0
4 fun salsa s in one,"red ripe tomatoes, onion, fresh cilantro, fresh parsley, garlic, fresh cracked pepper, salt, ground cumin, serrano chili, jalapeno, lime, sun-dried tomato packed in oil, brown sugar, chipotle chile in adobo, adobo sauce, mango, cucumber, vodka, avocado",137.5,dinner,0.0,30.0,12.0
4 hour beef stew,"stew meat, onion, carrots, celery, potatoes, sugar, salt, dry tapioca, v8 vegetable juice, delmonte ketchup",240.1,dinner,19.0,18.0,8.0
4 in 1   creamy custard drizzle  dip  dressing or sauce,"sugar, cornstarch, salt, pineapple juice, orange juice, lime juice, eggs, cream cheese",119.4,dinner,5.0,41.0,10.0
4 inch strawberry chocolate cheesecake,"chocolate sandwich style cookies, butter, cream cheese, sugar, cornstarch, egg substitute, vanilla extract, unsweetened cocoa, strawberry schnapps, strawberries, whipped topping, strawberry",249.3,dessert,8.0,59.0,28.0
4 ingredient  sausage   potato bake,"whole kernel corn, smoked sausage, campbell's cream of chicken soup, raw potatoes",771.6,unknown,111.0,17.0,65.0
4 ingredient   tequila lime marinade,"olive oil, lime juice, tequila, italian salad dressing",242.5,dinner,0.0,1.0,41.0
4 ingredient banana cake for two,"bisquick, mashed banana, egg white, splenda sugar substitute",170.3,breakfast,17.0,32.0,7.0
4 ingredient chicken santa fe,"whole kernel corn, black beans, boneless skinless chicken breasts, salsa",237.2,lunch,26.0,12.0,3.0
4 ingredient crock pot chicken,"chicken drumsticks, maple syrup, soy sauce, whole berry cranberry sauce",639.3,unknown,90.0,367.0,20.0
4 ingredient easy chocolate fudge,"semi-sweet chocolate chips, sweetened condensed milk, almonds, vanilla extract",103.3,dessert,1.0,45.0,8.0
4 ingredient hamburger dinner in 4 easy steps,"hamburger, seasoning salt, pepper, mixed vegetables",268.9,unknown,9.0,10.0,20.0
4 ingredient lemon cookies,"lemon cake mix, instant lemon pudding, oil, eggs",116.8,dessert,5.0,25.0,10.0
4 ingredient peach cobbler,"flour, sugar, butter, peaches",188.7,dessert,2.0,82.0,12.0
4 ingredient sauce for roasted lamb,"light brown sugar, dijon mustard, lemon juice, garlic powder",462.1,dinner,30.0,432.0,3.0
4 ingredient sweet and spicy chicken wings,"chicken wings, honey, soy sauce, barbecue sauce",827.2,dinner,103.0,174.0,69.0
4 ingredient tangy coleslaw,"sweet onions, seasoned rice vinegar, salt, mayonnaise, coleslaw mix",99.0,unknown,10.0,16.0,10.0
4 ingredient tomato  cucumber   onion salad,"heirloom tomatoes, sweet onion, english seedless cucumbers, seasoned rice vinegar, crouton, salt, pepper",69.0,unknown,1.0,25.0,0.0
4 layer cream cheese pudding dessert,"flour, nuts, margarine, cream cheese, powdered sugar, cool whip, instant pudding mix, milk, coconut",556.2,dessert,26.0,182.0,47.0
4 layer dessert,"butter, self-rising flour, cream cheese, cool whip, powdered sugar, instant chocolate pudding mix",1059.2,dinner,56.0,284.0,100.0
4 layer lemon pie,"butter, flour, pecans, cream cheese, confectioners' sugar, whipped topping, condensed milk, egg yolks, lemon juice",446.1,dessert,7.0,149.0,40.0
4 layer mock snicker candy bars,"milk chocolate chips, butterscotch chips, creamy peanut butter, butter, sugar, evaporated milk, marshmallow cream, vanilla, honey roasted peanuts, caramels, whipping cream",8372.2,dessert,148.0,3267.0,678.0
4 layer pie,"powdered sugar, flour, margarine, cream cheese, cool whip, vanilla, chocolate instant pudding, instant vanilla pudding, milk",543.2,dinner,23.0,141.0,49.0
4 layer pizza dip,"fat free cream cheese, fat free sour cream, mozzarella cheese, diced tomatoes, garlic powder, onion powder, italian seasoning, kosher salt, pepper, pepperoni, cooked bacon",140.9,unknown,22.0,13.0,12.0
4 layer pumpkin dessert,"butter, flour, pecans, cream cheese, powdered sugar, cool whip, whole milk, instant vanilla pudding, fresh pumpkin, cinnamon",558.7,dessert,22.0,177.0,52.0
4 layer vanilla chocolate raspberry bars,"sugar, butter, salt, vanilla extract, all-purpose flour, eggs, red raspberry preserves, vanilla chip",165.2,dinner,4.0,54.0,11.0
4 lemon gallon o  lemonade,"lemons, sugar, boiling water, cold water",301.1,dinner,0.0,299.0,0.0
4 milk mexican flan,"sugar, evaporated milk, sweetened condensed milk, whole milk, eggs, egg yolks, vanilla extract, table cream",434.3,dinner,6.0,214.0,26.0
4 minute spicy garlic shrimp,"shrimp, olive oil, garlic cloves, red pepper flakes, steak seasoning, lemon, zest of, lemon juice, fresh parsley",152.4,unknown,8.0,0.0,21.0
4 pepper dip dressing   really kicked up,"mayonnaise, low-fat plain yogurt, cumin powder, sweet paprika, cracked black pepper, salt, cilantro, onion, sweet red peppers, sugar, chipotle chile in adobo",42.2,unknown,4.0,10.0,4.0
4 point stove top macaroni  amp  cheese,"elbow macaroni, alfredo sauce, cauliflower, fat-free cheddar cheese, dijon mustard",134.8,unknown,2.0,5.0,1.0
4 points   diet soda cake,"cake mix, diet soda, egg white",184.0,dessert,12.0,93.0,7.0
4 points   white pizza,"olive oil, vidalia onions, sugar, salt, spinach, part-skim ricotta cheese, parmesan cheese, fresh basil, pizza crusts",73.7,unknown,16.0,7.0,7.0
4 points plus   lemon chicken with broccoli,"flour, table salt, black pepper, chicken breasts, olive oil, chicken broth, garlic, broccoli florets, lemon zest, parsley, fresh lemon juice",211.9,unknown,26.0,1.0,16.0
4 pt  weight watcher quiche,"unbaked 9-inch pie shell, low-fat cheddar cheese, oscar mayer real bacon bits, flour, skim milk, eggs",196.9,breakfast,12.0,0.0,16.0
4 salad dressings,"fat-free mayonnaise, lemon zest, lemon juice, red wine vinegar, boiling water, black pepper, chives, orange zest, orange juice, extra virgin olive oil, coarse grain mustard, parsley, lime juice, apple juice, soy sauce, sesame oil, sesame seeds, coriander, chili, balsamic vinegar, dijon mustard",179.1,unknown,40.0,40.0,17.0
4 seasons candy cane cocktail,"candy cane, strawberry vodka, white creme de menthe, cranberry juice, ice cube",175.7,unknown,0.0,37.0,0.0
4 square family pizza,"cornmeal, pillsbury refrigerated classic pizza crust, olive oil, cheddar cheese, mozzarella cheese, red onion, chicken, fresh parmesan cheese, plum tomatoes, basil, pizza sauce, canadian bacon, pineapple tidbits, pepperoni",67.7,unknown,7.0,3.0,7.0
4 step zesty garlic chicken   veggies,"chicken tenders, onion, bell peppers, roma tomatoes, garlic and herb marinade, angel hair pasta, frozen broccoli, fat free sodium free chicken broth",404.2,unknown,3.0,18.0,3.0
4 cheese broiled tomato slices,"parmesan-romano cheese mix, ricotta cheese, mayonnaise, dried oregano, salt, garlic, tomatoes",49.1,dinner,5.0,5.0,5.0
4 cheese lasagna,"ricotta cheese, mozzarella cheese, provolone cheese, eggs, parsley, salt, pepper, lasagna noodle, olive oil, spaghetti sauce, parmesan cheese",442.1,dinner,58.0,60.0,42.0
4 cheese mac  n  bacon,"butter, center-cut bacon, white onion, all-purpose flour, whole milk, kosher salt, fresh ground black pepper, cayenne pepper, parmesan cheese, gruyere cheese, fontina cheese, gorgonzola, elbow macaroni",544.5,unknown,46.0,36.0,39.0
4 cheese spinach artichoke dip,"frozen chopped spinach, artichoke hearts, garlic cloves, sour cream, cream cheese, mozzarella cheese, parmesan cheese, cheddar cheese, roasted red pepper",149.9,unknown,11.0,2.0,17.0
4 cheese summer pasta supper,"linguine, zucchini, cheese, tomatoes, garlic cloves, parsley, dried basil",443.7,unknown,23.0,24.0,23.0
4 cheese zucchini bake,"onion, tomatoes, zucchini, oregano, cheddar cheese, mozzarella cheese, feta cheese, parmesan cheese, breadcrumbs",336.3,dinner,26.0,18.0,37.0
4 field berry frozen yogurt,"mixed berries, fine sugar, water, lime zest, yogurt, whipping cream",333.0,dessert,1.0,71.0,12.0
4 h applesauce nut bread,"flour, butter, sugar, applesauce, baking powder, egg, baking soda, walnuts",97.7,lunch,4.0,32.0,3.0
4 h sloppy joes,"ground beef, dried onion flakes, flour, tomato sauce, ketchup, water, brown sugar, mustard, cider vinegar, worcestershire sauce, chili powder, hot pepper sauce, hamburger buns",418.0,lunch,22.0,47.0,29.0
4 hour milk braised pork,"boneless pork shoulder, butter, milk, onions, leek, garlic cloves, ground nutmeg, seasoning",739.5,unknown,11.0,8.0,85.0
4 in 1 bean casserole,"kidney beans, pinto beans, pork & beans, french style green beans, green bell pepper, green onion, bacon, chili sauce, brown sugar",375.6,unknown,39.0,98.0,14.0
4 inch chocolate peanut butter cheesecake,"pretzel, butter, cream cheese, brown sugar, cornstarch, chocolate chips, peanut butter, egg substitute, vanilla extract, peanuts, white chocolate chips, chocolate",547.1,dinner,27.0,90.0,54.0
4 ingredient chicken chili,"great northern beans, white chicken meat, pace picante sauce, monterey jack pepper cheese",281.5,unknown,15.0,5.0,11.0
4 ingredient chicken salad,"canned chicken, ranch dip, mayonnaise, milk",178.8,lunch,12.0,10.0,22.0
4 ingredient chocolate nut toffee,"granulated sugar, unsalted butter, semi-sweet chocolate chips, nuts",3318.1,dessert,6.0,1173.0,375.0
4 ingredient sugar cookies,"margarine, confectioners' sugar, flour, vanilla",3004.9,dessert,88.0,473.0,283.0
4 layer bars,"yellow cake mix, margarine, egg, mini marshmallows, miniature m&m baking bits, peanuts",167.1,dessert,8.0,52.0,12.0
4 minute brownie pie,"eggs, sugar, salt, butter, flour, cocoa, vanilla, nuts",307.7,dessert,7.0,102.0,26.0
4 pepper deviled eggs alton brown,"eggs, pink peppercorns, white peppercorns, whole black peppercorn, green peppercorn, liquid, mayonnaise, dijon mustard, kosher salt, sugar",55.1,unknown,3.0,1.0,6.0
4 step chicken   rustic lemon onion chicken,"boneless skinless chicken breast halves, dried thyme, salt & freshly ground black pepper, olive oil, all-purpose flour, red onion, white wine, chicken broth, lemons, butter",342.1,unknown,14.0,9.0,30.0
4 5 calorie iced coffee,"instant coffee, equal sugar substitute, water, ice",11.6,unknown,0.0,6.0,0.0
4 2   round steak bake,"cooking oil, round steaks, potatoes, carrots, onion, tomato soup, water, salt, pepper, gravy master",564.1,unknown,39.0,78.0,17.0
40 clove garlic chicken,"roasting chicken, heads of garlic, butter, olive oil, dry white wine, cognac, heavy cream, flour, fresh thyme leave, salt, pepper",525.6,unknown,101.0,5.0,49.0
40 clove garlic chicken wings,"chicken wings, olive oil, garlic cloves, salt, pepper, rosemary, thyme, oregano, pernod",861.2,unknown,22.0,1.0,94.0
40 cloves of garlic and chicken,"fresh thyme, fresh rosemary, fresh sage, fresh italian parsley, garlic, salt, ground black pepper, whole chickens, celery, french bread",661.1,unknown,41.0,2.0,51.0
40 minute chili,"hamburger, onion, beans, tomato soup, tomato juice, water, chili powder, salt, garlic salt, pepper, paprika",212.8,unknown,26.0,28.0,15.0
40 minute hamburger buns,"active dry yeast, water, warm water, vegetable oil, sugar, egg, salt, flour",195.8,unknown,8.0,17.0,10.0
40 clove garlic chicken,"all-purpose flour, paprika, kosher salt, black pepper, olive oil, chicken thighs, garlic, celery, yellow onion, dry white wine, chicken broth, fresh rosemary, fresh thyme, bay leaves",371.9,unknown,57.0,8.0,33.0
40 second omelet,"eggs, water, butter",248.8,breakfast,9.0,3.0,33.0
43 pina colada,"pineapple juice, licor 43, coconut cream",115.4,unknown,0.0,52.0,8.0
44 cordial,"orange, coffee beans, sugar, white rum",2942.3,unknown,0.0,807.0,0.0
440 main s jambalaya,"chicken breasts, shrimp, vegetable oil, red pepper, green pepper, celery, onion, andouille sausages, ham, chicken stock, tomato sauce, salt, shrimp boil seasoning, cooked long-grain rice, parsley",768.8,dinner,117.0,32.0,51.0
45 minute roast turkey  mark bittman,"whole turkey, garlic cloves, fresh tarragon, extra virgin olive oil, salt & freshly ground black pepper",493.0,unknown,7.0,0.0,43.0
48 hour marinated shrimp,"water, large raw shrimp, red onions, yellow bell pepper, vegetable oil, red wine vinegar, sugar, lemon rind, fresh lemon juice, white wine worcestershire sauce, hot sauce, dijon mustard, salt, garlic cloves, fresh basil",269.2,unknown,32.0,15.0,29.0
48 hour pork tenderloin,"pork tenderloin, vegetable oil, dry white wine, lemon juice, garlic, salt, fresh ground black pepper, paprika, bay leaves",505.0,unknown,27.0,2.0,56.0
49er flapjacks,"dry yeast, milk, butter, eggs, sugar, bread, salt, vanilla",287.6,breakfast,27.0,29.0,24.0
4b s old fashioned cream of tomato soup,"tomatoes, chicken broth, butter, sugar, onion, baking soda, cream",238.6,unknown,6.0,25.0,33.0
4h winning white bread  non bread machine,"all-purpose flour, sugar, salt, dry active yeast, water, milk, margarine",1527.0,unknown,107.0,79.0,35.0
4pt weight watchers sweet n sour chicken,"boneless skinless chicken breasts, baby carrots, bell peppers, garlic, celery, snap peas, cornstarch, pineapple in juice, light soy sauce, cider vinegar, ground ginger, splenda sugar substitute",213.4,unknown,47.0,49.0,2.0
4th generation homemade cherry pie,"cherries, granulated sugar, unsifted flour, salt, butter, almond extract, flour, shortening, water",662.9,dessert,19.0,201.0,46.0
4th of july cabbage salad,"bacon, cabbage, coleslaw dressing, blue cheese, cherry tomatoes",145.4,unknown,13.0,13.0,17.0
4th of july flag cake,"flour, butter, powdered sugar, cream cheese, cool whip, fresh blueberries, strawberry, sugar",218.8,dessert,4.0,54.0,26.0
4th of july fried chicken,"chicken, buttermilk, flour, salt, ground sage, paprika, pepper, eggs, water, breadcrumbs, oil",956.2,unknown,46.0,19.0,85.0
4th of july fruit flag,"strawberries, blackberries, bananas, lemon juice",1014.3,dinner,0.0,567.0,7.0
4th of july fruit parfait,"cream cheese, powdered sugar, whipping cream, lemon juice, blueberries, strawberries, fresh mint leaves",343.1,dessert,5.0,60.0,43.0
4th of july grilled salmon  or chicken,"salmon steaks, peanut oil, soy sauce, balsamic vinegar, onion, brown sugar, garlic cloves, fresh ginger, crushed red pepper flakes, sesame oil, salt",199.8,dinner,27.0,13.0,26.0
4th of july margaritas,"tequila, triple sec, lime juice, prepared sweet-and-sour mix, frozen strawberries, ice, pineapple juice, pineapple chunk, blue curacao",51.1,unknown,0.0,35.0,0.0
4th of july martini,"vodka, triple sec, blue curacao, prepared sweet-and-sour mix, grenadine",104.9,dinner,0.0,0.0,0.0
4th of july no bake cheesecake,"white chocolate, cream cheese, cool whip, instant pudding mix",629.9,dessert,16.0,206.0,69.0
4th of july salmon with egg sauce,"onion, peppercorns, bay leaf, dill, salmon steaks, butter, all-purpose flour, liquid, canned chicken broth, heavy cream, salt, pepper, carrot, hard-cooked eggs, fresh dill",458.5,dinner,20.0,7.0,51.0
4th of july trifle,"cream cheese, confectioners' sugar, sour cream, almond flavoring, vanilla, whipping cream, angel food cake, strawberry, blueberries, sugar",6521.6,dessert,200.0,2714.0,456.0
4th of july triple layered savory casserole,"unsalted butter, leek, green bell pepper, zucchini, frozen leaf spinach, salt, fresh coarse ground black pepper, extra virgin olive oil, yellow onion, celery, lean ground beef, beef stock, tomato paste, dried oregano, dried thyme, dried basil, elbow macaroni, all-purpose flour, milk, sharp cheddar cheese, white pepper",552.1,dinner,23.0,22.0,46.0
5 a day smoothie,"orange, banana, sweet potato, carrot, orange juice",415.0,breakfast,4.0,222.0,1.0
5 bean salad,"cut green beans, wax beans, garbanzo beans, dark red kidney beans, black beans, red bell pepper, red onion, balsamic vinegar, dijon mustard, extra virgin olive oil, mrs. dash seasoning mix",398.1,unknown,18.0,10.0,16.0
5 can casserole,"chow mein noodles, chicken breasts, evaporated milk, cream of chicken soup, chicken and rice soup, onion, lemon juice",288.2,unknown,26.0,1.0,24.0
5 can chicken enchiladas,"canned chicken, diced green chilies, enchilada sauce, refried beans, tortillas, cheese, sour cream",858.1,unknown,199.0,88.0,33.0
5 can chicken tortilla soup,"corn, black beans, diced tomatoes with green chilies, chicken broth, cooked chicken, shredded cheddar cheese, corn tortilla strips",641.6,unknown,83.0,32.0,16.0
5 can mexican soup   3 ww points,"mexican-style tomatoes, mexican-style corn, fat free vegetable soup, green chilies, black beans",136.7,unknown,16.0,3.0,1.0
5 can ww soup,"new potatoes, carrots, zucchini with italian-style tomato sauce, diced tomatoes with basil oregano and garlic, fat free chicken broth",104.5,unknown,24.0,15.0,0.0
5 cans and a jar soup,"chicken stock, mild salsa, black beans, kidney bean, corn, hot sauce, lime juice",97.0,unknown,15.0,12.0,2.0
5 cheese baked macaroni and cheese,"unsalted butter, flour, milk, cheddar cheese, colby cheese, monterey jack cheese, mozzarella cheese, monterey jack pepper cheese, kosher salt, pepper, elbow macaroni, breadcrumbs",676.2,unknown,31.0,11.0,43.0
5 cheese grilled cheese,"sourdough bread, butter, parmesan cheese, swiss cheese, provolone cheese, mozzarella cheese, cheddar cheese",1123.2,lunch,96.0,6.0,102.0
5 cheese macaroni and cheese,"elbow macaroni, butter, cream cheese, sharp cheddar cheese, gouda cheese, swiss cheese, muenster cheese, whole milk, eggs, salt, fresh ground pepper, cayenne pepper, garlic powder, onion powder",473.5,unknown,34.0,20.0,50.0
5 chip cookies,"margarine, peanut butter, white sugar, brown sugar, eggs, vanilla, flour, oatmeal, baking soda, salt, milk chocolate chips, semi-sweet chocolate chips, peanut butter chips, vanilla chip, butterscotch chips",230.6,dinner,8.0,69.0,20.0
5 cup ambrosia,"mandarin oranges, pineapple chunks, coconut, miniature marshmallow, sour cream, maraschino cherries",264.3,unknown,1.0,91.0,26.0
5 cup ambrosia salad,"coconut, mandarin orange segments, crushed pineapple, sour cream, miniature marshmallow",141.8,unknown,1.0,39.0,15.0
5 cup fruit salad,"sour cream, shredded coconut, marshmallows, mandarin orange, crushed pineapple",228.3,dessert,2.0,83.0,21.0
5 cup pecan pie,"pecan halves, flour, unsalted butter, light brown sugar, light corn syrup, eggs, vanilla extract, pie shell",996.7,dinner,7.0,158.0,117.0
5 cup salad,"salad greens, coconut, mandarin orange segments, crushed pineapple, sour cream, miniature marshmallow",253.2,unknown,2.0,63.0,26.0
5 cup slice,"sultana, chocolate chips, unsalted dry roasted peanuts, desiccated coconut, condensed milk, dark chocolate",112.0,lunch,0.0,43.0,9.0
5 hour beef stew,"stew meat, canned green beans, peas, mushrooms, celery, carrots, potatoes, onion, burgundy wine, tomato soup, salt, pepper, ground pepper",599.6,unknown,74.0,66.0,13.0
5 ingredient baked bean chili,"ground beef, baked beans, tomato juice, v8 vegetable juice, chili seasoning mix",186.6,unknown,22.0,41.0,9.0
5 ingredient baked potato skins,"potatoes, cream cheese, bacon bits, cheddar cheese, red pepper flakes",375.7,lunch,14.0,10.0,29.0
5 ingredient brownies,"cocoa powder, flour, butter, eggs, sugar",111.4,dessert,1.0,50.0,6.0
5 ingredient chops in a crock pot,"pork chops, onion, ketchup, 98% fat-free cream of chicken soup, worcestershire sauce",240.1,unknown,7.0,10.0,21.0
5 ingredient dump cake,"crushed pineapple, cherry pie filling, yellow cake mix, butter, pecans",431.2,dinner,16.0,102.0,35.0
5 ingredient grilled shrimp,"large shrimp, olive oil, dried oregano, garlic clove, lemon, juice of",486.9,dinner,14.0,1.0,47.0
5 ingredient low fat tuna pot pie,"chunk tuna, reduced-fat cream of chicken soup, mixed vegetables, refrigerated reduced-fat buttermilk biscuits, herb salad dressing",207.5,unknown,28.0,14.0,3.0
5 ingredient macaroni and cheese,"elbow macaroni, unsalted butter, unbleached white flour, low-fat milk, extra-sharp cheddar cheese",352.9,unknown,11.0,19.0,25.0
5 ingredient peanut butter fudge,"brown sugar, granulated sugar, milk, marshmallow cream, peanut butter",177.2,dessert,2.0,97.0,10.0
5 ingredient salmon in a mustard   honey cream sauce,"salmon fillets, salt, pepper, heavy cream, honey, dijon mustard, fresh dill",426.4,dinner,12.0,19.0,43.0
5 ingredient salted caramel crumble bars,"pillsbury sugar cookie dough, caramel topping, all-purpose flour, coarse sea salt, pecans",52.8,dessert,4.0,0.0,3.0
5 ingredient soup,"vegetable broth, refried beans, black beans, frozen corn, rotel tomatoes & chilies",235.9,unknown,21.0,1.0,3.0
5 ingredient sunday chicken,"boneless skinless chicken breasts, bacon, ham, cream of celery soup, evaporated milk, garlic powder, white pepper",480.8,unknown,63.0,8.0,42.0
5 ingredient yummy layered mexican dip w  no beans,"chili without beans, cream cheese, green onion, green chilies, cheddar cheese, tortillas, black olives",4329.6,unknown,308.0,102.0,431.0
5 ingredients slow cooker beef burritos,"london broil beef, taco seasoning mix, onion, white vinegar, garlic clove, cooking spray",386.1,unknown,34.0,13.0,25.0
5 layer amaretto blueberry vanilla bars,"graham cracker crumbs, sugar, butter, eggs, cream cheese, instant vanilla pudding, amaretto, cornstarch, blueberries, whipped cream",364.0,dinner,14.0,216.0,20.0
5 layer bars,"graham cracker crumbs, salted butter, pecans, butterscotch chips, chocolate chips, shredded coconut, sweetened condensed milk",216.0,dessert,4.0,83.0,19.0
5 layer cookies,"butter, coconut, butterscotch chips, walnuts, sweetened condensed milk, graham cracker, chocolate",652.5,dessert,9.0,144.0,80.0
5 layer delicious dessert,"flour, butter, nuts, cool whip, cream cheese, powdered sugar, cherries, instant vanilla pudding, chocolate instant pudding, milk, hershey bar",582.9,dessert,21.0,166.0,59.0
5 layer dessert,"oreo cookie pie crusts, cream cheese, powdered sugar, instant butterscotch pudding mix, chocolate fudge instant pudding mix, milk, cool whip",714.9,dessert,23.0,182.0,69.0
5 layer dip,"refried beans, cream cheese, cheese, salsa, black olives",519.8,unknown,75.0,17.0,54.0
5 layer dip on a chip,"corn tortilla chips, guacamole, chili, cheddar cheese, sour cream, green onion",319.2,lunch,22.0,4.0,39.0
5 layer italian dip,"philadelphia cream cheese, parmesan cheese, pesto sauce, chopped pimiento, part-skim mozzarella cheese, breadsticks",216.9,unknown,26.0,6.0,28.0
5 layer peach cobbler coffee cake,"peach pie filling, peaches in light syrup, brown sugar, all-purpose flour, quick oats, butter, sugar, eggs, sour cream, vanilla extract, baking powder, baking soda, salt, powdered sugar, milk",467.8,breakfast,14.0,151.0,33.0
5 layered lasagna,"lasagna noodles, lean ground beef, onion, spaghetti sauce, italian seasoning, parsley, cottage cheese, mozzarella cheese, cheddar cheese",596.0,unknown,39.0,32.0,45.0
5 min chocolate tart,"sweet tart crust, double cream, caster sugar, salt, baking chocolate, unsalted butter, milk",410.1,dinner,2.0,27.0,63.0
5 min ice cream,"ziploc bag, milk, sugar, vanilla, salt, ice",105.5,dessert,787.0,25.0,6.0
5 minute  2 tomato bisque,"diced tomatoes, butter, evaporated milk, salt and pepper",109.9,unknown,22.0,33.0,9.0
5 minute   double layer chocolate pie,"graham cracker pie crust, milk, chocolate flavor instant pudding and pie filling mix, frozen non-dairy topping",338.7,dinner,22.0,134.0,23.0
5 minute   white chocolate hazelnut pie,"chocolate cookie pie crust, milk, hazelnut-flavored coffee, instant white chocolate pudding and pie filling mix, frozen non-dairy topping",255.6,dessert,8.0,50.0,26.0
5 minute artisan bread,"water, granulated yeast, kosher salt, unbleached all-purpose flour",783.3,unknown,109.0,2.0,4.0
5 minute butter chicken,"chicken, butter, garlic cloves, onion, cream, tomato paste, chili seasoning mix, turmeric, ground cumin, nutmeg, salt and pepper, garam masala",471.9,unknown,10.0,9.0,59.0
5 minute cheese fruit danish,"white bread, cream-style cottage cheese, fruit preserves, cinnamon",148.9,dessert,11.0,43.0,3.0
5 minute cheesy enchilada grande for 1,"cooked chicken, flour tortillas, enchilada sauce, monterey jack and cheddar cheese blend",556.0,unknown,41.0,7.0,42.0
5 minute chili,"tomatoes, black beans, mexican-style corn",197.1,unknown,11.0,21.0,1.0
5 minute chocolate cake,"flour, sugar, cocoa powder, egg, milk, oil",398.5,dessert,1.0,102.0,37.0
5 minute chocolate lava cake,"granulated sugar, all-purpose flour, baking powder, salt, unsweetened cocoa powder, milk, vanilla, brown sugar, cocoa, coffee",757.0,dessert,41.0,426.0,9.0
5 minute chocolate mug cake,"flour, sugar, cocoa, egg, milk, oil, chocolate chips, vanilla extract, coffee",810.2,unknown,3.0,202.0,74.0
5 minute comfort food,"noodles, butter, parmesan cheese, egg, salt",224.0,unknown,7.0,2.0,17.0
5 minute cranberry sauce,"dried sweetened cranberries, orange juice, water, mango",97.7,unknown,0.0,81.0,0.0
5 minute delicious artichoke dip  food processor  make ahead,"onion, artichoke hearts, lemon juice, parmesan cheese, ground black pepper, light mayonnaise, heavy cream, french baguette",451.9,dinner,47.0,10.0,32.0
5 minute double layer chocolate pie,"milk, chocolate instant pudding, whipped topping, graham cracker pie crust",339.8,dessert,23.0,105.0,24.0
5 minute easy vegan   chicken  guacamole tacos,"taco shells, avocado, garlic clove, onion, vegetarian chicken pieces, tomatoes, salt, lemon juice",254.1,lunch,2.0,15.0,27.0
5 minute frozen  yogurt with fruit variations,"frozen peaches, plain low-fat yogurt, confectioners' sugar, fresh lemon juice, almond extract",143.5,dessert,1.0,129.0,0.0
5 minute fudge,"evaporated milk, butter, sugar, miniature marshmallows, nuts, semi-sweet chocolate chips, vanilla extract",261.7,dessert,2.0,151.0,16.0
5 minute fudge wreath   rachael ray,"semi-sweet chocolate chips, butterscotch chips, sweetened condensed milk, pure vanilla extract, walnuts, raisins, green cherries",1385.2,dessert,7.0,565.0,128.0
5 minute key lime pie,"water, sugar-free lime gelatin, fat-free key lime yogurt, frozen reduced-fat non-dairy whipped topping, reduced fat graham cracker crust",36.7,dessert,0.0,0.0,0.0
5 minute lemon pie,"milk, instant lemon pudding mix, cool whip topping, graham cracker crumb crust",346.2,dessert,21.0,40.0,28.0
5 minute low fat bean dip,"pinto beans, salsa, cheddar cheese, black pepper, salt, garlic powder, cayenne pepper",377.7,unknown,37.0,9.0,7.0
5 minute mint chutney,"fresh mint leaves, onion, salt, sugar, apple cider vinegar, black pepper, green chili, tomatoes, ground cumin",73.2,dinner,6.0,45.0,0.0
5 minute orange smoothie,"nonfat yogurt, orange juice, ice cubes",124.4,unknown,4.0,79.0,0.0
5 minute pita pizza,"pita breads, bolognese sauce, cheese",423.5,unknown,38.0,6.0,12.0
5 minute potato,"red potatoes, extra virgin olive oil, garlic, butter, cheese, salt, pepper",422.6,lunch,11.0,11.0,44.0
5 minute salad,"avocado, tomatoes, onion, cucumber, cilantro, lemon juice, olive oil, balsamic vinegar, salt, pepper",440.7,unknown,0.0,27.0,59.0
5 minute sherried shrimp tapas,"jumbo shrimp, salt & freshly ground black pepper, tabasco sauce, olive oil, sherry wine",180.7,unknown,19.0,2.0,11.0
5 minute shrimp,"shrimp, olive oil, garlic cloves, crushed red pepper flakes, seasoning, fresh lemon zest, lemon juice, fresh parsley",180.4,unknown,10.0,1.0,12.0
5 minute spaghetti sauce,"tomatoes, fresh basil, garlic cloves, sugar, salt, fresh ground pepper, romano cheese, olive oil",333.9,unknown,12.0,32.0,46.0
5 minute spice cake in microwave,"flour, cocoa powder, baking soda, baking powder, ginger, cinnamon, nutmeg, clove, brown sugar, oil, molasses, water, egg",331.1,dessert,6.0,103.0,25.0
5 minute strawberry ice cream,"frozen unsweetened strawberries, sugar, heavy whipping cream",263.4,dessert,0.0,115.0,22.0
5 minute thai shrimp satay,"shrimp, low-fat peanut butter, low-fat catalina dressing, water, reduced sodium soy sauce, chili powder",122.9,dinner,13.0,0.0,3.0
5 minute toasted almond cheesecake pie,"shortbread pie crust, milk, almond extract, cheesecake flavor instant pudding and pie filling, non-dairy whipped topping, sliced almonds",211.6,dinner,3.0,29.0,23.0
5 minute vegan pancakes,"flour, sugar, baking powder, salt, soymilk, vegetable oil",444.8,breakfast,54.0,45.0,25.0
5 minute wet beef   green chile burritos,"roast beef in gravy, diced green chilies, garlic powder, chili powder, ground cumin, beef broth, wondra flour, refried beans, monterey jack pepper cheese, flour tortillas, sour cream",332.5,unknown,61.0,12.0,22.0
5 minute  no cook marinara sauce,"cherry tomatoes, dates, oregano, rosemary, lemon juice, olive oil, salt",176.2,unknown,48.0,11.0,27.0
5 minute  low fat tex mex enchiladas,"fat-free refried beans, fat-free turkey chili, mexican-style corn, mexican tomatoes, fat-free cream of mushroom soup, low-fat mexican cheese blend, tortillas",260.9,unknown,26.0,5.0,8.0
5 points plus   pineapple and honey glazed chicken,"crushed pineapple in juice, soy sauce, honey, lime juice, ginger, shallot, jalapeno pepper, chicken, cornstarch, water, parsley",521.9,unknown,17.0,27.0,52.0
5 points plus   sesame lime grilled tuna,"soy sauce, fresh lime juice, dark sesame oil, garlic cloves, fresh ground pepper, tuna steaks",277.7,unknown,23.0,1.0,16.0
5 spice beef   rice,"ground beef, onion, pepper, bay leaf, garlic powder, thyme, oregano, mushroom soup, tomatoes, brown rice, olive",503.9,unknown,25.0,17.0,35.0
5 spice marinade for stir fry or steak tips,"light soy sauce, sherry wine, chinese five spice powder, honey, garlic, white pepper",103.9,unknown,63.0,27.0,0.0
5 spice oatmeal raisin cookies,"sweet unsalted butter, light brown sugar, granulated sugar, eggs, vanilla, unbleached all-purpose flour, baking soda, chinese five spice powder, ground ginger, salt, quick oats, raisins",105.9,dessert,2.0,33.0,6.0
5 spice shrimp,"medium shrimp, five-spice powder, salt and pepper, olive oil, garlic, dry white wine",206.8,dinner,7.0,1.0,13.0
5 spice sugar,"sugar, ground cinnamon, ground nutmeg, ground ginger, ground cardamom, ground coriander",52.3,unknown,0.0,50.0,0.0
5 star balsamic strawberry salad dressing,"balsamic vinegar, red wine vinegar, strawberries, sugar, olive oil, onion, fresh parsley, fresh strawberries",322.7,dinner,0.0,61.0,41.0
5 star bars,"margarine, graham cracker crumbs, unsweetened coconut, sweetened condensed milk, vanilla, chocolate candy bars, cooking oil",273.0,dessert,3.0,62.0,30.0
5 star chocolate chip cookies,"butter, white sugar, brown sugar, eggs, vanilla extract, all-purpose flour, baking soda, hot water, salt, chocolate chips, walnuts",6785.0,dessert,167.0,2574.0,498.0
5 star creamed corn,"frozen corn, heavy whipping cream, whole milk, salt, sugar, cayenne pepper, butter, flour, parmesan cheese",456.1,dinner,23.0,25.0,40.0
5 star gourmet sauce for steak,"diced tomato, salt, pepper, dry sherry, tomato sauce, water, paprika, oil",47.5,dinner,18.0,24.0,0.0
5 star hot cocoa mix,"powdered milk, ground cinnamon, sugar, cocoa powder, bittersweet chocolate, marshmallows",289.5,breakfast,3.0,187.0,12.0
5 star oven fried chicken,"buttermilk, boneless skinless chicken breasts, corn flakes, bisquick baking mix, ranch dressing mix, cooking spray",223.8,unknown,14.0,12.0,8.0
5 star spaghetti   meatballs,"crushed tomatoes, water, tomato paste, garlic powder, salt, italian sausage, ground beef, breadcrumbs, parmesan cheese, egg",462.6,unknown,45.0,10.0,45.0
5 star tasty baked chicken,"low-fat italian salad dressing, soy sauce, onion, dry mustard",41.4,unknown,58.0,8.0,3.0
5 steak rubs for grilling,"dried chipotle peppers, dried ancho chiles, ground cumin, salt, sugar, unsweetened cocoa, allspice, peppercorns, dried tarragon, yellow mustard seeds, black peppercorns, coriander seeds, dill seed, red pepper flakes, star anise, coffee beans",2308.6,unknown,3651.0,195.0,102.0
5 tablespoon shrimp stir fry,"cooked shrimp, orange juice, fresh lime juice, canola oil, szechuan sauce, orange marmalade",316.1,unknown,21.0,27.0,14.0
5 teaspoon pancakes,"flour, sugar, salt, baking powder, oil, eggs, milk",215.2,breakfast,15.0,14.0,12.0
5 0 cosmo,"raspberry vodka, sugar-free cranberry juice, lime, juice of",42.5,unknown,0.0,2.0,0.0
5 a day bulgur wheat salad,"onion, garlic clove, broccoli, carrot, bell pepper, fresh parsley, fresh lemon juice, olive oil, bulgur, low sodium chicken broth, chickpeas",158.7,unknown,5.0,8.0,2.0
5 a day salad,"watercress, alfalfa sprout, tomatoes, cucumber, onion, mushroom, bell pepper, sunflower seeds, nonfat cottage cheese, cheddar cheese, olive oil, lemon juice, tahini, salt, pepper",332.4,unknown,4.0,12.0,45.0
5 bean chili,"ground beef, onion, whole tomatoes, great northern beans, black beans, dark red kidney beans, white kidney beans, chili beans, ketchup, bay leaves, chili powder, balsamic vinegar, pepper",755.0,unknown,38.0,47.0,22.0
5 bean salad,"butter beans, kidney beans, garbanzo beans, green beans, wax beans, red onion, green bell pepper, water, sugar, balsamic vinegar, oil, oregano, garlic",103.7,unknown,7.0,9.0,4.0
5 c s crescents,"laughing cow light swiss cheese, honey, dijon mustard, boneless skinless chicken breast, ground cardamom, salt, pepper, nonstick cooking spray, cucumber, tomatoes, cilantro, refrigerated reduced-fat crescent rolls",50.1,unknown,7.0,13.0,1.0
5 cheese crab lasagna with roasted garlic and vegetables,"garlic, extra virgin olive oil, dry white wine, fresh asparagus, cooking spray, garlic salt, salt & freshly ground black pepper, red bell peppers, fresh basil, dry lasagna noodles, roma tomatoes, dried oregano, parmesan-romano cheese mix, butter, sweet onion, flour, fat-free half-and-half, whole milk ricotta cheese, white crab meat, lemon, juice of, provolone cheese, havarti with dill, fontina, old bay seasoning",442.8,dinner,33.0,27.0,35.0
5 ingredient cracker toffee,"saltine crackers, butter, dark brown sugar, semi-sweet chocolate chips, pecans",113.2,unknown,3.0,31.0,12.0
5 layer dessert,"margarine, flour, walnuts, powdered sugar, cream cheese, instant vanilla pudding, pineapple, cool whip",377.7,dessert,10.0,129.0,36.0
5 layer mexican dip,"refried black beans, chili powder, ground cumin, sour cream, cheese, tomatoes, green onion, ripe olives, tortilla chips",104.6,unknown,11.0,4.0,10.0
5 layer mexican dip or nachos supreme,"spicy refried beans, sour cream, mayonnaise, taco seasoning mix, diced green chilies, avocados, fresh lemon, salt, garlic powder, cheddar cheese, green onions, tomatoes, black olives, fresh cilantro, tortilla chips",1195.2,unknown,215.0,33.0,57.0
5 layer seafood appetizer,"fat free cream cheese, horseradish, worcestershire sauce, light mayonnaise, lemon juice, heinz chili sauce, green onion, cucumber, shrimp, sharp cheddar cheese, jalapeno pepper",103.0,unknown,33.0,18.0,3.0
5 minute artisan pizza dough,"water, olive oil, granulated yeast, kosher salt, unbleached all-purpose flour",416.5,unknown,43.0,1.0,12.0
5 minute broccoli,"broccoli, extra virgin olive oil, lemon juice, garlic clove, salt and pepper, onion, feta cheese, sun-dried tomato",129.8,unknown,1.0,8.0,16.0
5 minute cheese potatoes,"cheddar cheese sauce, ground nutmeg, ground cayenne pepper, scallions, red potatoes, sharp cheddar cheese",98.9,unknown,1.0,5.0,2.0
5 minute chocolate fudge,"confectioners' sugar, cocoa, salt, milk, vanilla extract, butter, nuts",55.1,lunch,1.0,26.0,4.0
5 minute crock pot burritos,"pork sirloin roast, southwest seasoning, chunky salsa, flour tortillas, cheddar cheese, fresh cilantro leaves",1950.3,dinner,54.0,14.0,163.0
5 minute fudge,"carnation evaporated milk, white sugar, salt, miniature marshmallows, chocolate, vanilla, nuts",78.9,dessert,1.0,43.0,4.0
5 minute general tsos chicken,"chicken tenders, broccoli, kosher salt, cornstarch, rice wine vinegar, soy sauce, honey, red chili pepper flakes, sesame oil, garlic cloves, ginger, white rice, scallion, toasted sesame seeds",410.4,unknown,67.0,126.0,28.0
5 minute greek garbanzo bean salad,"garbanzo beans, garlic cloves, tomatoes, red onion, parsley, fresh lemon juice, extra virgin olive oil, salt and pepper, feta cheese, kalamata olives, rosemary",461.6,unknown,26.0,12.0,35.0
5 minute healthy sauted red cabbage,"red cabbage, lemon juice, chicken stock, extra virgin olive oil, garlic clove, sea salt, pepper, ginger, sesame seeds, soy sauce, cilantro, rice vinegar",284.8,unknown,3.0,26.0,36.0
5 minute individual potato gratins by melissa d arabian,"pam cooking spray, russet potatoes, swiss cheese, green onions, salt & freshly ground black pepper, heavy cream",349.7,unknown,2.0,7.0,31.0
5 minute low fat garlic prawns,"prawns, dry white wine, garlic cloves",116.2,unknown,29.0,1.0,1.0
5 minute mug chocolate cake,"cake flour, sugar, baking cocoa, egg, milk, oil, chocolate chips, vanilla",954.4,dessert,4.0,271.0,89.0
5 minute oatmeal  raisin cookie treat,"rolled oats, dark brown sugar, raisins, salt",141.3,lunch,6.0,59.0,2.0
5 minute southwest layered salad      k,"romaine lettuce, black beans, frozen corn, salsa, monterey jack and cheddar cheese blend, ranch dressing, tortilla chips",289.2,lunch,21.0,11.0,20.0
5 minute wacky vegan microwave chocolate cake for one,"flour, sugar, unsweetened cocoa powder, baking soda, salt, vegetable oil, white vinegar, vanilla, water",377.3,dessert,25.0,200.0,11.0
5 spice baby back ribs,"baby back ribs, chicken stock, gingerroot, five-spice powder, soy sauce, garlic cloves, plum sauce, hoisin sauce, sesame oil, chili paste with garlic",2708.6,unknown,107.0,27.0,315.0
5 spice carrots,"carrots, vegetable oil, chinese five spice powder, salt",111.8,unknown,15.0,23.0,10.0
5 spice plum glaze for ham,"plum jam, cornstarch, five-spice powder, ground red pepper, soy sauce, vinegar",962.9,unknown,88.0,635.0,0.0
5 spice tea,"green tea leaves, water, milk, chinese five spice powder",58.6,unknown,2.0,0.0,5.0
5 spice tilapia,"tilapia fillet, five-spice powder, reduced sodium soy sauce, light brown sugar, canola oil, scallions",191.3,unknown,24.0,42.0,8.0
5 spice tofu,"firm tofu, tamari soy sauce, water, five-spice powder, star anise, molasses",12.9,unknown,31.0,4.0,0.0
5 star filet mignon,"filet mignon, fresh rosemary, kosher salt, fresh ground black pepper, coarse sea salt",1245.1,unknown,33.0,0.0,152.0
5 way easy chocolate fudge,"semi-sweet chocolate baking squares, sweetened condensed milk, vanilla",95.4,dessert,0.0,54.0,6.0
5 way lasagna  cincinnati lasagna,"vegetable oil, ground beef, onion, tomato sauce, garlic, worcestershire sauce, chili powder, cinnamon, allspice, ground cloves, cayenne pepper, no-boil lasagna noodles, red kidney beans, cheddar cheese",467.5,unknown,38.0,27.0,39.0
50   whole wheat bread   bread machine,"all-purpose flour, whole wheat flour, cornmeal, salt, sugar, oil, molasses, water, yeast",203.9,unknown,18.0,10.0,3.0
50 dollar salad,"lime jell-o gelatin, boiling water, crushed pineapple, pear, pecans, marshmallows, egg yolks, sugar, vinegar, whipping cream",460.0,unknown,4.0,144.0,47.0
50 second fudge,"frosting, peanut butter",153.0,dessert,4.0,41.0,15.0
50 shades of garlic roasted chicken,"garlic, celery, carrot, potato, fresh thyme, fresh rosemary, olive oil flavored cooking spray, onion, green bell pepper, fresh parsley, fresh thyme sprigs, garlic cloves, chicken, fresh ground black pepper, salt, dried thyme, fresh thyme sprig, low sodium chicken broth, white wine, all-purpose flour, water",2576.2,unknown,43.0,17.0,226.0
50  whole wheat biscuits,"whole wheat flour, white flour, baking powder, sea salt, butter, milk",180.2,unknown,16.0,0.0,15.0
50  whole wheat bread,"water, margarine, molasses, whole wheat flour, all-purpose flour, salt, yeast",2114.9,unknown,160.0,95.0,57.0
50s classic meatloaf,"ground beef, ground pork, eggs, seasoned bread crumbs, onion, green pepper, worcestershire sauce, pepper, salt, ketchup, brown sugar, dijon mustard",1034.7,unknown,64.0,57.0,99.0
50 s prime time cafe   mom s meatloaf,"ground beef, ground pork, eggs, seasoned bread crumbs, onion, green bell pepper, red bell pepper, worcestershire sauce, black peppercorns, coarse salt, ketchup, brown sugar, dijon mustard",537.5,unknown,32.0,29.0,49.0
50 s prime time cafe roast,"top round roast, dry red wine, onion, carrots, garlic cloves, celery, salt and pepper, beef bouillon, olive oil",783.8,unknown,35.0,11.0,60.0
50 s style creamed chicken,"canned chicken breast meat, reduced-fat cream of mushroom soup, sliced mushrooms, no yolks egg noodle substitute, onion, olive oil, nonfat sour cream",151.1,unknown,4.0,16.0,9.0
50 50 fruit cordial,"sugar, citric acid, tartaric, lemons, oranges, boiling water",2646.2,unknown,1.0,2604.0,2.0
50 50 whole wheat bread  abm,"water, eggs, shortening, sugar, salt, whole wheat flour, bread flour, active dry yeast",277.2,unknown,15.0,20.0,14.0
500f eye of round roast,"eye of round roast, tony chachere's seasoning",376.5,dinner,5.0,0.0,28.0
54th street grill gringo dip copycat,"monterey jack pepper cheese, heavy cream, milk, pico de gallo, cayenne pepper, parmesan cheese, frozen creamed spinach",285.6,unknown,13.0,1.0,36.0
54th street southwest tortilla wraps,"flour tortillas, boneless skinless chicken breasts, bacon, head romaine lettuce, ranch dressing, adobo seasoning, parmesan cheese, cheddar cheese, jalapeno juice, corn tortilla strips",848.3,lunch,68.0,22.0,75.0
55 house salad,"vegetable oil, white vinegar, sugar, garlic powder, lettuce, bacon, blue cheese, red onion",504.3,dinner,14.0,71.0,69.0
55 minute dinner rolls,"warm water, yeast, milk, shortening, salt, flour, sugar, egg",122.5,unknown,2.0,6.0,4.0
57 sauce with honey  for cocktail franks,"heinz 57 steak sauce, honey, cocktail franks",309.7,unknown,30.0,97.0,31.0
57 t bird,"vodka, amaretto, melon liqueur, peach schnapps, fresh orange juice, raspberries, orange",90.8,unknown,0.0,16.0,0.0
57 t bird with hawaiian plates,"grand marnier, southern comfort, amaretto, vodka, pineapple juice, cranberry juice, grenadine",30.6,unknown,0.0,4.0,0.0
57 zesty honey chicken,"boneless skinless chicken breast, boneless skinless chicken thighs, heinz 57 steak sauce, honey, garlic powder, hot pepper sauce",393.8,unknown,7.0,140.0,9.0
6 can chicken tortilla soup,"whole kernel corn, chicken broth, chicken, black beans, rotel tomatoes, refried beans",468.5,unknown,62.0,13.0,21.0
6 can crock pot chili,"cornmeal, paprika, barbecue sauce, whole tomatoes, chili without beans, pinto beans, chili beans, condensed french onion soup",411.0,unknown,58.0,33.0,9.0
6 differents dry rubs,"chili powder, garlic powder, dried oregano, ground cumin, lemon peel, dried rosemary leaves, salt, fresh coarse ground black pepper, minced garlic cloves, dried basil leaves, dried oregano leaves, paprika, dried thyme leaves, ground allspice, ground red pepper, dehydrated onion, thyme leaves, ground nutmeg, sugar, onion powder, cayenne pepper, white pepper, ground black pepper, dry thyme leaves, oregano leaves, ground coriander, ground cinnamon, brown sugar",1519.7,unknown,2085.0,353.0,60.0
6 easy steps to zucchini jam,"zucchini, water, sugar, lemon juice, crushed pineapple in juice, cherry jell-o, fruit pectin",1192.9,unknown,4.0,1036.0,1.0
6 grain breakfast in the crock pot,"bulgur wheat, brown rice, barley, quinoa, rolled oats, apple, ground cinnamon, water, vanilla extract",157.1,breakfast,0.0,20.0,2.0
6 ingredient chicken stew,"low sodium chicken broth, sliced peaches in juice, apricot-pineapple preserves, reduced sodium soy sauce, chicken quarters, cornstarch",304.7,unknown,47.0,163.0,1.0
6 ingredient peach cobbler,"butter, sugar, self rising flour, milk, peach slices in heavy syrup, cinnamon, flour",313.2,dessert,10.0,145.0,19.0
6 layer dip with tortilla chips,"sour cream, mayonnaise, taco seasoning mix, avocado, salsa, lemon juice, hot pepper sauce, refried beans, cheddar cheese, tomatoes, black olives, flour, oil",193.6,unknown,14.0,6.0,22.0
6 layer dreamy chocolate mousse cake  paula deen,"all-purpose flour, sugar, unsweetened cocoa powder, baking powder, baking soda, milk, brewed coffee, vegetable oil, eggs, chocolate mousse mix, unflavored gelatin, cold water, boiling water, heavy whipping cream, chocolate fudge frosting, unsweetened chocolate squares, butter, confectioners' sugar, chocolate",719.0,dessert,10.0,230.0,71.0
6 minute literal cup cake,"all-purpose flour, cocoa powder, sugar, milk, vegetable oil, vanilla extract, egg",802.4,unknown,4.0,205.0,75.0
6 point breakfast casserole ww,"whole wheat bread, deli ham, low-fat swiss cheese, eggs, nonfat milk, salt and pepper",233.0,breakfast,19.0,31.0,13.0
6 point carne guisada  latin beef stew,"olive oil, scallion, garlic cloves, tomatoes, cilantro, beef stew, light beer, water, cumin, adobo seasoning, achiote, bay leaf, salt, baby red potatoes",194.6,unknown,19.0,15.0,12.0
6 step chicken tikka,"chicken, red food coloring, cumin powder, low-fat plain yogurt, green chili, ginger-garlic paste, limes, salt, oil",341.4,lunch,4.0,6.0,35.0
6 week bran muffins,"raisin bran cereal, sugar, splenda granular, all-purpose flour, baking soda, salt, eggs, egg whites, applesauce, vegetable oil, buttermilk",253.1,breakfast,23.0,64.0,9.0
6 week bran muffins  auntie anne s muffins,"bran buds, boiling water, oil, brown sugar, eggs, buttermilk, flour, baking soda, salt, butter, cinnamon sugar",262.3,breakfast,14.0,69.0,22.0
6 week granola muffins,"granola cereal, sugar, all-purpose flour, baking soda, vegetable oil, buttermilk, eggs, blueberries",203.3,breakfast,7.0,64.0,11.0
6 cheese macaroni and cheese,"elbow macaroni, milk, cream cheese, butter, prepared mustard, garlic granules, hot sauce, salt, eggs, cheddar cheese, asiago cheese, mozzarella cheese, parmesan cheese",484.4,unknown,21.0,5.0,40.0
6 layer mediterranean dip,"cream cheese, feta cheese, milk, dried basil, frozen spinach, tomatoes, green onions, black olives",93.4,unknown,8.0,4.0,12.0
6 minute raspberry jam  with variations,"fresh raspberries, sugar",458.1,unknown,0.0,356.0,3.0
6 vegetable mediterranean stew,"olive oil, red onion, button mushrooms, hot chili pepper, eggplant, ground cumin, balsamic vinegar, bacon, red pepper, chopped tomatoes, sun-dried tomatoes, red wine, water, salt and pepper, greek yogurt",695.7,unknown,44.0,90.0,72.0
6 week bran muffins,"all-bran cereal, flour, shortening, sugar, buttermilk, baking soda, eggs",226.8,unknown,9.0,79.0,11.0
60 minute dinner rolls,"unsifted flour, salt, milk, margarine, sugar, dry yeast, water",89.3,dinner,4.0,6.0,2.0
60 minute oatmeal nut bread,"bread flour, whole wheat flour, rolled oats, pecan pieces, sea salt, fast rising yeast, milk, water, orange zest, honey, butter, egg, powdered sugar",193.2,unknown,5.0,18.0,10.0
60 minute oven sirloin steak stew,"sirloin steak, new potatoes, frozen green beans, carrots, yellow onion, beef broth, water, flour, mccormick broiled steak seasoning, mccormick thyme leaves, mccormick black pepper",322.2,unknown,14.0,19.0,15.0
60 minute rolls,"active dry yeast, sugar, salt, all-purpose flour, powdered milk, hot water, butter",211.9,unknown,9.0,21.0,6.0
60 sec  chocolate oat peanut butter cookies,"quick oats, sugar, milk, butter, peanut butter, cocoa, vanilla extract",209.0,dessert,2.0,83.0,13.0
60 minute rolls  food processor,"active dry yeast, granulated sugar, warm water, milk, bread flour, salt, butter",119.4,unknown,6.0,6.0,2.0
60 second lunch  cheese roll ups,"whole wheat tortillas, mozzarella string cheese",72.0,lunch,7.0,1.0,6.0
7   day   soup diet recipe,"crushed plum tomatoes, pasta sauce, tomato paste, green onions, beef broth, celery & tops, fresh green beans, green bell peppers, carrots, chili powder, coarse salt, paprika, cayenne pepper, prepared mustard, ground black pepper",125.2,unknown,36.0,52.0,3.0
7 alarm chili,"yellow onions, jalapeno peppers, habanero peppers, red kidney beans, black beans, chipotle chiles in adobo, crushed tomatoes, beef broth, bacon, hot italian sausage, beef chuck, ground beef, hungarian paprika, cumin, cayenne pepper, chili powder, garlic, mexican oregano, mole",597.9,unknown,39.0,19.0,55.0
7 can soup,"ranch style beans, whole kernel corn, enchilada sauce, cream of chicken soup, chicken broth, rotel tomatoes, chicken",214.1,unknown,54.0,11.0,15.0
7 day coleslaw  lite eating,"cabbage, onion, carrot, vinegar, lite olive oil, dijon mustard, salt, celery seed, horseradish cream, pepper, artificial sweetener",34.1,dinner,7.0,10.0,1.0
7 day diet fat burning cabbage soup,"cabbage, kombu seaweed, leek, onion, poblano chile, bell pepper, celery, bulb of garlic, tomatoes, shiitake mushroom, water, herbs, salt, pepper",45.4,unknown,1.0,19.0,0.0
7 day soup diet  my version,"carrots, celery ribs, onions, garlic clove, tomatoes with juice, cauliflower, green beans, zucchini, baby spinach, fresh parsley, chicken bouillon cubes, water, salt, ground pepper",120.4,unknown,36.0,50.0,1.0
7 flavorful butter twists,"salted butter, chives, lemon zest, pepper, roasted red pepper, paprika, honey, dry mustard, walnuts, dried cranberries, orange zest, candied ginger, preserves, sugar, canned pumpkin, brown sugar, pumpkin pie spice",371.7,dinner,14.0,76.0,46.0
7 fruit charoset from surinam,"unsweetened coconut, walnuts, sugar, ground cinnamon, raisins, dried apples, prunes, dried apricots, dried pears, cherry jam, sweet red wine",1344.8,unknown,3.0,608.0,92.0
7 fruit salad,"lime juice, water, sugar, nectarines, banana, blueberries, strawberry, watermelon, grapes, kiwi",149.6,unknown,0.0,120.0,0.0
7 grain bread,"stone ground whole wheat flour, seven-grain cereal, soy flour, active dry yeast, warm water, unsweetened applesauce, honey, egg substitute, soymilk",16.8,unknown,0.0,4.0,0.0
7 ingredient corn and sausage chowder,"bulk sausage, condensed cream of chicken soup, milk, fresh corn, green onion, hot pepper sauce, swiss cheese",746.7,unknown,79.0,12.0,79.0
7 ingredient peanut butter cookies,"peanut butter, flour, granulated sugar, egg, nutmeg, cinnamon",103.6,dessert,1.0,53.0,6.0
7 layer  kind of  taco dip,"cream cheese, refried beans, sour cream, four-cheese mexican blend cheese, ground beef, lettuce leaf, tomatoes, onion, taco seasoning",446.3,dinner,25.0,8.0,50.0
7 layer bar,"butter, graham crackers, chocolate chips, butterscotch chips, coconut, walnuts, condensed milk",463.1,dessert,7.0,161.0,45.0
7 layer bars,"butter, graham cracker crumbs, sweetened condensed milk, semi-sweet chocolate chips, butterscotch chips, flaked coconut",272.1,dessert,4.0,118.0,23.0
7 layer bars  the real thing,"unsalted butter, graham cracker crumbs, semi-sweet chocolate chips, butterscotch chips, pecans, shredded coconut, sweetened condensed milk",216.8,dessert,2.0,76.0,21.0
7 layer bean dip,"avocados, lemon juice, salt, pepper, mayonnaise, sour cream, taco seasoning mix, bean dip, tomatoes, green onion, black olives, shredded cheddar cheese",314.1,unknown,18.0,11.0,42.0
7 layer brownie ice cream cake,"unsweetened cocoa powder, water, egg, vanilla, butter, sugar, flour, vanilla ice cream, whipped cream, raspberries, heath candy bar",338.7,dessert,4.0,128.0,25.0
7 layer casserole,"potatoes, carrots, celery, onion, sliced mushrooms, stewed tomatoes, cracker crumbs, water, ground beef, salt, fresh ground pepper",658.4,unknown,16.0,55.0,14.0
7 layer cookies,"butter, graham cracker crumbs, shredded coconut, butterscotch chips, chocolate chips, sweetened condensed milk, walnuts",405.3,dessert,6.0,133.0,42.0
7 layer dip,"sour cream, taco seasoning, refried beans, salsa, cheese, olives, lettuce, tomatoes, avocados, green onion, tortilla chips",450.0,unknown,48.0,13.0,46.0
7 layer fiesta dip,"cream cheese, taco seasoning mix, guacamole, salsa, lettuce, cheddar cheese, green onion, black olives",174.2,lunch,18.0,8.0,23.0
7 layer ham casserole,"rice, ham, frozen broccoli, onion, milk, cream of mushroom soup, cheddar cheese",550.4,unknown,55.0,10.0,31.0
7 layer jello,"jello gelatin, unflavored gelatin, sweetened condensed milk",100.4,dessert,3.0,75.0,1.0
7 layer lettuce salad,"iceberg lettuce, celery, diced onion, green pepper, frozen peas, miracle whip, sugar, cheddar cheese, cooked bacon",156.3,unknown,13.0,28.0,12.0
7 layer mediterranean dip  with hummus,"hummus, mixed greens, chopped tomato, cucumber, red onions, feta cheese, kalamata olives, pita bread",657.7,unknown,79.0,28.0,64.0
7 layer punchbowl dessert,"angel food cake, jello gelatin, bananas, pineapple chunk, mandarin orange, fruit cocktail, vanilla pudding mix, cool whip, berries",97.3,dessert,3.0,75.0,0.0
7 layer salad,"lettuce, green pepper, celery, onion, frozen peas, miracle whip, sugar, bacos bacon bits, cheese",273.6,lunch,34.0,38.0,29.0
7 layer salad   low fat version,"iceberg lettuce, celery, green onion, green pepper, frozen peas, light mayonnaise, splenda sugar substitute, low-fat cheese",145.2,unknown,14.0,21.0,11.0
7 layer salad for one,"lettuce, celery, green pepper, green onion, frozen peas, light mayonnaise, splenda sugar substitute, low-fat cheddar cheese",193.2,unknown,18.0,26.0,15.0
7 layer salad w o cheese,"bacon, lettuce, fresh spinach, green onion, frozen peas, mushroom, sour cream, hellmann's mayonnaise, hidden valley original ranch dressing",651.9,dinner,44.0,35.0,83.0
7 layer sombrero dip,"original ranch dressing mix, sour cream, refried beans, diced tomato, green chilies, black olives, cheddar cheese, monterey jack cheese, avocado",220.4,unknown,18.0,8.0,22.0
7 layer taco dip,"bean dip, guacamole, sour cream, salsa, colby cheese, black olives, green onions, tomatoes",97.1,unknown,15.0,2.0,12.0
7 layer taco pizza,"pinto beans, fat free tortillas, salsa, romaine lettuce, low-fat cheddar cheese, tomatoes, scallions",278.3,unknown,26.0,21.0,4.0
7 layer tortilla pie,"pinto beans, chunky salsa, garlic cloves, fresh cilantro, black beans, chopped tomato, 8-inch flour tortillas, cheddar cheese, salsa, sour cream",670.3,unknown,43.0,17.0,33.0
7 layered salad,"lettuce, celery, hard-boiled eggs, frozen peas, green pepper, onion, bacon, mayonnaise, sugar, cheddar cheese",275.7,unknown,18.0,23.0,33.0
7 minute frosting,"egg whites, sugar, water, cream of tartar, salt, vanilla",1249.5,dessert,21.0,1203.0,0.0
7 minute rich and creamy polenta,"half-and-half, water, salt, cornmeal, unsalted butter, parmesan cheese, fresh ground black pepper",478.6,breakfast,47.0,2.0,47.0
7 minute steamed carrots with herbs,"baby carrots, butter-flavored cooking spray, mrs. dash garlic and herb seasoning, parmesan cheese",50.5,unknown,5.0,21.0,1.0
7 minute 7 ingredient blender cheesecake,"cream cheese, sugar, milk, cornstarch, eggs, vanilla, graham cracker crumbs",237.5,dinner,6.0,67.0,23.0
7 samurai vegan soup,"olive oil, celery ribs, onions, carrots, water, garlic cloves, curry powder, brussels sprouts, cauliflower, potatoes, salt & pepper",209.7,unknown,3.0,22.0,8.0
7 sins ice cream dessert,"oreo cookies, butter, ice cream, sweetened condensed milk, chocolate syrup, vanilla, whipped topping, pecans",555.7,dessert,14.0,183.0,49.0
7 up biscuits,"bisquick, 7-up soda, sour cream, butter",885.2,unknown,64.0,84.0,83.0
7 up cake,"butter, sugar, eggs, flour, lemon extract, 7-up soda",411.2,dessert,7.0,154.0,29.0
7 up chicken,"chicken breasts, sprite, low sodium soy sauce, vegetable oil, garlic, black pepper, prepared horseradish",754.8,unknown,65.0,18.0,88.0
7 up pound cake,"flour, eggs, sugar, butter, salt, shortening, vanilla extract, lemon extract, carbonated lemon-lime beverage",419.3,dessert,5.0,156.0,30.0
7 11 cherry slurpee,"club soda, sugar, cherry powdered drink mix, maraschino cherry juice, ice",129.0,unknown,1.0,133.0,0.0
7 cheese mac   cheese,"elbow macaroni, eggs, velveeta cheese, butter, half-and-half, sharp cheddar cheese, parmesan cheese, mozzarella cheese, asiago cheese, havarti cheese, muenster cheese, salt, black pepper, italian seasoned breadcrumbs",1253.0,dinner,65.0,17.0,111.0
7 cup fruit salad,"sour cream, cool whip, pineapple chunk, mandarin orange, cherries, fruit cocktail, mini marshmallows",221.5,dessert,1.0,109.0,16.0
7 cup salad,"potato, cooked ham, hard-cooked egg, apple, cucumber, onion, mayonnaise, salt, black pepper, parsley",293.4,unknown,17.0,26.0,30.0
7 cup steamed christmas pudding with butterscotch sauce,"raisins, sultana, self-raising flour, butter, brown breadcrumbs, light muscovado sugar, mixed nuts, ground cinnamon, ground mixed spice, milk, egg, double cream, vanilla extract",855.3,dinner,25.0,249.0,81.0
7 layer b  l  t  dip,"cream cheese, mayonnaise, sour cream, parmesan cheese, garlic powder, salt and pepper, iceberg lettuce, water chestnut, cheddar cheese, monterey jack cheese, bacon, roma tomatoes, green onions",468.1,lunch,27.0,9.0,65.0
7 layer dip,"refried beans, taco seasoning mix, sour cream, guacamole, salsa, diced green chilis, green onion",91.8,unknown,18.0,8.0,7.0
7 layer dip   greek style,"hummus, ground lamb, red onion, cucumber, tomatoes, tzatziki, kalamata olive, of fresh mint",195.8,unknown,12.0,3.0,20.0
7 layer elote dip,"avocados, olive oil, limes, salt, sweet corn, sour cream, corn, cilantro, cotija cheese, green onion, seasoning salt, chili powder, garlic powder, seasoning, corn tortillas",677.1,unknown,54.0,32.0,63.0
7 layer fiesta party dip,"refried beans, salsa, taco seasoning, sour cream, guacamole, cheddar cheese, monterey jack cheese, roma tomatoes, black olives, green onion",345.2,lunch,46.0,14.0,36.0
7 layer ground beef  casserole,"rice, canned whole kernel corn, tomato sauce, onion, green pepper, ground beef, bacon, water, salt and pepper",551.8,unknown,40.0,24.0,36.0
7 layer jello,"black cherry jell-o, cherry jell-o, lime jell-o gelatin, lemon jell-o gelatin, orange jell-o, raspberry jell-o gelatin, strawberry jell-o gelatin dessert, boiling water, cold water, evaporated milk, cool whip, pecans",264.3,dinner,10.0,163.0,11.0
7 layer mexican appetizer,"refried beans, avocados, lime, salt, sour cream, taco seasoning, green onion, black olives, tomatoes, sharp cheddar cheese, nacho chip",129.4,unknown,5.0,2.0,15.0
7 layer ranch dip,"buttermilk ranch salad dressing mix, mayonnaise, sour cream, lettuce, tomatoes, pitted ripe olives, green onions, jalapeno peppers, cheddar cheese, tortilla chips",245.2,unknown,15.0,16.0,32.0
7 layer salad,"lettuce, onion, frozen peas, green pepper, bacon, miracle whip, cheddar cheese, seasoning salt, mrs. dash seasoning mix",271.3,dinner,18.0,8.0,34.0
7 minute vegetable soup,"onion, garlic, tomato sauce, tomatoes, frozen mixed vegetables, dried basil",295.8,unknown,54.0,75.0,3.0
7 up biscuits,"baking mix, sour cream, 7-up soda, butter",197.1,unknown,14.0,19.0,18.0
7 up bread,"self rising flour, sugar, soda pop",1473.8,unknown,198.0,154.0,5.0
7 up cake,"lemon supreme cake mix, pineapple instant pudding, vegetable oil, eggs, carbonated lemon-lime beverage, margarine, sugar, crushed pineapple, flour, angel flake coconut",550.2,dessert,18.0,155.0,37.0
7 up cake 2,"lemon cake mix, instant pineapple pudding, eggs, oil, 7-up soda, crushed pineapple, butter, coconut",571.8,dessert,19.0,115.0,61.0
7 up chicken,"chicken pieces, canola oil, soy sauce, carbonated lemon-lime beverage, garlic powder",583.8,unknown,88.0,24.0,73.0
7 up chicken in crock pot,"boneless skinless chicken breast halves, butter, 7-up soda, seasoning salt, parsley flakes",290.0,unknown,11.0,33.0,15.0
7 up chocolate chip pound cake,"butter, sugar, vanilla, eggs, all-purpose flour, cocoa, 7-up soda, semi-sweet chocolate chips",692.8,dinner,9.0,284.0,55.0
7 up cranberry punch,"water, sugar, cinnamon sticks, cranberry juice, orange juice, lemon juice, 7-up soda, ice cube",69.2,unknown,0.0,64.0,0.0
7 up gelatin  jello  salad delight,"orange-pineapple flavored gelatin, water, small marshmallow, 7-up soda, bananas, nuts, crushed pineapple, egg, pineapple juice, sugar, flour, whipped topping",2820.8,dessert,53.0,1898.0,92.0
7 up jello,"7-up soda, miniature marshmallows, lime jell-o gelatin, cream cheese, crushed pineapple, cool whip, mayonnaise, walnuts",259.9,lunch,5.0,89.0,24.0
7 up lime salad,"lime jell-o gelatin, pineapple juice, 7-up soda, applesauce",357.8,dessert,12.0,258.0,0.0
7 up pancakes,"egg, oil, pancake mix, 7-up",239.9,breakfast,22.0,22.0,11.0
7 up party salad,"7-up soda, marshmallows, lime jell-o gelatin, cream cheese, crushed pineapple, walnuts, cool whip, mayonnaise",747.4,dinner,11.0,299.0,66.0
7 up pork chops,"pork chops, 7-up soda, onion soup mix",268.3,unknown,24.0,27.0,22.0
7 up pork roast with glaze,"boneless pork loin, 7-up, red bell pepper, onion, garlic, soy sauce, flour",497.6,unknown,18.0,29.0,44.0
7 up pot roast  crock pot style,"boneless beef roast, carbonated lemon-lime beverage, celery salt, bay leaves, garlic cloves",9.0,dinner,0.0,7.0,0.0
7 up pound cake,"butter, sugar, eggs, cake flour, lemon flavoring, carbonated lemon-lime beverage",556.9,dessert,9.0,205.0,38.0
7 up punch,"raspberry kool-aid, frozen lemonade, frozen orange juice, pineapple juice, 7-up",1162.4,unknown,4.0,1074.0,1.0
7 up salad,"lime jell-o gelatin, boiling water, 7-up soda, crushed pineapple, miniature marshmallow, cottage cheese, sugar, cornstarch, pineapple juice, egg, cool whip, walnuts",276.6,unknown,6.0,160.0,14.0
7 vegetable chicken stew with dumplings,"boneless skinless chicken breasts, potatoes, carrots, onions, celery, rutabagas, sweet potatoes, chicken stock, dried thyme, dried sage, salt, black pepper, frozen peas, all-purpose flour, fresh parsley, butter, baking powder, milk",789.1,dinner,57.0,64.0,25.0
70 s hunt s spaghetti sauce with meat,"ground beef, onion, garlic cloves, tomato paste, diced tomatoes with juice, water, salt, sweet basil, sugar, oregano, pepper, oil",571.5,unknown,99.0,82.0,50.0
711 kirkwood s barley casserole,"lean ground beef, shortening, onion, celery, bell pepper, barley, tomato paste, water, salt, pepper",427.7,unknown,54.0,28.0,28.0
7 30 salad,"romaine lettuce hearts, baby spinach, hearts of palm, cucumber, carrot, tomatoes, red onion, frozen green pea, capers",82.5,unknown,9.0,24.0,1.0
7th inning stretch layered potato salad,"eggs, sugar, white wine vinegar, mayonnaise, yellow mustard, salt, russet potatoes, celery, red onion, green onion, sunflower seeds",348.9,unknown,25.0,67.0,24.0
8 ball,"ice, bacardi light rum, grand marnier, tequila, pineapple juice, lime juice, sugar syrup",89.2,dinner,0.0,14.0,0.0
8 can soup,"sweet corn, vegetable soup, crushed tomatoes, white potatoes, chili with beans, chili without beans, green beans, sausage",215.3,unknown,41.0,27.0,7.0
8 can taco soup,"black beans, pinto beans, diced tomatoes, sweet corn, chicken breasts, cream of chicken soup, green enchilada sauce, chicken broth, taco seasoning",363.2,unknown,49.0,30.0,13.0
8 cheese meat lasagna,"ricotta cheese, mozzarella cheese, provolone cheese, muenster cheese, parmesan cheese, romano cheese, feta, goat cheese, eggs, white pepper, dried parsley, pasta sauce, portabella mushroom, italian sausage, lasagna noodle",797.0,unknown,65.0,68.0,59.0
8 for  8   broiled blt burgers for a bunch,"ground beef, bacon, cheese, dried onion, seasoning salt, tomatoes, lettuce leaves, buns, miracle whip, mustard",404.3,dinner,23.0,8.0,46.0
8 grain mix,"bhutanese red rice, black rice, brown rice, quinoa, couscous, buckwheat groats, pearl barley, spelt",515.4,unknown,0.0,8.0,4.0
8 hour beef roast,"beef roast, beef broth, salt, pepper, basil, garlic powder, rosemary, oregano, bay leaves",292.8,unknown,58.0,0.0,14.0
8 hour buns,"sugar, active dry yeast, warm water, salt, canola oil, all-purpose flour",192.2,unknown,6.0,19.0,7.0
8 layer casserole,"lean ground beef, imitation bacon bits, onion, tomato sauce, water, chili powder, salt, ground black pepper, long-grain rice, whole kernel corn, green bell pepper",302.9,lunch,40.0,29.0,10.0
8 layer dip,"cream cheese, sour cream, mayonnaise, worcestershire sauce, garlic salt, avocados, lemon juice, tabasco sauce, baby shrimp, salsa, capsicum, green onion, diced tomatoes, cheddar cheese",3205.1,unknown,223.0,98.0,397.0
8 layer fiesta dip,"spicy refried beans, red enchilada sauce, guacamole, taco seasoning mix, sour cream, cheddar cheese, black olives, green onion, roma tomato",121.6,unknown,10.0,1.0,13.0
8 layer jello salad,"jello gelatin, milk, sugar, unflavored gelatin, sour cream, vanilla",362.9,dessert,11.0,233.0,14.0
8 minute asparagus couscous soup   quick and easy,"israeli couscous, asparagus, broth, parmesan cheese",406.6,unknown,86.0,20.0,3.0
8 minute cheesecake,"cream cheese, sugar, sour cream, vanilla, cool whip topping, graham cracker crust",589.2,dessert,15.0,106.0,69.0
8 minute creamy tomato soup,"butter, yellow onion, italian-style diced tomatoes, chicken stock, heavy cream, sour cream",639.0,unknown,14.0,52.0,88.0
8 vegetable ragout,"onion, carrot, minced garlic cloves, vegetable oil, celery, sliced mushrooms, italian stewed tomatoes, pepper, hot pepper sauce, romano beans, corn kernel, fresh parsley",156.2,unknown,27.0,36.0,6.0
8 layer tostada,"corn tortillas, vegetarian refried beans, diced tomatoes, frozen corn, low-fat monterey jack pepper cheese, chili powder",137.5,unknown,10.0,16.0,2.0
8 minute cheesecake w  strawberries,"cream cheese, granulated sugar, sour cream, vanilla extract, non-dairy whipped topping, graham cracker pie crust, strawberry",382.7,dessert,11.0,92.0,40.0
88 calorie brownies,"unsweetened applesauce, vanilla extract, egg whites, sugar, unbleached all-purpose flour, unsweetened cocoa powder, instant espresso powder, baking powder, salt, semisweet mini chocolate chips",108.6,dessert,5.0,75.0,2.0
8th birthday,"chambord raspberry liquor, dark creme de cacao, vodka, milk",88.9,unknown,0.0,0.0,1.0
9 bean salad,"celery, cherry tomatoes, red pepper, red onion, red kidney beans, dark red kidney beans, pinto beans, green beans, yellow beans, lima beans, great northern bean, black beans, garbanzo beans, fresh oregano, fresh rosemary, fresh thyme, dijon mustard, sugar, fresh garlic cloves, fresh parsley, balsamic vinegar, cider vinegar, extra virgin olive oil, fresh basil, cayenne pepper",417.6,unknown,4.0,39.0,56.0
9 grain bread,"warm water, powdered milk, olive oil, honey, salt, egg, whole wheat flour, bread flour, ground flax seeds, sunflower seeds, seven-grain cereal, active dry yeast",223.0,unknown,10.0,18.0,8.0
9 grain cereal bread and rolls,"water, egg, vegetable oil, instant oats, grain cereal, white flour, vital wheat gluten, sugar, salt, active dry yeast",82.8,unknown,9.0,13.0,2.0
9 head garlic blast cheese pizza with shrimp,"garlic, water, salt, olive oil, ricotta cheese, egg, fontina cheese, parmesan cheese, basil pesto, boboli pizza crusts, sun-dried tomato, tomatoes, zucchini, small shrimp, mozzarella cheese",1676.5,unknown,72.0,78.0,143.0
9 to 5 mexican crock pot chicken,"chicken thighs, tomato paste, dry enchilada mix, water, monterey jack cheese, black olives, sour cream, green onion",387.6,unknown,18.0,16.0,40.0
9 layer mexican dip,"refried black beans, salsa, sour cream, guacamole, lettuce, beefsteak tomatoes, cheddar cheese, black olives, pimento stuffed olives, green onions",330.0,unknown,37.0,8.0,35.0
90 minute batter rolls,"all-purpose flour, active dry yeast, milk, shortening, sugar, salt, egg, nonstick cooking spray, poppy seed",243.3,unknown,10.0,17.0,16.0
90 minute beer brined pot roast,"kosher salt, dark brown sugar, fresh coarse ground black pepper, bay leaf, beer, water, chuck roast, olive oil, fresh ground black pepper, onions, dry red wine, unbleached all-purpose flour, low sodium chicken broth",453.0,unknown,205.0,25.0,28.0
90 minute bread,"yeast, sugar, salt, hot water, vegetable oil, flour",150.4,unknown,9.0,10.0,2.0
90 minute peanut butter rolls,"all-purpose flour, sugar, fast rising yeast, salt, milk, water, peanut butter, egg, peanuts, butter, semisweet chocolate",347.7,breakfast,14.0,37.0,25.0
90 minute rolls,"crisco, sugar, salt, warm water, yeast, eggs, flour",112.6,dinner,4.0,4.0,3.0
90 minute rolls  2,"all-purpose flour, sugar, fast rising yeast, salt, milk, water, butter",109.9,unknown,4.0,8.0,3.0
90 minute soft pretzels,"all-purpose flour, sugar, table salt, active dry yeast, water, margarine, egg yolk, kosher salt",186.2,lunch,39.0,10.0,3.0
90 minute wonder or less   barley and mushroom soup,"olive oil, sliced mushrooms, onion, celery, garlic, barley, vegetable broth, white beans",167.4,unknown,0.0,8.0,2.0
90 minute pork side ribs,"pork side ribs, water, lawry's seasoned salt, black pepper, garlic powder, barbecue sauce",979.0,unknown,10.0,1.0,123.0
911 salmon,"soy sauce, brown sugar, whiskey, salmon fillets",292.6,unknown,46.0,54.0,8.0
99 bananas and a coconut cocktail,"banana rum, coconut rum, white rum, coconut milk, half-and-half",482.6,unknown,2.0,14.0,26.0
99 calorie broccoli soup,"vegetable stock, broccoli, garlic clove, fresh gingerroot, soymilk, low sodium soy sauce, red onion",125.3,unknown,8.0,32.0,4.0
99 er mocktail,"cranberry juice, orange juice, 7-up soda, sparkling water, grenadine",76.7,dinner,0.0,63.0,0.0
9x13 casserole base  any flavor  with cheese,"evaporated milk, eggs, cheese, salt and pepper",312.7,unknown,27.0,1.0,33.0
insert fruit here   puff pancake,"unsalted butter, muscovado sugar, mixed spice, apple, eggs, heavy cream, all-purpose flour, salt, maple syrup",1677.7,breakfast,23.0,266.0,178.0
gluten free     springfield style cashew chicken,"chicken, cashews, green onion, rice, chicken stock, water, sugar, oyster sauce, soy sauce, cornstarch",352.0,unknown,33.0,12.0,33.0
a  breakfast pick me up   try my starburst smoothie,"pineapple, orange, apricots, banana, pineapple juice, frozen yogurt, honey, ice cubes, lime, whipped cream, pineapple chunks, mint sprigs",182.0,unknown,1.0,118.0,5.0
a  cheesy creamy spinach quesadilla,"goat cheese, cottage cheese, mozzarella cheese, fresh ground black pepper, flour tortillas, onions, tomatoes, fresh spinach, cilantro, chives, jalapeno peppers, garlic cloves, parsley",167.5,lunch,14.0,9.0,9.0
a  different  fruit dip,"cream cheese, sugar, iced tea mix powder, orange rind, orange juice, vanilla extract",69.0,lunch,1.0,17.0,7.0
a   l chicken pasta casserole,"boneless skinless chicken breasts, fresh mushrooms, onion, sweet green pepper, sweet red pepper, carrot, frozen peas, water chestnuts, celery, salt & pepper, garlic powder, hot chili flakes, cream of celery soup, cheddar cheese, mozzarella cheese, cooked pasta",683.5,lunch,42.0,39.0,33.0
a   p spanish bar cake,"yellow cake mix, apple pie filling, eggs, apple pie spice, ground cloves, raisins, walnuts, cream cheese, butter, dark corn syrup, orange rind, confectioners' sugar",7873.5,dessert,227.0,3337.0,506.0
a   r  bbq pork shoulder sandwich,"pork shoulder, sandwich buns, coleslaw, barbecue sauce",677.6,lunch,81.0,43.0,50.0
a   w chili dogs,"hot dogs, roll, white onion, mild cheddar cheese, ground chuck, tomato paste, water, sugar, prepared yellow mustard, dried onion, chili powder, worcestershire sauce, salt, celery seed, cumin, black pepper",1336.2,lunch,221.0,160.0,94.0
a   w cream soda,"granulated sugar, unsweetened lemonade mix, water, corn syrup, vanilla extract, soda water",191.2,unknown,2.0,139.0,0.0
a  better for you  variation of chile cheese fries,"potatoes, butter, salt and pepper, ground beef, onion, red enchilada sauce, cheddar cheese",663.3,unknown,56.0,37.0,60.0
a   peri peri chicken wings,"chicken wings, soy sauce, fresh jalapeno pepper, chili powder, teriyaki sauce, garlic cloves, brown sugar, honey, orange marmalade, cayenne pepper",725.3,unknown,108.0,61.0,70.0
a   creamy jigglers,"boiling water, gelatin, milk, jello instant vanilla pudding mix",18.1,unknown,1.0,6.0,0.0
a    tasty    alternative  s s b   j for 1,"bread, sunflower seed butter, fruit spread",133.0,lunch,14.0,8.0,2.0
a 14 carat carrot cake,"flour, baking powder, baking soda, salt, ground cinnamon, eggs, sugar, oil, raw carrots, crushed pineapple in juice, nuts, butter, cream cheese, vanilla, confectioners' sugar",805.6,dessert,25.0,300.0,71.0
a bangin broccoli casserole,"frozen broccoli, frozen broccoli spears, sweet onion, garlic clove, cream of celery soup, milk, velveeta cheese slices, sharp cheddar cheese, butter, cream cheese, cracker",385.2,dinner,23.0,23.0,42.0
a basque custard  natillas,"heavy cream, eggs, sugar, vanilla extract, ground cinnamon, cinnamon sticks",1085.8,dinner,8.0,154.0,146.0
a beautiful salad,"baby spinach leaves, red onion, mandarin oranges, dried cranberries, sliced almonds, feta cheese, balsamic vinaigrette",206.1,unknown,13.0,34.0,20.0
a beef chili,"lean ground beef, bacon grease, garlic cloves, onions, celery, green pepper, tomato sauce, salt, new mexico chile powder, oregano, cumin, cayenne powder, plum tomatoes, salsa, jalapeno peppers, red kidney beans, dark red kidney beans, beer",576.3,unknown,38.0,36.0,28.0
a berry good banana smoothie,"bananas, milk, strawberries, plain yogurt",303.9,unknown,4.0,108.0,14.0
a berry lime martini,"lime-flavored vodka, fresh lime juice, raspberry liqueur, amaretto, creme de cassis",71.3,unknown,0.0,1.0,0.0
a berry nice smoothie,"frozen blueberries, frozen sliced strawberries, honey, vanilla yogurt, 2% low-fat milk, strawberry, blueberries, whipped topping",522.9,unknown,4.0,446.0,10.0
a better borscht  beet  soup,"pork hock, water, garlic cloves, seasoning salt, pepper, yellow onion, celery ribs, carrots, green beans, potato, red beets, salt, beet leaves, sweet peas, fresh dill, citric acid, sour cream",79.2,lunch,17.0,24.0,0.0
a better burnt almond cake,"french vanilla cake mix, vegetable oil, eggs, water, granulated sugar, honey, slivered almonds, unsalted butter, baking soda, vanilla, almond extract, vanilla-flavored syrup, pastry pride, sliced almonds, white sugar",387.3,dinner,10.0,181.0,24.0
a better chocolate eclair cake,"sugar, cornstarch, salt, whole milk, butter, vanilla, water, unflavored gelatin, heavy cream, graham crackers, chocolate chips, corn syrup",546.1,dessert,15.0,172.0,48.0
a better marzetti,"rotini pasta, olive oil, celery, onion, green pepper, fresh mushrooms, garlic cloves, dried oregano, red pepper flakes, black pepper, salt, lean ground beef, sweet italian sausage, tomato sauce, diced tomatoes, parsley, cheese",522.7,unknown,75.0,29.0,35.0
a better reuben sandwich,"mayonnaise, chili sauce, prepared horseradish, rye bread, butter, corned beef, swiss cheese, sauerkraut",656.7,lunch,76.0,18.0,60.0
a big dose of lime snowball cookies,"unbleached flour, cornstarch, unsalted butter, confectioners' sugar, fresh lime juice, lime zest, lime oil",1117.8,dessert,0.0,95.0,114.0
a bit of chicken  lemon  squash   leek rice,"chicken drumsticks, garlic cloves, onion, bacon, squash, leek, celery, arborio rice, thyme, lemons, dry white wine, vegetable stock, bay leaves, lemon, parmesan cheese, fresh ground black pepper",1029.7,unknown,29.0,33.0,67.0
a bit of everything chicken salad,"chicken breast, spinach, lettuce, red grapes, cherry tomatoes, apple, orange, cashews, sunflower seeds, raisins, green onions, lemon juice, honey, cayenne pepper, salt, poppy seeds, dijon mustard, olive oil",783.8,unknown,23.0,156.0,78.0
a bit of this smoothie,"orange, apple, kiwi fruit, baby spinach leaves, vanilla yogurt, banana, pineapple juice",310.7,unknown,4.0,179.0,5.0
a breakfast yogurt parfait  granola,"vanilla yogurt, granola cereal, mixed fruit",736.0,breakfast,5.0,140.0,56.0
a british classic   pan yan pickle,"apple, dates, sultana, malt vinegar, soft brown sugar, madras curry powder, salt and pepper",669.9,unknown,1.0,595.0,1.0
a campfire you can eat,"flour tortillas, red licorice, peanuts, peanut butter, fried chinese noodles, tootsie roll, pretzel stick, white grape juice, cocoa powder, candy corn",262.1,lunch,22.0,6.0,10.0
a can of this and a can of that crock pot chili,"hamburger, taco seasoning, condensed tomato soup, diced tomatoes, diced tomatoes with jalapenos, black beans, baked beans",392.6,unknown,47.0,68.0,16.0
a cheaper cioppino,"olive oil, onions, sliced mushrooms, mixed italian herbs, garlic clove, salt, red pepper flakes, fresh ground black pepper, diced tomatoes, dry red wine, white fish fillets, roasted red peppers, crabmeat, cooked shrimp, sugar, fresh parsley",267.0,dinner,42.0,36.0,13.0
a cheese lasagna to build on,"lasagna noodles, monterey jack cheese, cottage cheese, pasta sauce, garlic powder, salt and pepper, frozen broccoli, frozen spinach, red onion",442.7,unknown,46.0,44.0,31.0
a chicken in every pot pie,"cooked chicken, chicken broth, frozen peas, carrots, cream of mushroom soup, salt, pepper, bisquick baking mix, milk, garlic powder, celery seed, paprika",348.6,lunch,41.0,27.0,21.0
a chill chaser,"irish cream, dark rum, creme de cacao, hot cocoa, whipped cream",301.7,unknown,4.0,114.0,9.0
a chocolate box of truffles,"chocolate, cream, calvados, pecan nuts, almonds, raisins, icing sugar, cocoa powder",72.8,unknown,0.0,2.0,11.0
a chocolate frosting that rocks,"cocoa powder, powdered sugar, butter, heavy cream, coffee",1830.1,dessert,0.0,1778.0,6.0
a chocolate syrup cake,"yellow cake mix, instant vanilla pudding, sour cream, vegetable oil, eggs, chocolate syrup, pecans",305.0,dessert,14.0,91.0,24.0
a classic crock pot fondue,"white wine, garlic cloves, gruyere cheese, swiss cheese, flour, kirsch, ground nutmeg",279.1,dinner,6.0,3.0,28.0
a cold summer soup of beets and pimento pepper,"cooked beets, pimento pepper, green onion, garlic clove, buttermilk, water, red wine vinegar, salt, pepper, creme fraiche, fresh dill",175.5,unknown,32.0,58.0,14.0
a complete breakfast in bed for the one you love,"eggs, skim milk, texas toast thick bread, cinnamon sugar, banana, prepared topping, whipped cream, cocoa powder, coffee, orange juice",555.2,breakfast,27.0,114.0,29.0
a complete roasted chicken meal to die for,"olive oil, lemon, lemon, juice of, garlic cloves, kosher salt, fresh ground black pepper, green beans, red potatoes, chicken breasts",634.3,unknown,22.0,13.0,52.0
a couple of tipsy chicks,"cornish hens, light rum, fresh lime juice, honey, salt, pepper, ground coriander, cayenne, garlic powder, butter",432.3,dinner,56.0,70.0,21.0
a crock of cheese,"sharp cheddar cheese, monterey jack cheese, cream cheese, parmesan cheese, garlic clove, dry mustard, worcestershire sauce, tabasco sauce, dry white wine",854.4,unknown,49.0,7.0,107.0
a cup of hot mocha  michael smith,"bittersweet chocolate, butter, eggs, brown sugar, vanilla, strong coffee",385.8,dinner,11.0,108.0,42.0
a cup of joy,"coconut rum, frangelico, irish cream, amaretto, hot coffee, shredded coconut",117.8,unknown,0.0,0.0,0.0
a date with a banana smoothie,"banana, dates, plain nonfat yogurt, low-fat milk, protein powder, flax seed meal, vanilla",260.1,breakfast,4.0,122.0,7.0
a date with a pig,"bacon, pitted dates",339.9,dinner,19.0,71.0,39.0
a date with rum cake  vegan,"applesauce, baking powder, flour, brown sugar, ginger, cinnamon, baking soda, salt, dates, dark rum, mandarin orange, soymilk, vegetable oil",198.6,dessert,7.0,60.0,7.0
a day at the beach,"coconut rum, amaretto, orange juice, grenadine",323.1,unknown,0.0,66.0,0.0
a delectable cinnamon milkshake,"vanilla ice cream, milk, cream, cinnamon extract, cinnamon, nutmeg, whipped cream",544.2,unknown,7.0,115.0,57.0
a different  pizza,"sausage, onion, flour, italian seasoning, salt, pepper, milk, eggs, pizza sauce, mozzarella cheese",633.8,unknown,54.0,6.0,66.0
a different and delicious nacho dip,"boneless chicken breasts, chicken wing sauce, cream cheese, blue cheese dressing, mozzarella cheese, tortilla chips",319.1,unknown,18.0,4.0,43.0
a different banana pound cake,"salted butter, bananas, sugar, eggs, all-purpose flour, baking powder",509.1,dessert,11.0,128.0,45.0
a different beef stew,"carrots, potatoes, onion, boneless beef cube, celery ribs, seasoning salt, water, ketchup, warm water, flour",731.7,unknown,21.0,55.0,83.0
a different black forest dump cake,"crushed pineapple, cherry pie filling, devil's food cake mix, pecans, butter, whipped topping, chocolate bar",4632.5,dinner,212.0,952.0,389.0
a different cake,"butter, brown sugar, water, coconut, pecans, flour, sugar, cocoa, baking powder, milk, eggs, vanilla, mini chocolate chip",615.5,dinner,11.0,231.0,49.0
a different chicken dijonaisse,"onions, garlic clove, butter, whole chicken breasts, dijon mustard, sour cream, salt and pepper, dry white wine, parsley sprig",613.8,dinner,15.0,17.0,66.0
a different chicken dish,"milk, french style green bean, sharp cheddar cheese, condensed golden mushroom soup, chicken breasts, french-fried onions, hormel dried beef, garlic powder, tony chachere's seasoning, cooked rice",375.6,unknown,32.0,7.0,36.0
a different chicken pot pie  for the freezer,"boneless skinless chicken breasts, chicken stock, button mushrooms, onion, carrots, garlic, bay leaves, salt, pepper, nutmeg, frozen peas, dijon mustard, lemon juice, all-purpose flour, yukon gold potatoes, milk, cream cheese, butter",638.0,unknown,37.0,35.0,31.0
a different chocolate cake,"active dry yeast, milk, flour, sugar, salt, vanilla, butter, eggs, bittersweet chocolate, strong black coffee",380.2,dessert,8.0,68.0,19.0
a different chocolate eclair cake  dessert,"club crackers, vanilla instant pudding mix, milk, cool whip, chocolate squares, butter, light corn syrup, vanilla, powdered sugar",686.1,dessert,35.0,236.0,49.0
a different crock pot vegetable casserole,"rice, zucchini, yellow squash, onion, green pepper, tomatoes, brown sugar, olive oil",150.1,unknown,0.0,54.0,8.0
a different espresso martini,"vanilla vodka, amaretto liqueur, cointreau liqueur, tia maria, espresso",64.2,dinner,0.0,0.0,0.0
a different garlic bread,"french bread, olive oil, garlic cloves, italian spices, roma tomato, mozzarella cheese",717.9,unknown,58.0,7.0,54.0
a different greek salad,"romaine lettuce, garlic clove, fresh dill, scallion, lemon, extra virgin olive oil, salt & freshly ground black pepper, kalamata olives, feta cheese",235.7,unknown,20.0,16.0,29.0
a different green bean casserole,"butter, onion, flour, low-fat milk, dijon mustard, parmesan cheese, salt, pepper, red pepper flakes, cut green beans, buttery cracker",197.1,unknown,26.0,21.0,17.0
a different grilled cheese sammich,"cheddar cheese, monterey jack cheese, pimientos, mayonnaise, celery salt, paprika, chili powder, garlic powder",345.2,lunch,22.0,13.0,42.0
a different kind of french bread pizza,"butter, flour, whole milk, salt and pepper, honey mustard, baguette, deli ham, gruyere, thyme, shallot, white wine vinegar, olive oil, english cucumber, radishes, frisee",1326.6,lunch,102.0,55.0,76.0
a different kind of french toast,"rye bread, egg, salt, tomatoes, onion, hot mustard, oil",317.6,breakfast,25.0,23.0,31.0
a different kind of omelet,"eggs, powdered milk, water, red potatoes, green onions, tomatoes, bacon, dried basil, dried parsley, shiitake mushroom, butter, bacon grease, provolone cheese, salt and pepper",1146.5,breakfast,65.0,24.0,141.0
a different kind of pistachio ambrosia,"fruit cocktail, pineapple chunks, mandarin oranges, instant pistachio pudding mix, sour cream, frozen whipped topping, pecans",227.5,dessert,1.0,111.0,17.0
a different layered salad,"light mayonnaise, light sour cream, lemon juice, garlic cloves, dry mustard, salt, pepper, sugar, baby spinach, roasted deli chicken, red pepper, eggs, head iceberg lettuce, carrots, cheddar cheese, pecan pieces, bacon",485.5,unknown,23.0,17.0,53.0
a different macaroni salad,"thousand island dressing, vinegar, hard-boiled eggs, fresh lemon juice, prepared mustard, sugar, salt, pepper, elbow macaroni, celery, green peppers, onion",445.0,unknown,31.0,45.0,34.0
a different porridge,"rolled oats, rolled barley, cinnamon, skim milk, yoghurt",232.4,breakfast,3.0,2.0,3.0
a different roast beef sandwich,"mayonnaise, prepared horseradish, chili sauce, rye bread, deli roast beef, tomatoes, red onion, romaine lettuce",338.6,lunch,69.0,21.0,15.0
a different salsa verde,"fresh parsley sprigs, of fresh mint, fresh garlic clove, capers, anchovy fillets, extra virgin olive oil, salt, fresh ground black pepper",135.7,dinner,3.0,0.0,22.0
a different seven layer salad,"sour cream, buttermilk, feta cheese, sugar, dill, basil, pepper, spinach tortellini, spinach, mushrooms, roma tomatoes, green onions, canadian bacon",92.3,unknown,12.0,13.0,9.0
a different slaw    for a change,"garlic, mayonnaise, olive oil, dry mustard, salt, black pepper, cayenne, sugar, green cabbage, red cabbage, fresh spinach, red onion, carrot, green onions",148.4,dinner,11.0,24.0,18.0
a different spinach salad,"baby spinach, bananas, fresh strawberries, walnuts, raspberry vinaigrette dressing",298.1,unknown,1.0,60.0,30.0
a different style fried rice,"eggs, toasted sesame oil, shrimp, chorizo sausage, onion, cooked white rice, soy sauce, sherry wine, cilantro",356.2,unknown,36.0,5.0,14.0
a different tiramisu,"ricotta cheese, icing sugar, fat free sour cream, coffee liqueur, jellied cranberry sauce, cookies, chocolate",509.8,dinner,4.0,296.0,22.0
a different tomato salad dressing,"olive oil, soy sauce, balsamic vinegar",127.4,unknown,31.0,0.0,20.0
a different tuna casserole,"tuna, kraft macaroni and cheese, cream of mushroom soup, green peppers, pepper, saltine crackers",316.5,unknown,32.0,23.0,12.0
a different way to make chicken   rice,"boneless chicken breast, chicken liver, tomato sauce, cooked rice, red bell pepper, onion, chicken stock, salt and pepper, cheese, soy sauce, pepper",280.2,unknown,56.0,27.0,13.0
a dilly dip for veggies,"sour cream, mayonnaise, beau monde spice, garlic, chives, hot sauce, parsley, dill weed",707.0,unknown,38.0,30.0,97.0
a dilly of a pea salad,"romaine lettuce, frozen peas, celery, scallions, dried dill weed, salt, fresh ground black pepper, miracle whip, tomatoes",92.6,dinner,10.0,28.0,1.0
a dilly potato salad  no mayo,"red potatoes, fresh green beans, sliced ripe olives, celery, onion, vegetable oil, white wine vinegar, seasoning salt, dill weed, dry mustard",139.8,dinner,2.0,7.0,8.0
a diner breakfast,"baking potatoes, yellow onion, kosher salt, fresh ground black pepper, canola oil, rib eye steaks, unsalted butter, eggs, white bread, sour cream, fresh chives",483.8,breakfast,13.0,16.0,40.0
a doozie of a floozie burger,"sweet onions, dill pickle, mayonnaise, lettuce, ground beef, cajun seasoning, pepper, tomatoes, sliced mushrooms, butter, cheese, eggs, hamburger buns",635.9,unknown,39.0,15.0,64.0
a dozen cheesecakes,"refrigerated chocolate chip cookie dough, low-fat cream cheese, sweetened condensed milk, egg, vanilla extract",254.2,dessert,7.0,28.0,20.0
a dream of peaches n cream cake,"butter recipe cake mix, eggs, oil, water, peaches, sugar, cornstarch, sour cream, whipping cream",587.3,dessert,13.0,176.0,53.0
a drinkable chocolate chip cookie experiment,"milk, vanilla, margarine, brown sugar, cocoa",287.6,unknown,6.0,107.0,16.0
a duck fart,"amaretto, kahlua, baileys irish cream",70.1,dinner,0.0,23.0,2.0
a duet of pasta and cheese,"spaghetti, garlic, olive oil, butter, salt and pepper, cheese, eggs, fresh parsley",615.4,unknown,9.0,9.0,28.0
a fabulous vinegar pudding,"cake flour, butter, apricot jam, sugar, eggs, milk, bicarbonate of soda, water, white vinegar",368.1,dinner,8.0,164.0,15.0
a famous chicken salad sandwich,"white chicken meat packed in water, mayonnaise, apples, grapes, celery, pecans, hard-boiled eggs, honey-wheat bread, lettuce, tomatoes",372.8,lunch,8.0,80.0,29.0
a faster egg muffin,"english muffin, egg, deli ham, cheese",342.0,breakfast,39.0,9.0,23.0
a feel good meal,"whole wheat pasta, olive oil, garlic cloves, hot red chili peppers, red onion, cherry tomatoes, zucchini, broccoli floret, red bell pepper, fresh basil, dried oregano, dried parsley, black pepper",230.9,unknown,0.0,11.0,4.0
a fool for strawberries,"frozen strawberries, granulated sugar, orange extract, heavy cream, orange zest, toasted sliced almonds",336.2,dinner,1.0,66.0,42.0
a french country affair  elegant omelette gateau w chive flowers,"eggs, olive oil, courgettes, spring onions, fresh edible flowers, roasted red peppers, garlic cloves, red chile, salt and pepper, cream cheese, milk, fresh chives, fresh oregano, fresh basil, baby spinach, parmesan cheese",246.5,lunch,8.0,9.0,33.0
a french onion soup lovers french onion soup,"vidalia onions, dried thyme, sugar, vegetable oil, garlic cloves, red wine, beef broth, worcestershire sauce, dijon mustard, salt, pepper, gruyere, french bread",690.6,dinner,94.0,42.0,55.0
a fresh roasted tomato and  red pepper soup,"fresh tomatoes, red bell peppers, yellow bell peppers, orange bell peppers, yellow onion, red onion, garlic, olive oil, raw sugar, red onions, garlic cloves, low sodium chicken broth, butter, flour, fresh basil, heavy cream, pecorino cheese",591.5,lunch,7.0,127.0,48.0
a friend of a friend of a friend s chocolate bourbon banana brea,"bananas, salted butter, brown sugar, egg, vanilla, bourbon, baking soda, salt, cinnamon, nutmeg, ground cloves, flour, semi-sweet chocolate chips",3110.5,breakfast,87.0,1186.0,184.0
a fully monty   healthier version,"tomatoes, portabella mushrooms, canadian bacon, sausages, salt & freshly ground black pepper, olive oil, baked beans, whole wheat bread, eggs",770.4,breakfast,90.0,70.0,62.0
a fun and frolic kind of avocado  bacon  and tomato wrap yippee,"cooked bacon, tomatoes, green onion, shredded cheddar cheese, sour cream, lettuce, salt, pepper, avocado, tabasco sauce",74.9,lunch,12.0,7.0,7.0
a fuzzy thing,"absolut citron vodka, triple sec, peach schnapps, orange juice, pineapple juice, sour mix",131.1,unknown,0.0,0.0,0.0
a gallon of bloody mary,"celery salt, fresh ground pepper, prepared horseradish, worcestershire sauce, lime juice, tomato juice, vodka, celery rib",124.5,dinner,10.0,13.0,0.0
a golden chicken,"mexican oregano, kosher salt, garlic powder, fresh ground black pepper, roasting chickens, bay leaves, annatto oil",635.8,dinner,17.0,0.0,71.0
a good barbecue sauce,"cola, ketchup, onion, garlic powder, hot pepper sauce, honey",297.0,unknown,38.0,301.0,0.0
a good easy garlic chicken,"butter, boneless skinless chicken breast halves, garlic powder, seasoning salt, onion powder",218.1,unknown,8.0,0.0,18.0
a goulash for the ages  so easy,"ground beef, condensed tomato soup, prepared yellow mustard, white vinegar, worcestershire sauce, brown sugar",387.6,unknown,40.0,100.0,27.0
a grape picker s lunch  sausages and lentils with thyme and wine,"oil, smoked bacon, sausages, onions, fresh thyme, dry green lentils, garlic cloves, beef stock, red wine, salt, pepper",718.3,unknown,55.0,23.0,62.0
a great appetiser   mushroom salt and pepper,"canned mushrooms, cornflour, maida flour, water, salt, oil, garlic, ginger, green chili, onions, red chili paste, vinegar, soya sauce, spring onion, fresh coriander leaves",2144.0,unknown,43.0,2.0,358.0
a great brisket  not smoked,"beef brisket, beef consomme, liquid smoke, barbecue sauce, roasting bag, salt and pepper",1360.3,unknown,264.0,61.0,132.0
a great monte cristo sandwich   longmeadow,"turkey breast, vegetable oil, oregano, sea salt, pepper, egg white, skim milk, cayenne pepper, dijon mustard, bread, spinach leaves, pear, low-fat swiss cheese",424.7,lunch,31.0,11.0,25.0
a grilled roasted turkey   provolone sandwich,"bread, mayonnaise, tomatoes, salt, pepper, basil, turkey, cheese, mango chutney, butter",749.7,lunch,93.0,29.0,78.0
a grown up s jelly sandwich,"fig preserves, challah, mascarpone, apricot preserves",434.4,breakfast,17.0,142.0,7.0
a harvest drink,"molasses, powdered ginger, apple cider vinegar, cold water",84.3,unknown,0.0,62.0,0.0
a healthier apple nut snack cake,"egg beaters egg substitute, vanilla, splenda brown sugar blend, cinnamon, whole wheat flour, baking powder, salt, apples, walnuts",1643.7,dessert,64.0,511.0,63.0
a healthier smothered pork chops  mushrooms and onions,"pork chops, flour, vegetable oil, butter, italian seasoning, salt, pepper, onion, cremini mushrooms, garlic, chicken broth, white wine, sherry wine, bay leaf, fresh thyme, fresh rosemary, fresh parsley, starch, olive oil, scallions",689.8,dinner,22.0,15.0,45.0
a healthy apple and celery soup,"apples, celery, chicken broth, butter, onion, fresh sage, clove, ground black pepper, mascarpone, brandy",435.3,dinner,37.0,196.0,21.0
a healthy chocolate smoothie,"banana, ovaltine, vanilla ice cream",200.7,unknown,6.0,114.0,7.0
a hole in one breakfast a la midwest living,"bulk pork sausage, fresh mushrooms, red bell peppers, green onion, cheddar cheese, whole wheat bread, butter, eggs, salt, ground black pepper, crushed red pepper flakes",325.0,breakfast,14.0,11.0,31.0
a homemade   sundae,"vanilla ice cream, hersheys chocolate syrup, chocolate ice cream, marshmallow creme, nuts, whipped cream",72.4,dessert,1.0,30.0,6.0
a honey of a honey cake,"eggs, brown sugar, canola oil, honey, flour, baking soda, baking powder, cinnamon, ground ginger, mead",284.0,unknown,8.0,94.0,12.0
a honey of a peaches  n cream smoothie,"frozen sliced peaches, greek yogurt, low-fat milk, honey, baileys irish cream, ice cubes, mint",175.0,unknown,1.0,158.0,1.0
a honey of a salad,"plain yogurt, lime juice, honey, lime zest, avocados, kiwi fruits, banana, papaya, sweetened flaked coconut",392.5,unknown,2.0,147.0,31.0
a honey of an oatmeal cookies,"all-purpose flour, baking powder, salt, butter, sugar, light brown sugar, eggs, vanilla, honey, quick-cooking oats, dried cranberries",314.6,dessert,10.0,109.0,19.0
a hug and a kiss,"pretzel, hershey chocolate kiss, m&m's plain chocolate candy",1906.7,unknown,11.0,765.0,158.0
a humdinger of a wrap,"mayonnaise, thai sweet chili sauce, worcestershire sauce, chili powder, sriracha sauce, swiss cheese, cheddar cheese, spinach, portabella mushroom, red bell peppers, summer squash, sweet onions, fresh basil, salt, fresh ground black pepper, tortillas, chopped tomato, avocado, chips, mixed sprouts",550.4,lunch,41.0,24.0,46.0
a is for apple  c is for carrot salad,"walnuts, fat free greek yogurt, fresh lime juice, honey, ground cinnamon, carrot, apple, fresh gingerroot",117.9,unknown,1.0,69.0,4.0
a jad   cucumber pickle,"rice vinegar, thangkwa, hom daeng, nam som paep, haeo, prik chi fa daeng",4.3,unknown,0.0,0.0,0.0
a jamaican goddess,"vanilla ice cream, coffee, tia maria, sugar",136.9,dinner,2.0,56.0,11.0
a jerky chicken,"onion, brown sugar, soy sauce, red wine vinegar, fresh thyme, sesame oil, garlic cloves, ground allspice, habanero pepper, boneless skinless chicken breast halves",206.6,dinner,47.0,44.0,6.0
a jolly christmas special cosmo or red hot lovers cosmo,"vodka, cranberry juice, triple sec, cranberry liqueur, lime, juice of",83.7,dinner,0.0,15.0,0.0
a joy of almond,"kahlua, amaretto, creme de almond",88.0,unknown,0.0,36.0,0.0
a kick in the asparagus,"asparagus, italian salad dressing, cayenne pepper, worcestershire sauce",146.1,lunch,29.0,21.0,17.0
a kissable brownie,"semi-sweet chocolate chips, butter, sweetened condensed milk, all-purpose flour, nuts, vanilla, milk chocolate kisses, vegetable oil",174.2,dessert,1.0,66.0,12.0
a kiwi warrior burger for the barbie   barbecue,"lean ground beef, onion, garlic cloves, prepared mustard, sweet chili sauce, prepared horseradish, worcestershire sauce, egg, breadcrumbs, salt and pepper, hamburger buns, lettuce, tomatoes, pickle, fresh cream, sour cream, chutney, cayenne pepper",602.2,lunch,26.0,24.0,47.0
a la rousse salad  romanian,"potatoes, carrots, peas, dill pickles, red bell peppers, mayonnaise, pickle juice, mustard, salt, spices, vegetarian sausages",214.0,unknown,20.0,27.0,10.0
a la truck shrimp,"lime juice, sugar, fish sauce, sambal oelek chili paste, shrimp, cilantro leaf",180.2,lunch,36.0,53.0,3.0
a lighter broccoli salad,"broccoli, 2% cheddar cheese, purple onion, shortcut bacon, light mayonnaise, splenda sugar substitute, red wine vinegar",160.7,dinner,29.0,10.0,13.0
a lighter corn chowder,"reduced-sodium chicken broth, frozen whole kernel corn, onion, sweet pepper, black pepper, evaporated skim milk, all-purpose flour",269.2,unknown,7.0,65.0,3.0
a lighter croque monsieur,"french bread, honey mustard, reduced-fat ham, lowfat swiss cheese, nonfat milk, egg whites, cooking spray",318.5,lunch,43.0,18.0,7.0
a lighter quinoa stuffing,"bay leaves, quinoa, olive oil, butternut squash, zucchini, green onions, black beans, fresh parsley, of fresh mint, dried apricot, dried cranberries, lemon",405.9,unknown,1.0,54.0,15.0
a lighter side of cc s oven grilled reuben sandwiches,"cider vinegar, instant apple cider drink mix, cabbage, reduced-fat mayonnaise, dijon mustard, rye bread, nonstick cooking spray, reduced-fat swiss cheese, corned beef",554.1,lunch,75.0,51.0,43.0
a little apple crisp,"cooking apples, lemon juice, flour, oatmeal, brown sugar, salt, cinnamon, butter",722.7,dessert,26.0,283.0,50.0
a little bit of heaven in coney island hot dog sauce,"butter, margarine, lean ground beef, onions, garlic clove, celery seed, salt and pepper, chili powder, hot sauce, crushed red pepper flakes, ketchup, spicy brown mustard, tomato sauce, water, brown sugar, hot dogs",198.6,unknown,17.0,22.0,18.0
a little bit spicy deviled eggs,"hard-cooked eggs, mayonnaise, dijon mustard, chives, hot sauce, salt, ground black pepper, paprika, chili powder",143.8,dinner,27.0,6.0,15.0
a little bite of the mediterranean,"parmesan cheese, feta cheese, chickpeas, garlic cloves, garlic clove, lemon juice, tahini, salt, red bell pepper, plain yogurt, cumin, cayenne, parsley",180.3,unknown,27.0,6.0,14.0
a little chocolate cake,"unsweetened chocolate, flour, baking soda, salt, egg, sugar, water, vegetable oil, semi-sweet chocolate chips",349.6,dessert,8.0,130.0,27.0
a little different broccoli cornbread,"butter, jiffy corn muffin mix, frozen chopped broccoli, onion, ricotta cheese, eggs, cheddar cheese",505.2,unknown,28.0,47.0,51.0
a little different cranberry salad,"cherry jell-o, hot water, sour cream, whole berry cranberry sauce, walnuts, celery",366.7,unknown,4.0,162.0,19.0
a little different macaroni salad,"macaroni, green onions, green pepper, carrot, low calorie catalina salad dressing, miracle whip light, cayenne pepper, chili powder, italian seasoning",378.5,unknown,11.0,22.0,11.0
a little dinghy,"parrot bay coconut rum, malibu rum, cranberry juice, pineapple juice, orange juice",437.8,dinner,0.0,35.0,0.0
a little less evil dirt cake,"reduced-fat oreo cookies, butter, neufchatel cheese, confectioners' sugar, fat-free sugar-free instant vanilla pudding mix, skim milk, cool whip lite",213.6,dessert,6.0,68.0,18.0
a little more devil in these eggs,"eggs, mayonnaise, green onions, sun-dried tomatoes packed in oil, fresh basil",116.8,lunch,6.0,3.0,12.0
a little of everything pork chops,"pork chops, onion, celery ribs, green pepper, stewed tomatoes, ketchup, cider vinegar, brown sugar, worcestershire sauce, lemon juice, beef bouillon cube, cornstarch, water",476.9,unknown,43.0,86.0,28.0
a little piece of heaven on a plate,"grand marnier, caramel ice cream topping, french vanilla ice cream, chocolate chip cookie mix, pecan pieces",519.2,dinner,14.0,89.0,34.0
a little sweet banana dessert,"bananas, egg, water, vinegar, peanuts, walnuts, brown sugar, cinnamon",279.0,unknown,1.0,165.0,9.0
a little wheat bread  bread machine,"yeast, wheat flour, white flour, sugar, salt, honey, olive oil, water",1569.8,unknown,49.0,90.0,27.0
a lulu of a wrap,"mayonnaise, chili sauce, worcestershire sauce, dry sherry, chili powder, cayenne pepper, sharp cheddar cheese, chopped tomato, green bell pepper, red onions, sea salt, flour tortillas, alfalfa sprout",447.6,lunch,36.0,24.0,44.0
a mainly citrus salad  dessert,"blood oranges, tangerine, white grapefruit, pink grapefruit, red grapefruit, strawberries, blueberries, key lime juice, white wine, honey",184.8,dessert,0.0,135.0,1.0
a masterpiece cheesecake,"graham cracker crumbs, butter, powdered sugar, flour, cream cheese, eggs, sugar",586.7,dessert,20.0,128.0,60.0
a meal in a pumpkin,"onions, hamburger meat, sausage, soy sauce, brown sugar, mushroom, cream of chicken soup, water chestnuts, bell pepper, jalapeno, pimentos, cooked rice, black pepper, salt, creole seasoning, pumpkin, shortening",483.8,dinner,45.0,46.0,34.0
a meal in one,"lean ground beef, instant minced onion, chili powder, tomato sauce, elbow macaroni, salt and pepper, cheddar cheese",443.7,unknown,23.0,16.0,33.0
a memory of french onion soup,"butter, oil, onions, sugar, flour, beef broth, water, salt & pepper, port wine, burgundy wine, french bread, mozzarella cheese",178.6,unknown,93.0,24.0,13.0
a mere trifle  strawberries and clotted cream trifle,"single trifle sponge cakes, strawberry jam, madeira wine, strawberries, golden caster sugar, clotted cream, custard, toasted sliced almonds, vanilla pod, rose petal",217.1,dinner,0.0,38.0,11.0
a mighty fine black forest cheesecake,"chocolate wafers, brown sugar, unsalted butter, cream cheese, semisweet chocolate, all-purpose flour, salt, granulated sugar, kirsch, pure vanilla extract, eggs, cherry pie filling, sliced almonds, whipped cream, maraschino cherry, chocolate shavings",626.7,dessert,13.0,121.0,66.0
a more healthy vegetable medley,"onion, red bell pepper, eggplant, cauliflower, zucchini, sliced mushrooms, salsa, balsamic vinegar, broccoli, dried oregano, dried basil, ground red pepper",70.9,unknown,9.0,24.0,0.0
a most excellent raspberry iced tea,"cold water, granulated sugar, green tea leaves, fresh raspberries, limes, vanilla bean, peppercorn, allspice berry, star anise, cinnamon stick",375.2,unknown,1.0,323.0,1.0
a mountain of make ahead mashed potatoes,"potatoes, sour cream, cream cheese, butter, dried onion flakes, salt, paprika",393.8,unknown,10.0,16.0,25.0
a mouth watering smoothie,"mixed berries, plain yogurt, banana, apple juice, ice cubes",401.4,unknown,2.0,78.0,7.0
a new corn chowder,"low sodium chicken broth, water, potatoes, onion, frozen corn, table cream, marjoram, basil, chili powder, garlic salt, bacon, cheddar cheese, salt, cracked pepper, green onion, sour cream",593.0,lunch,18.0,17.0,27.0
a new england holiday bread with olde world roots,"brown sugar, warm water, active dry yeast, nonfat dry milk powder, whole wheat flour, cinnamon, allspice, nutmeg, butter, salt, unbleached all-purpose flour, dried fruit, golden raisin, currants, citrus peel, cranberries",3423.4,unknown,170.0,984.0,82.0
a new spaghetti with clams,"littleneck clams, extra virgin olive oil, garlic, canadian bacon, hot pepper flakes, dry white vermouth, bottled clam broth, baking potato, spaghetti, flat leaf parsley",1536.7,unknown,52.0,21.0,37.0
a new spinach dip,"sour cream, dry vegetable soup mix, salsa ranch dressing, frozen chopped spinach",313.2,unknown,36.0,13.0,39.0
a new yorker s real italian cheesecake,"graham crackers, sugar, butter, ricotta cheese, cream cheese, eggs, flour, sour cream, vanilla extract",486.4,dessert,12.0,88.0,50.0
a newfoundlander s coffee,"rum, coffee liqueur, baileys irish cream, strong coffee, dark brown sugar, whipped cream, maraschino cherry",338.3,unknown,2.0,118.0,11.0
a night in paris,"cranberries, orange sections, simple syrup, vodka, grand marnier",80.3,unknown,0.0,3.0,0.0
a no recipe baked mashed parsnips  onion   cauliflower,"cauliflower, parsnips, onion, garlic, butter, heavy cream, salt, pepper, italian seasoned breadcrumbs, parmesan cheese",368.0,unknown,23.0,25.0,37.0
a no nonsense lemon oregano infused olive oil,"lemon, olive oil, garlic clove, greek oregano",1933.4,unknown,0.0,6.0,332.0
a nudge  a coffee nudge,"creme de cacao, coffee liqueur, hazelnut-flavored liqueur, brandy, coffee, vanilla ice cream, whipped cream, chocolate-covered coffee beans",388.9,unknown,3.0,135.0,19.0
a ptissier s black forest cake,"egg whites, granulated sugar, cake flour, sugar, baking soda, kosher salt, salad oil, whole milk, egg yolks, unsweetened chocolate squares, cocoa powder, tart red cherries, port wine, kirschwasser, almond extract, semi-sweet chocolate baking squares, kirsch, egg, whipping cream, unsalted butter, confectioners' sugar, half-and-half, vanilla extract, vanilla, chocolate curls, whipped cream, maraschino cherry",815.0,dessert,11.0,343.0,63.0
a pail full of bran muffins,"boiling water, natural bran, brown sugar, white sugar, oil, molasses, eggs, buttermilk, flour, baking soda, salt, all-bran cereal, wheat germ",1498.2,unknown,109.0,551.0,70.0
a pail in the fridge 6 week  bran muffins,"eggs, oil, white sugar, milk, flour, natural bran, salt, baking soda, raisins",174.1,unknown,9.0,49.0,12.0
a peach infused vodka,"peaches, vodka",2542.1,unknown,0.0,98.0,1.0
a peach of a cake,"angel food cake, peach nectar, sugar-free peach gelatin mix, low-fat ricotta cheese, frozen peaches, non-dairy whipped topping, rum extract",355.4,dessert,13.0,154.0,18.0
a peanut vinaigrette,"unsalted peanuts, lime, juice of, soy sauce, water, toasted sesame oil, salt, pepper, rice wine",79.3,unknown,16.0,0.0,8.0
a perfect salade nicoise,"new potatoes, salt, green beans, nicoise olive, hard-cooked eggs, tomatoes, tuna, red wine vinegar, fresh ground pepper, dijon mustard, olive oil, fresh parsley, anchovy fillets",475.1,unknown,31.0,15.0,51.0
a perfect sugar cookie,"butter, vegetable oil, confectioners' sugar, white sugar, eggs, vanilla extract, lemon extract, all-purpose flour, cream of tartar, baking soda, salt",141.2,dessert,4.0,35.0,11.0
a picky eaters  chicken casserole,"frozen chopped broccoli, cream of chicken soup, cooked chicken, sour cream, cheddar cheese, ritz crackers, margarine",708.7,unknown,56.0,17.0,79.0
a pico de gallo for pico addicts anon,"tomatoes, garlic, diced onion, cilantro, jalapenos, limes, olive oil, salt",101.6,lunch,0.0,29.0,6.0
a pie to try,"eggs, cream of tartar, sugar, sweetened condensed milk, lemons, vanilla wafer",269.5,dessert,4.0,164.0,12.0
a pilaf of asparagus  broad beans and mint,"broad bean, asparagus spears, basmati rice, butter, bay leaves, green cardamom pods, black peppercorns, cinnamon stick, cloves, cumin seed, fresh thyme leave, spring onions, fresh parsley, of fresh mint",523.8,lunch,31.0,9.0,34.0
a pinch of soul barbecue sauce  microwave,"unsalted butter, garlic cloves, onion, ketchup, brown sugar, cider vinegar, soy sauce, worcestershire sauce, cayenne pepper",193.5,unknown,52.0,118.0,9.0
a pint of prawns and guinness chaser   british pub grub,"prawns, garlic cloves, chili, mayonnaise, lemon wedge, guinness stout",296.6,lunch,67.0,7.0,19.0
a pitcher of mojitos,"light rum, lime juice, mint, sugar, water, fresh mint leaves, lime wedge, mint leaf, club soda, ice",270.8,dinner,0.0,161.0,0.0
a plaything for your tongue,"chicken, yogurt, ginger paste, garlic paste, tomato puree, salt, red chili powder, black pepper, oil",584.0,dinner,44.0,8.0,65.0
a plus fair corn dogs,"oil, all-purpose flour, yellow cornmeal, white sugar, baking powder, salt, bacon drippings, egg, buttermilk, baking soda, hot dogs, wooden stick",604.2,lunch,29.0,19.0,90.0
a pot of lamb chops,"breadcrumbs, parmesan cheese, garlic cloves, fresh parsley, olive oil, baby potatoes, onion, lamb chops, white wine, water, tomatoes, salt and pepper",1426.8,unknown,24.0,47.0,130.0
a potato salad sandwich,"hamburger bun, mayonnaise, lettuce, tomatoes, potato salad",322.8,lunch,28.0,20.0,23.0
a quartet of english and french cheese flavoured butters,"camembert cheese, salted butter, fresh ground black pepper, roquefort cheese, unsalted butter, parsley, stilton cheese, green peppercorn, cheddar cheese, garlic clove, lemon thyme leaves",1224.4,dinner,53.0,1.0,199.0
a quick and different fried fish recipe,"perch fillets, vinegar potato chips, lard, eggs, milk",731.3,unknown,21.0,1.0,20.0
a quick and easy salad,"cherry pie filling, sweetened condensed milk, pineapple tidbits, cool whip",279.0,dessert,2.0,115.0,14.0
a quick and easy white cake,"flour, sugar, baking powder, salt, vegetable shortening, milk, vanilla, egg whites",298.0,dinner,12.0,89.0,21.0
a quick chicken and rice meal for busy nights,"cooking spray, boneless chicken breasts, low-fat cream of chicken soup, water, paprika, black pepper, garlic powder, cooked brown rice, broccoli florets",369.3,unknown,4.0,0.0,22.0
a quinoa pilaf that you ll love,"vegetable oil, onion, carrot, dried oregano, quinoa, chicken broth, salt, frozen peas, lemon juice, black pepper",231.5,unknown,17.0,12.0,10.0
a ramchandani special  subru uncle s traditional sindhi curry mo,"vegetable drumsticks, ladyfingers, potatoes, yams, beans, white pumpkin, carrots, green chilies, turmeric powder, red chili powder, oil, tomatoes, fenugreek seeds, cumin seeds, fresh ginger, curry leaves, gram flour, asafoetida powder, water, salt, tamarind pulp, fresh coriander leaves",262.2,lunch,62.0,81.0,11.0
a real maine  italian,"deli ham, cheese, sour dill pickles, tomatoes, greek olives, onion, green pepper, hoagie rolls, red wine vinegar, olive oil, salt and pepper",763.0,lunch,140.0,13.0,63.0
a real philly cheesesteak,"rib eye, onion, mushroom, provolone cheese, hoagie rolls",477.7,lunch,15.0,4.0,42.0
a really good sweet potato recipe,"eggs, sweet potatoes, sugar, butter, heavy cream, vanilla, nutmeg, allspice, light brown sugar, flour, pecans",634.9,unknown,10.0,192.0,59.0
a really good tomato recipe,"garlic and cheese flavored croutons, tomatoes, mozzarella cheese, red wine vinegar, dried basil",165.8,unknown,13.0,9.0,15.0
a really simple potato salad,"white potatoes, frozen peas, fresh carrot, pickles, mayonnaise, horseradish, basil, oregano, salt and pepper",210.8,unknown,40.0,21.0,12.0
a really tasty meatloaf,"ground beef, ground pork, eggs, fresh breadcrumbs, garlic, olive oil, parsley, basil, tomatoes, red peppers, onion, ketchup, garlic clove",448.9,unknown,16.0,40.0,41.0
a refreshing salad to usher in summer,"watermelon, mint leaf, feta, limes, juice and zest of, salt & freshly ground black pepper",174.5,lunch,23.0,40.0,16.0
a regalia of cucumbers,"cucumber, butter, onion, cream, garlic clove, chives, parsley, salt and pepper",992.3,unknown,12.0,33.0,151.0
a rich pumpkin smoothie  vegan friendly,"canned pumpkin puree, apricots, sugar, low-fat milk, cinnamon, nutmeg, ice",106.9,breakfast,5.0,72.0,1.0
a roast that even my daughter would eat,"roast, salt & pepper, breadcrumbs, flour, paprika, olive oil, low sodium beef broth, water, thyme, bay leaves, garlic cloves, onion, baby carrots, cream of mushroom soup, black pepper, cooking spray",708.5,unknown,20.0,7.0,80.0
a salad for all seasons,"red onions, olive oil, balsamic vinegar, brown sugar, salt, eggs, lettuce, tomatoes, feta cheese, green olives, black olives, flaked sea salt, vinaigrette dressing",474.6,lunch,84.0,65.0,51.0
a salad of arugula  rocket   cherry tomatoes and sesame seed,"arugula, cherry tomatoes, toasted sesame seeds, olive oil, red wine, balsamic vinegar, honey, coriander",281.3,unknown,1.0,28.0,38.0
a salad of seared scallops  mango salsa and tortilla strips,"dried ancho chile powder, ground cumin, salt, black pepper, olive oil, sea scallops, peanut oil, blue corn tortillas, kosher salt, fresh orange juice, fresh lime juice, lemon juice, basil leaves, red onions, extra virgin olive oil, mango, red pepper, yellow pepper, cilantro, salad greens",917.1,lunch,31.0,55.0,129.0
a sauce for a dull food,"butter, flour, salt and pepper, sugar, hard-boiled eggs, milk, lemon juice",423.6,unknown,12.0,22.0,48.0
a secret ingredient to southern style  sweet tea,"water, tea bags, sugar",96.8,unknown,0.0,99.0,0.0
a side of black beans and corn,"black beans, corn, ground cumin, onion, olive oil, taco seasoning, hot sauce",108.1,unknown,0.0,8.0,2.0
a simple baked macaroni and cheese,"elbow macaroni, butter, flour, whole milk, sharp cheddar cheese, fresh parmesan cheese, panko breadcrumbs, salt and pepper",1046.4,unknown,41.0,55.0,66.0
a simple braided bread,"frozen white bread dough, egg, water, poppy seeds, nonstick cooking spray, cornmeal",36.8,dinner,1.0,0.0,3.0
a simple cherry tomato and mozzarella salad,"cherry tomatoes, mozzarella cheese, salt, fresh basil, olive oil, fresh lemon juice, sugar",188.1,unknown,14.0,14.0,19.0
a simple chicken satay,"onion, garlic clove, soya sauce, oil, peanut butter, brown sugar, lemon juice, cayenne, coriander, chicken",516.1,unknown,48.0,41.0,59.0
a simple dahl recipe,"garlic clove, potatoes, water, ground coriander, turmeric, cumin, chopped tomato, red lentils, garam masala",256.4,unknown,0.0,8.0,2.0
a simple greek  salad,"tomatoes, cucumber, red onion, capers, feta cheese, black olives, olive oil, dried oregano, sea salt",169.4,unknown,19.0,26.0,17.0
a simple harissa,"tomatoes, onion, fresh parsley, hot paprika, extra virgin olive oil, fresh lemon juice, salt and pepper",59.8,unknown,0.0,9.0,7.0
a simple macaroon,"egg white, sugar, salt, vanilla, coconut",81.3,dessert,1.0,35.0,7.0
a simple rice pilaf,"uncooked rice, onion, butter, white pepper, chicken base, bay leaf, water, chicken bouillon cubes",487.8,unknown,35.0,12.0,19.0
a simple sweet potato fritters recipe from south africa,"peanut oil, egg, sweet potato, salt, flour",115.2,unknown,2.0,13.0,1.0
a simple tomato soup recipe  very vegan friendly,"unsalted butter, yellow onions, sea salt, curry powder, ground coriander, ground cumin, chili flakes, whole tomatoes, vegetable broth, coconut milk",386.6,unknown,18.0,178.0,30.0
a simply grand napoleon dessert,"puff pastry, egg, water, crushed pineapple, orange, grand marnier, mascarpone cheese, light brown sugar, coconut milk, unsweetened coconut, orange zest",625.3,dessert,7.0,70.0,68.0
a smoked beef brisket  with rub and a texas bbq sauce,"beef brisket, black peppercorns, coarse salt, chili powder, sugar, onion flakes, dried chipotle powder, mustard powder, garlic powder, vegetable oil, beer, apple cider vinegar, water, canola oil, diced onion, garlic cloves, chipotle pepper, worcestershire sauce, black pepper, ketchup, molasses, honey, chili, butter, garlic, soy sauce, fresh cracked pepper",541.5,dinner,69.0,109.0,40.0
a snack for cream cheese and veggie fans,"tortilla, cream cheese, cucumbers, red peppers, salt and pepper",282.3,lunch,20.0,12.0,16.0
a spiced pumpkin soup,"butter, onion, whole wheat flour, curry powder, cumin, ground nutmeg, garlic cloves, sweet potato, salt, low sodium chicken broth, pumpkin, 1% low-fat milk, fresh lime juice",120.1,unknown,7.0,21.0,5.0
a spicy korean noodle soup,"cabbage, soy sauce, garlic, sesame oil, chili pepper flakes, chicken stock, scallion, chilies, sweet chili sauce, eggs, noodles, meat",370.6,unknown,38.0,25.0,14.0
a starving students bacon   egg muffin,"egg, bacon, english muffin, mayonnaise, ketchup, cheddar cheese, salt and pepper",405.0,breakfast,27.0,13.0,36.0
a student s coffee cake,"bisquick baking mix, egg, water, sugar, butter, cinnamon",216.6,unknown,14.0,60.0,12.0
a summer chopped salad,"green beans, radishes, agave nectar, english cucumber, sweet corn, avocado, baby arugula, shallot, fresh basil, fresh oregano, fresh lemon juice, extra virgin olive oil, sea salt, fresh ground black pepper",222.6,dinner,0.0,11.0,27.0
a super slow cooker chicken cacciatore,"boneless skinless chicken thighs, all-purpose flour, salt, pepper, pasta, bay leaf, diced tomatoes, sliced mushrooms, onion, celery, dried italian herb seasoning, minced garlic cloves, fresh parsley, dry white wine, parmesan cheese",396.1,unknown,24.0,18.0,15.0
a super snack bowl   cajun caramel corn  for zwt 9,"microwave popcorn, unsalted butter, brown sugar, cayenne pepper, sea salt, corn syrup, baking soda",479.0,unknown,10.0,151.0,21.0
a sweet treat,"hot dog bun, butter, sugar, butterscotch chips",270.6,lunch,11.0,61.0,20.0
a symphony of french chocolate truffles,"dark chocolate, double cream, unsalted butter, rum, cocoa powder, preserved gingerroot, toasted almond, peanut oil, cocoa, paper, parchment paper",109.9,dinner,0.0,0.0,17.0
a taste of africa   kenyan chicken curry,"fresh ginger, garlic cloves, ground turmeric, lemon juice, vegetable oil, ground cumin, garam masala, ground coriander, paprika, chili flakes, plain yogurt, chicken thigh fillet, brown onions, chili powder, ground fenugreek, crushed tomatoes, cinnamon, green chilies, cream, honey, coriander leaves",534.4,unknown,19.0,56.0,45.0
a taste of fall crock pot pork stew,"pork tenderloin, potatoes, apples, onion, baby carrots, chicken broth, thyme, garlic powder, ground cloves, ground mustard, salt, pepper",319.4,unknown,23.0,37.0,7.0
a taste of florida,"grapefruit juice, tangerine juice, apricot nectar, seltzer water, ice, pink grapefruit",83.3,unknown,0.0,79.0,0.0
a taste of summer citrus salad,"navel oranges, red grapefruits, fresh pineapple, seedless grapes, unsweetened orange juice, sugar, fresh spearmint",279.8,dinner,0.0,244.0,0.0
a tastee turkee sauce by tubbortons,"ground turkey, white onion, garlic cloves, thyme, salt, pepper, worcestershire sauce, prego spaghetti sauce, olive oil, butter",586.3,unknown,51.0,82.0,50.0
a tasty little tofu treat,"soft tofu, smooth peanut butter, honey, vanilla, banana, oatmeal, cocoa powder, ice",380.2,lunch,3.0,115.0,22.0
a to z vegetable soup,"onion, garlic cloves, vegetable oil, italian herb seasoning, stewed tomatoes, canned beef broth, water, frozen mixed vegetables, alphabet pasta, salt, fresh parsley",161.4,unknown,24.0,14.0,6.0
a tomato well stuffed,"canned artichoke hearts, celery, green onion, mayonnaise, tomatoes, cooked shrimp, bacon",316.3,unknown,22.0,23.0,39.0
a touch of curry vegetable dip,"mayonnaise, honey, curry powder, ketchup, onions, lemon juice, hot sauce",241.5,lunch,12.0,242.0,0.0
a trifle tiramisu,"instant coffee granules, water, low-fat milk, instant devil's food pudding, cream cheese, ladyfingers, miniature semisweet chocolate chips, non-dairy whipped topping, cocoa powder",324.8,dinner,5.0,89.0,30.0
a tropical fruit parfait,"banana, apple juice, mango, kiwi, granola cereal",455.9,lunch,0.0,236.0,13.0
a true texan s king ranch chicken,"boneless skinless chicken breasts, condensed cream of chicken soup, sour cream, salsa, evaporated milk, colby-monterey jack cheese, black olives, corn chips",677.3,dinner,52.0,12.0,66.0
a twist on rice krispie treats,"karo syrup, white sugar, peanut butter, rice krispies, chocolate chips, butterscotch chips",554.7,dessert,9.0,211.0,35.0
a unique   yummy salsa,"hunts tomato sauce, garlic granules, chili flakes, onion, cilantro, salt",27.1,lunch,16.0,13.0,0.0
a unique and delicious braided bread,"active dry yeast, honey, milk, butter, flour, salt, egg, egg yolk",2096.4,unknown,119.0,28.0,104.0
a vegetarian finnish mashed potato casserole,"butter, vegetarian chicken broth, russet potatoes, rutabagas, parsnips, garlic cloves, bay leaf, salt & pepper, dried thyme, onions",544.4,dinner,10.0,69.0,36.0
a version of sauteed  shrooms,"beef broth, onion, whole mushrooms, burgundy wine",64.8,unknown,25.0,10.0,1.0
a very different chicken and stuffing,"low sodium chicken broth, carrots, celery rib, onion, seasoned stuffing mix, chicken breasts, honey, lemon juice, poultry seasoning, parsley, lemon",300.0,dinner,5.0,29.0,21.0
a very different pumpkin cake,"butter, caster sugar, self raising flour, cornflour, pumpkin, coconut milk",609.1,dessert,6.0,236.0,38.0
a very easy cucumber and fresh dill salad,"rice wine vinegar, superfine sugar, fresh dill, cucumbers, salt, black pepper",119.8,unknown,0.0,109.0,0.0
a very good tagine tajine  vegetarian,"onion, mushrooms, sweet potatoes, canned tomatoes, cherry tomatoes, dried apricots, chickpeas, tomato puree, coriander, cinnamon, cumin, garlic powder, hot chili powder, vegetable stock, cooking spray",280.7,unknown,20.0,74.0,2.0
a very interesting smoked salmon sandwich,"whole meal bread, cream cheese, red onions, smoked salmon, mango chutney, streaky bacon, small caper, chives, fresh ground black pepper",549.5,lunch,47.0,10.0,70.0
a very proper english custard,"milk, cream, egg yolks, sugar, cornstarch, vanilla",343.6,dinner,4.0,46.0,31.0
a very simple berry sauce,"frozen blueberries, splenda granular, cold water, cornstarch",144.5,unknown,0.0,120.0,0.0
a very simple sweet potato  or yam,"yams, liquid honey, butter, salt & fresh ground pepper",212.6,dinner,1.0,25.0,6.0
a very special gnocchi,"gnocchi, bacon, leeks, unsalted butter, all-purpose flour, skim milk, parmesan cheese, cheddar cheese, cooked boneless skinless chicken breasts, baby spinach leaves",369.9,unknown,17.0,6.0,35.0
a very special lasagna,"lasagna noodle, lean ground beef, onion, garlic, olive oil, tomatoes, seasoning salt, fresh parsley, fresh basil, oregano, fresh ground black pepper, butter, flour, milk, chicken broth, chicken bouillon cube, salt, egg, ricotta cheese, parmesan cheese, nutmeg, mozzarella cheese, teleme cheese",619.1,unknown,37.0,24.0,57.0
a very special pot roast for the crock pot,"boneless beef chuck roast, cooking oil, salt, ground black pepper, mixed dried fruit, onions, ground allspice, apple juice",524.2,dinner,4.0,21.0,49.0
a villager s eggs  avgo khoriatiki,"asparagus, extra virgin olive oil, fresh lemon juice, coarse sea salt, cracked black pepper, eggs, flat leaf parsley, lemon wedge",293.3,unknown,6.0,9.0,36.0
a walk through the garden mayonnaise,"egg, lemon juice, celery salt, fresh dill, dried rosemary, green onions, pimento pepper, mozzarella cheese, vegetable oil",85.3,unknown,0.0,0.0,14.0
a weeknight macaroni and cheese goulash,"lean ground beef, onion, pasta sauce, water, macaroni & cheese dinner mix, sliced mushrooms, cheddar cheese",558.0,unknown,42.0,65.0,32.0
a whole chicken on the grill,"orange juice, red wine vinegar, tomato paste, cayenne pepper, ground black pepper, whole chicken",763.0,unknown,20.0,26.0,81.0
a whole lotta pizza casserole,"egg noodles, vegetable oil, ground beef, onion, garlic clove, dried oregano, salt, condensed tomato soup, mozzarella cheese",431.5,unknown,31.0,29.0,36.0
a wild guess carrot salad,"carrots, raisins, mayonnaise, light cream, cinnamon, garlic powder, sugar",187.6,unknown,6.0,88.0,9.0
a wild ride on the half shell,"safflower oil, lemon juice, red wine vinegar, honey, ground coriander, dijon-style mustard, salt and pepper, cooked brown rice, cooked wild rice, raisins, dried apricot, pecans, avocados",660.6,dinner,0.0,67.0,61.0
a winning banana nut bread,"bananas, lemon juice, cake flour, baking powder, salt, sugar, peanuts, eggs, butter, lemon rind",515.2,unknown,13.0,146.0,24.0
a winter s night beef stew by audrey m,"beef, cooking oil, diced tomatoes, garlic powder, carrots, water, red wine, onion, beef bouillon cubes, pepper, potatoes",417.6,unknown,18.0,23.0,54.0
a winter s walk beef and carrot stew with herb crusted dumplings,"lean stewing beef, plain flour, butter, salt, black pepper, onions, garlic cloves, carrots, turnips, plum tomatoes, beef stock, self raising flour, dried herbs, vegetable suet, water",4692.3,unknown,17.0,29.0,739.0
a yam a day,"butter, scallions, yams, fresh ground pepper",401.6,unknown,3.0,6.0,12.0
a yummy chicken noodle soup  8 qt  pressure cooker,"kosher salt, whole black peppercorns, carrots, celery & leaves, onions, bay leaves, fresh thyme, flat-leaf italian parsley, fresh ginger, garlic cloves, whole chickens, water, egg noodles, unsalted butter, button mushrooms, dry sherry",566.9,unknown,56.0,20.0,60.0
a yummy chocolate cake for passover,"eggs, sugar, cake crumbs, salt, cinnamon, cocoa, wine, pecans",163.7,dessert,2.0,101.0,5.0
a yummy twist on sausage rolls,"sausage meat, crescent rolls, prepared mustard, sharp cheddar cheese",519.1,breakfast,42.0,9.0,51.0
a  w teen burger  2 copy cat,"hamburger bun with sesame seeds, hamburger, american cheese, ketchup, mustard, dill pickle slices, onion, lettuce, tomatoes, salad dressing, barbecue sauce, lawry's seasoned salt",343.6,lunch,34.0,43.0,21.0
a w chili dog copycat,"frankfurter, hot dog bun, white onion, cheddar cheese, ground chuck, tomato paste, sugar, yellow mustard, dried onion, chili powder, worcestershire sauce, salt, celery seed, ground cumin, black pepper, water",1555.4,lunch,208.0,158.0,147.0
a w papa burger,"ground chuck, hamburger bun with sesame seeds, mayonnaise, hamburger relish, iceberg lettuce, pickles, american cheese, salt and pepper",487.1,lunch,26.0,16.0,45.0
a w root beer copycat,"sugar, hot water, root beer concentrate, seltzer water",145.1,unknown,2.0,149.0,0.0
a w whistle dog,"hot dogs, bacon, processed cheese, hot dog buns, butter, sweet pickle relish",367.4,lunch,45.0,22.0,36.0
a p spanish cake,"butter, sugar, egg, flour, ground cloves, salt, nutmeg, ginger, cinnamon, baking powder, baking soda, buttermilk, dried prune, walnuts, golden raisin, cream cheese, lemon, rind of, lemon juice, vanilla, powdered sugar, water, raisins, shortening, all-purpose flour, white sugar, ground nutmeg, ground cinnamon, ground allspice, eggs, nuts",9451.8,dessert,330.0,2986.0,639.0
a w chili dog sauce,"onions, ground beef, vinegar, sugar, salt, celery seeds, tomato puree, chili powder, pepper",61.6,unknown,7.0,21.0,4.0
a w coney island hot dog sauce,"hamburger, onions, tomato paste, tomato puree, sugar, cider vinegar, chili powder, pepper, celery seed, salt",80.3,unknown,17.0,25.0,4.0
a s famous cheese ball,"paprika, cream cheese, hidden valley ranch dressing mix, pecans",791.5,dinner,27.0,1.0,121.0
a  african bean soup,"water, soy sauce, onion, sweet potatoes, carrot, celery, red bell pepper, crushed tomatoes, vegetable stock, garbanzo beans, fresh cilantro, peanut butter, curry powder",323.7,unknown,44.0,29.0,12.0
a  butternut   acorn squash gratin,"butternut squash, water, acorn squash, butter, fennel, onion, havarti cheese, mascarpone cheese, salt & pepper",165.7,unknown,1.0,17.0,3.0
a  cookies  a k a  monster cookies or flourless cookies,"eggs, light brown sugar, sugar, vanilla extract, baking soda, unsalted butter, peanut butter, rolled oats, semi-sweet chocolate chips, m&m's plain chocolate candy",2847.1,dessert,66.0,963.0,226.0
a  fitzgeralds casino potato leek soup,"half-and-half, leeks, chicken base, all-purpose flour, potatoes, butter, salt, granulated garlic, white pepper",676.1,unknown,9.0,23.0,61.0
a  molasses ginger snaps,"molasses, sugar, egg, crisco shortening, flour, salt, cinnamon, clove, ginger",187.7,dessert,5.0,54.0,13.0
a  pork marinade,"pork, soy sauce, lemon juice, honey, vegetable oil, garlic cloves, ground ginger, hot sauce",669.3,unknown,79.0,106.0,44.0
a  potato cheese soup,"potatoes, green onion, bouillon cube, cream of chicken soup, salt & pepper, velveeta cheese",277.4,unknown,27.0,11.0,7.0
a 1 bacon onion burgers,"lean ground beef, onion, egg, oatmeal, bacon bits, a.1. original sauce, cooking spray",289.1,unknown,8.0,2.0,23.0
a 1 black cherry brie   chocolate walnut tartlet  a1,"black cherries, sugar, orange zest, a.1. original sauce, cornstarch, walnuts, dark chocolate chips, double cream brie cheese, puff pastry shells, oranges, cherries",541.7,dessert,4.0,154.0,44.0
a 1 bombay chicken,"all-purpose flour, salt, pepper, boneless chicken breasts, cooking oil, onion, golden raisin, basmati rice, water, flaked coconut, salted peanuts, curry powder",820.2,unknown,14.0,70.0,60.0
a 1 butter deconstructed pinwheel steak with avocado sauce  a1,"skirt steaks, sea salt, fresh ground black pepper, unsalted butter, cilantro, a.1. original sauce, olive oil, garlic cloves, salt and pepper, fresh spinach, avocados, fresh tomato, lime, juice of",814.6,unknown,77.0,7.0,114.0
a 1 chicken,"chicken leg quarters, ground pepper, garlic powder, italian seasoning, beer, a.1. original sauce",705.2,unknown,11.0,0.0,62.0
a 1 dumplings,"flour, salt, baking powder, milk",35.9,unknown,5.0,0.0,0.0
a 1 hamburgers,"ground beef, salt, a.1. original sauce",243.8,unknown,27.0,0.0,26.0
a 1 meatballs,"ground sirloin, white bread, half-and-half, eggs, salt, pepper, italian seasoned breadcrumbs, parmesan cheese, sweet onion, butter, flour, a.1. original sauce",151.2,unknown,11.0,2.0,14.0
a 1 pot roast  chuck steak,"salad oil, underblade steak, steak sauce, water, brown sugar, prepared mustard, lemon juice, parsley sprig",74.5,unknown,3.0,40.0,5.0
a 1 romanian steak,"a.1. original sauce, grey poupon dijon mustard, honey, soy sauce, boneless beef steaks",191.7,unknown,131.0,31.0,15.0
a 1 round steak  crock pot,"steak sauce, spicy brown mustard, potatoes, round steaks, beef broth",715.5,unknown,15.0,6.0,51.0
a 1 savory stuffed bell peppers,"ground beef, onion, whole kernel corn, tomato sauce, cooked rice, a.1. original sauce, black pepper, green peppers",429.8,unknown,27.0,37.0,28.0
a 1 steak puffs with corn and avocado salsa  a1,"steak, vegetable oil, onion, flour, puff pastry sheets, egg, beef broth, a.1. original sauce, monterey jack cheese, avocados, sweet corn, fresh lime juice, salt, pepper",782.9,unknown,134.0,15.0,67.0
a 1zesty lemon steak,"a.1. original sauce, lemons, rind of, garlic, ground black pepper, shell steaks",1.9,unknown,0.0,0.0,0.0
a a a absolutely the cranberry relish,"fresh cranberries, apples, raisins, brown sugar, apple juice concentrate",128.1,unknown,0.0,103.0,0.0
a b c muffin base mix,"flour, sugar, dry buttermilk, baking powder, baking soda, salt, ground cinnamon, ground nutmeg",551.5,unknown,51.0,189.0,2.0
a b c sandwich,"white bread, bologna, processed cheese, apple",319.1,lunch,39.0,42.0,22.0
a jaad   thai cucumber cool down,"rice vinegar, sugar, salt, red chile, seedless cucumber, shallot, cilantro leaves",43.0,unknown,24.0,27.0,0.0
a maize ing corn chowder,"bacon, onion, potatoes, water, milk, cream-style corn, whole kernel corn, salt, ground black pepper",374.3,unknown,47.0,36.0,14.0
a to z bread,"sugar, vegetable oil, eggs, vanilla extract, all-purpose flour, cinnamon, baking powder, baking soda, salt, walnuts, apples, applesauce, apricots, bananas, carrots, cherries, fresh coconut, dates, eggplants, figs, seedless grapes, honey, lemon juice, marmalade, mincemeat, oranges, peaches, of fresh mint, pears, crushed pineapple, prune, canned pumpkin, raisins, raspberries, rhubarb, fresh strawberries, frozen strawberries, sweet potatoes, tapioca, tomatoes, yams, yogurt, zucchini",367.0,unknown,10.0,101.0,30.0
a  m  couscous  ww 5 pointsplus,"nonfat milk, cinnamon, whole wheat couscous, pear",84.9,breakfast,2.0,53.0,0.0
a 1 meatloaf,"ground beef, a.1. original sauce, dry breadcrumbs, eggs, milk, parsley flakes, onion, carrot, tomato sauce",343.4,unknown,14.0,10.0,30.0
a 1  cherry cobbler tart   a1,"cherries, mascarpone cheese, brown sugar, vanilla extract, puff pastry sheet, all-purpose flour, unsalted butter, dark chocolate, a.1. original sauce, heavy cream",337.0,dessert,3.0,38.0,37.0
a 1  chinese pasta  a1,"garlic cloves, scallions, white button mushrooms, angel hair pasta, a.1. original sauce, hoisin sauce, soy sauce, brown sugar, black pepper, white sesame seeds, mayonnaise, ground turkey",658.4,unknown,32.0,53.0,27.0
a 1  meatloaf,"tomato sauce, ground beef, onion, fresh breadcrumb, a.1. original sauce, eggs, ground black pepper",327.7,unknown,14.0,10.0,29.0
a 1  pot stickers with chili pineapple dipping sauce  a1,"wonton wrappers, extra virgin olive oil, fresh spinach, onion, salt, pepper, ground turkey, garlic cloves, ginger paste, a.1. original sauce, red chili pepper, brown sugar, water, cilantro, green onions",271.3,unknown,15.0,10.0,15.0
a 1  slow roasted shredded steak with polenta  a1,"vegetable oil, chuck eye steak, kosher salt, fresh ground black pepper, a.1. original sauce, boysenberry jam, water, garlic cloves, prepared mustard, light brown sugar, lemon zest, lemon juice, potato starch, milk, garlic powder, instant polenta, parmesan cheese, butter",440.2,unknown,47.0,67.0,44.0
a b c  vegetable casserole,"fresh asparagus, fresh broccoli, cauliflower head, cream of mushroom soup, sharp cheddar cheese, french-fried onions",137.1,unknown,20.0,7.0,14.0
a b l c  avocado  bacon  lettuce   crab,"smoked bacon, dungeness crabmeat, apple, tabasco sauce, red onion, lime, parsley, dill, mayonnaise, croissants, lettuce, avocados",477.7,lunch,27.0,41.0,43.0
a m  cobbler,"peach, pear, prunes, vanilla extract, orange juice, orange zest, granola cereal",228.4,breakfast,0.0,79.0,11.0
a m f  adios mother   censored,"vodka, gin, light rum, tequila, blue curacao, sour mix, carbonated lemon-lime beverage, lemon wedge, lime wedge, maraschino cherry",175.9,unknown,0.0,13.0,0.0
a1 chicken thighs en croute on a bed of dijon cooked spinach  a1,"puff pastry, boneless skinless chicken thighs, spinach, dijon mustard, a.1. original sauce",779.3,lunch,23.0,4.0,77.0
a1 cowboy up tart  a1,"puff pastry, cream cheese, sour cream, a.1. original sauce, steak, roasted potatoes, cherry tomatoes, ear of corn, cubanelle pepper, cheddar cheese, salt and pepper",472.8,unknown,11.0,14.0,53.0
a1 garlic  steak marinade,"beef steak, steak sauce, vegetable oil, cracked black pepper, garlic cloves",63.8,unknown,0.0,0.0,10.0
a1 marinated top round with bacon parmesan polenta  a1,"roma tomato, shallot, scallion, extra virgin olive oil, salt, cracked black pepper, milk, water, yellow cornmeal, parmesan cheese, butter, bacon, a.1. original sauce, brown sugar, agave nectar, scallions, tarragon, hot sauce, top round steak",649.8,unknown,112.0,31.0,53.0
a1 meatballs,"ground beef, onion, parsley, a.1. original sauce, salt, pepper, bread, prego spaghetti sauce",256.4,lunch,38.0,41.0,20.0
a1 meatloaf,"lean ground beef, egg, ketchup, a.1. original sauce, steak seasoning, cheez-it crackers",390.0,unknown,40.0,68.0,28.0
a1 steak sauce    clone   copycat   homemade substitute,"orange juice, raisins, soy sauce, white vinegar, dijon mustard, orange rind, heinz ketchup, heinz chili sauce",209.4,unknown,107.0,130.0,1.0
a1 turkey burgers,"ground turkey, a.1. original sauce, yellow mustard, saltine crackers, garlic powder, fresh ground pepper",171.6,unknown,7.0,0.0,12.0
a1 ultimate guacamole,"avocados, onion, tomatoes, salt, black pepper, pickled jalapeno peppers",795.4,unknown,31.0,24.0,109.0
a1 ultimate jambalaya,"chicken thighs, chorizo sausage, onions, red bell pepper, garlic cloves, paprika, cayenne pepper, black pepper, salt, bay leaves, fresh thyme, rice, shrimp, chicken stock cube, sugar, butter, tomatoes, jars, water, tabasco sauce",1095.8,unknown,60.0,32.0,86.0
a1 zesty potatoes  a1,"bacon, new potatoes, fried onions, walnuts, mayonnaise, goat cheese, a.1. original sauce, spicy brown mustard, salt",270.1,unknown,26.0,9.0,22.0
a1 derful grilled chicken  a1,"a.1. original sauce, boneless skinless chicken thighs, pineapple rings, goat cheese, baby spinach leaves, salt, pepper, pineapple juice",241.5,unknown,16.0,52.0,15.0
a1b bacon burger bites on white polenta cakes  a1,"milk, water, cayenne pepper, salt, polenta, goat cheese, extra virgin olive oil, bacon, brown sugar, ground turkey, a.1. original sauce, cracked black pepper, sharp cheddar cheese",137.4,unknown,40.0,13.0,10.0
a   kicking porterhouse steak,"porterhouse steaks, salt, cracked black pepper",1619.3,unknown,15.0,0.0,181.0
aaa potato salad,"mayonnaise, cider vinegar, salt, pepper, sugar, potatoes, celery, onion, hard-boiled eggs, garlic powder, dijon mustard",385.9,dinner,58.0,51.0,32.0
aab goosht e baadenjaan,"lamb shoulder, split peas, eggplants, onions, potatoes, tomato paste, cooking oil, salt, black pepper, turmeric",924.1,unknown,8.0,109.0,52.0
aab goosht e lappeh,"lamb shoulder, split peas, dried limes, onions, potatoes, cooking oil, salt, black pepper, turmeric",721.2,unknown,4.0,28.0,50.0
aaloo chaat  tangy potatoes,"potato, red chili powder, chat masala, coriander powder, onion, salt, tamarind pulp, oil, butter, mint leaves, coriander leaves, green chilies",765.7,lunch,4.0,87.0,44.0
aaloo fry  spicy  fried potatoes,"potatoes, chili powder, turmeric, coriander powder, cumin powder, salt, oil",169.3,unknown,25.0,6.0,0.0
aaloo mattar   indian style peas and potatoes,"peas, potato, tomatoes, onion, ginger paste, garlic paste, green chilies, turmeric powder, cumin powder, coriander powder, garam masala, vegetable oil, water, cilantro, salt",119.3,unknown,0.0,28.0,2.0
aam lhassi,"fresh mango, orange juice, clear honey, milk",333.4,unknown,5.0,173.0,14.0
aam ras,"mango pulp, cardamom powder, powdered sugar, water, lime juice, chat masala, cumin seed",59.2,unknown,0.0,51.0,0.0
aamer  mango  chutney,"green mangoes, mustard oil, dried red chilies, bengali five-spice mix, water, sugar, salt, powdered cumin, mustard seeds",784.5,dinner,1.0,650.0,18.0
aaron craze s aussie sandwich,"egg yolks, dijon mustard, olive oil, garlic clove, lemon, focaccia bread, avocado, tomatoes, carrot, watercress, beetroot, green pepper, chili, basil",1398.4,lunch,3.0,20.0,228.0
aaron mccargo jr s classic potato salad,"yukon gold potatoes, eggs, onion, celery, sweet relish, worcestershire sauce, hot sauce, kosher salt, fresh ground pepper, mayonnaise, scallions",407.4,unknown,53.0,35.0,36.0
aaron tippin s mexican casserole,"corn tortilla, chili beans, cheddar cheese, ground beef, taco seasoning, water, yellow onion",515.3,unknown,19.0,6.0,39.0
aaron s favorite ham salad,"bologna, miracle whip, sweet pickle relish, garlic powder, black pepper, salt",478.7,lunch,72.0,32.0,63.0
aaron s special ramen,"chicken-flavored ramen noodles, water, light chunk tuna in water, monterey jack cheese, garlic powder",312.2,lunch,30.0,0.0,20.0
aarsis ultimate hariyali chicken tikka,"garlic cloves, green chili pepper, cilantro leaves, mint leaves, cumin powder, green bell pepper, scallion, vegetables, chicken breasts, kosher salt, fresh lemon juice",192.7,dinner,2.0,3.0,14.0
aarsis ultimate peach and goat cheese pizza,"peaches, fresh goat cheese, honey, naan bread, olive oil, fresh ground black pepper",377.4,breakfast,16.0,102.0,36.0
aarsis ultimate sooji halwa,"semolina flour, granulated sugar, water, ghee, sliced almonds, golden raisin",411.8,dinner,0.0,115.0,32.0
aarsis ultimate strawberry and rose lassi,"strawberries, plain low-fat yogurt, rose water, whole milk, granulated sugar, ice, rose petal",193.2,dinner,4.0,122.0,6.0
aarsis ultimate valentine cake,"cake flour, powdered sugar, baking powder, table salt, eggs, water, vegetable oil, cardamom pod, cooking spray, all-purpose flour, heavy whipping cream, rose water, pink food coloring",445.1,dessert,6.0,110.0,40.0
aarsi s ultimate pea pulao,"garam masala, red chili powder, salt, coriander powder, cumin seed, green peas, basmati rice, fresh water, golden raisin, cashews, cinnamon, ghee, asafoetida powder, bay leaves, cloves, black cardamom pod, black pepper",620.6,unknown,151.0,66.0,27.0
aartappel poeding  south africa,"potatoes, eggs, sugar, salt, vanilla essence, lemon, zest of, butter, nutmeg, sliced almonds",413.4,dinner,7.0,140.0,22.0
aarti s creamy pistachio pops,"evaporated milk, tea bags, ground cardamom, sweetened condensed milk, heavy cream, pistachios",425.7,dessert,6.0,144.0,38.0
aarti s party chai tea,"water, cinnamon stick, green cardamom pods, whole cloves, star anise, fresh ginger, black tea leaves, honey, whole milk",34.6,unknown,0.0,23.0,1.0
aash  e anar  pomegranate stew,"yellow onions, garlic cloves, brown lentils, rice, olive oil, salt, black pepper, turmeric, cilantro, fresh parsley, of fresh mint, scallions, sugar, beet, pomegranate syrup, water, lean ground beef, cinnamon, parsley, onion, salt and pepper",379.4,unknown,27.0,61.0,14.0
aash e aab leemoo,"basmati rice, herbs, ground lamb, split peas, fresh lime juice, sugar, marjoram, mint, onions, cooking oil, salt, black pepper",659.0,lunch,3.0,56.0,47.0
aash e gandom,"wheat, spinach, chickpeas, black-eyed peas, lentils, split peas, onions, turmeric, flour, cooking oil, salt, black pepper",237.8,unknown,9.0,21.0,2.0
aash e shalgham,"turnips, long grain rice, ground lamb, onions, split peas, turmeric, of fresh mint, cooking oil, salt, black pepper",466.2,unknown,8.0,35.0,22.0
aash e shalgham  beef and herb soup,"onions, oil, ground turmeric, yellow split peas, water, ground beef, basmati rice, fresh parsley, fresh cilantro, fresh chives, fresh spinach, butter, garlic clove, of fresh mint, salt and black pepper, yogurt, naan bread",256.7,dinner,1.0,15.0,11.0
aash e sholeh ghalamkar,"parsley, basmati rice, peas, beans, lentils, beef, onions, turmeric, cooking oil, salt, black pepper",419.2,unknown,3.0,31.0,33.0
ab s baked chicken,"whole chickens, cream of mushroom soup, onion soup mix, dry sherry",542.4,unknown,37.0,13.0,40.0
abaco conch fritters,"ground conch, sweet pepper, onion, salt, baking powder, cooking oil, tomato paste, flour, water",1869.0,unknown,65.0,18.0,174.0
abaranger dino curry,"rice, onions, potatoes, carrots, garlic, roux, water, chicken",941.5,unknown,3.0,18.0,15.0
abba s chipotle chicken,"dried chipotle powder, garlic powder, garlic cloves, onion powder, ground cumin, lemon pepper, chili powder, ground allspice, boneless skinless chicken breast half, olive oil",166.3,lunch,3.0,1.0,7.0
abba s ginger turkey burgers,"ground turkey, scallion, breadcrumbs, soy sauce, fresh ginger, garlic, olive oil, fresh orange juice, fresh lemon juice, dairy-free margarine, lemon basil",322.5,unknown,29.0,14.0,24.0
abbey s melted cheddar  sausage and olive sandwich,"cheddar cheese, mayonnaise, green olives, summer sausage, chives, roasted red pepper, onion powder, garlic salt, submarine bun",569.8,lunch,55.0,13.0,38.0
abbie s spicy oven roasted potatoes,"red potatoes, yellow onion, olive oil, paprika, garlic powder, pepper",220.1,unknown,1.0,13.0,11.0
abbott northwestern station 63 carrot cake,"sugar, flour, cinnamon, baking soda, salt, carrots, nuts, canola oil, eggs, crushed pineapple, vanilla, cream cheese, butter, powdered sugar",501.4,dessert,15.0,179.0,45.0
abby ray s mashed potato soup,"extra virgin olive oil, bacon, butter, onion, flour, chicken stock, mashed potatoes, cheddar cheese",695.3,unknown,57.0,25.0,75.0
abby s cream cheese pound cake,"butter, sugar, eggs, cream cheese, flour, butter flavor extract",615.4,dessert,10.0,201.0,49.0
abby s easy chili dip,"chili, cream cheese",317.9,unknown,30.0,6.0,39.0
abby s french bread braids,"flour, sugar, salt, dry yeast, water, shortening, egg white",2448.9,unknown,155.0,28.0,53.0
abby s grilled prawn mango avocado salad,"balsamic vinegar, fresh lemon juice, sugar, salt, black pepper, dijon mustard, olive oil, mixed salad greens, mango, cherry tomatoes, avocado, sweet white onion, dried blueberries, cheese, slivered almonds, prawns, bamboo skewers",487.4,unknown,39.0,68.0,59.0
abby s lemon cream chicken,"boneless skinless chicken breasts, butter, white wine, lemon, zest of, lemon juice, salt, pepper, whipping cream, mushrooms, parmesan cheese, parsley",312.9,unknown,14.0,1.0,32.0
abby s oriental yum yum soup,"king prawns, chicken breast fillet, celery, spring onions, mushrooms, cabbage, ginger, sesame oil, soy sauce, vegetable stock, chicken consomme, water, vermicelli, salt, pepper, oil",173.6,dinner,120.0,11.0,13.0
abby s peaches  n cream oven puffed pancakes,"flour, sugar, salt, milk, eggs, margarine, peaches in light syrup, pecans, cinnamon, sour cream, powdered sugar, almond extract",320.0,breakfast,10.0,103.0,22.0
abby s pecan apple cake,"butter, sugar, cinnamon, nutmeg, all-purpose flour, tart apples, eggs, milk, rum, vanilla extract, pecans, baking powder, baking soda, salt",357.2,dessert,28.0,138.0,23.0
abby s pumpkin pie crustless custard,"canned pumpkin, evaporated milk, egg whites, skim milk, sugar, ground cinnamon, ground ginger, ground cloves, ground nutmeg, salt, fat-free whipped topping",140.5,dessert,10.0,67.0,4.0
abby s rice pudding,"white rice, water, whole milk, sugar, cinnamon",138.1,unknown,1.0,50.0,4.0
abby s ultimate chocolate chocolate  chip cookies,"butter, white sugar, eggs, vanilla extract, all-purpose flour, cocoa powder, baking soda, salt, semi-sweet chocolate chips, milk chocolate chips",158.4,dessert,4.0,53.0,12.0
abby s white  chili  low fat,"olive oil, onions, celery, garlic, chili powder, cumin, oregano, coriander, flour, chicken broth, evaporated 2% milk, white beans, green chilies, salt and pepper, cayenne pepper, sour cream, cilantro, cooked brown rice",446.1,unknown,13.0,11.0,14.0
abc bread,"eggs, sugar, olive oil, applesauce, banana, carrot, cinnamon, allspice, baking powder, baking soda, vanilla, whole wheat flour",2646.0,breakfast,58.0,852.0,183.0
abc burritos,"whole wheat tortillas, avocado, broccoli coleslaw mix, low-fat ranch dressing, chicken breast halves",344.3,lunch,16.0,7.0,38.0
abc dip  almond bacon cheddar,"almonds, bacon, shredded cheddar cheese, mayonnaise, onion, salt",189.5,unknown,13.0,6.0,24.0
abc muffins,"eggs, vegetable oil, applesauce, honey, yellow cake mix, wheat bran, ground cinnamon",247.5,breakfast,8.0,65.0,20.0
abc sandwich,"bacon, multigrain bread, dijon mustard, cheddar cheese, granny smith apple",468.3,lunch,35.0,39.0,57.0
abc snack,"alpha-bits cereal, smarties candies, caramel popped popcorn, pecans, small pretzels, honey roasted peanuts",433.7,lunch,5.0,152.0,37.0
abc s  sauteed apple  brussels sprouts and  cabbage,"butter, walnut oil, onion, salt, pepper, cabbage, apple, brussels sprouts, apple juice, garlic cloves, nutmeg, dried parsley flakes",105.3,unknown,4.0,40.0,7.0
abc easy  garlicky bean enchiladas,"olive oil, garlic cloves, cannellini beans, chicken broth, salt, corn tortillas, salsa verde, monterey jack pepper cheese",391.0,unknown,21.0,7.0,22.0
abear s diet jello,"sugar-free jello, boiling water, frozen whole strawberries",34.7,dessert,2.0,13.0,0.0
abee s red enchilada sauce,"olive oil, garlic cloves, sweet onion, dried oregano, chili powder, dried basil, ground black pepper, salt, ground cumin, dried parsley, taco sauce, tomato sauce, chicken broth",32.0,unknown,12.0,4.0,3.0
abehjerne  monkey brains,"onions, ground beef, bacon, cocktail franks, low-fat whipping cream, diced tomatoes, salt and pepper, cooked rice",809.6,unknown,30.0,20.0,55.0
aberdeen butteries,"butter, lard, soft brown sugar, flour, dried yeast, warm water, salt",320.4,unknown,5.0,3.0,34.0
abernethy biscuits,"plain flour, caster sugar, butter, baking powder, caraway seed, milk, egg",1900.5,lunch,31.0,344.0,118.0
abgousht,"garbanzo beans, dried white bean, meat, onion, potato, long grain rice, tomatoes, turmeric, salt and pepper, dried lemons",388.1,unknown,8.0,14.0,2.0
abidjan cabbage salad,"cabbage, carrot, pineapple chunk, lemon, juice of, orange, juice of, salt, vegetable oil",159.0,unknown,4.0,39.0,18.0
abigail s cobbler,"flour, sugar, milk, butter, baking powder, peaches",315.1,dessert,5.0,134.0,20.0
abilene,"orange juice, peach nectar, dark rum",169.4,unknown,0.0,30.0,0.0
abilene country club muffins,"eggs, brown sugar, walnuts, salt, flour, vanilla extract, butter",72.8,lunch,1.0,28.0,5.0
abish,"vegetable oil, onion, gingerroot, garlic, tomatoes, salt, eggs, turmeric, butter, parsley, goat's cheese",359.0,unknown,3.0,14.0,52.0
abita beef stew in a crock pot,"beef stew meat, leeks, shallots, garlic cloves, carrots, turnips, celery, red potatoes, fresh rosemary, fresh sage, fresh thyme, beef stock, beer, bay leaves, cayenne pepper, fresh cracked pepper",754.2,unknown,38.0,43.0,57.0
abkhazian adjika,"jalapenos, garlic cloves, cilantro, dill, parsley, olive oil, walnuts, salt",1220.3,unknown,13.0,14.0,195.0
ableskiver   danish doughnuts,"flour, sugar, baking powder, salt, eggs, milk",442.3,breakfast,21.0,26.0,18.0
abm banana yeast bread,"bananas, molasses, butter, white bread flour, powdered milk, salt, active dry yeast, cinnamon",2596.2,unknown,89.0,430.0,62.0
abm dinner rolls,"water, eggs, butter, sugar, salt, bread flour, bread machine yeast, egg",156.7,unknown,7.0,13.0,6.0
abm hot cross buns,"milk, butter, egg, salt, flour, cinnamon, nutmeg, ground cloves, raisins, yeast",229.2,unknown,10.0,29.0,8.0
abm italian breadsticks  grissini,"water, olive oil, white bread flour, salt, dried yeast, poppy seed, coarse sea salt",70.2,lunch,5.0,0.0,2.0
abm perfect pizza dough,"water, margarine, salt, ground black pepper, sugar, white flour, whole wheat flour, yeast",260.5,unknown,18.0,5.0,7.0
abm raisin  date   nut bread wreath,"flour, milk, light brown sugar, salt, ground nutmeg, ground cinnamon, ground ginger, vanilla, egg, unsalted butter, yeast, raisins, dates, walnuts",2882.7,unknown,56.0,571.0,153.0
abm spinach bread,"water, spinach, bread flour, whole wheat flour, butter, sugar, nonfat dry milk solids, salt, yeast",103.9,unknown,10.0,6.0,1.0
abraham lincoln s   best cake i ever tasted    a white,"granulated sugar, butter, vanilla, cake flour, baking powder, milk, almonds, egg whites, sugar, water, cream of tartar, salt",612.4,dessert,12.0,204.0,41.0
abraham lincoln s favorite cake,"egg whites, sugar, blanched almonds, butter, flour, baking powder, salt, buttermilk, vanilla, almond extract",5848.2,dessert,236.0,1692.0,439.0
abruzzi  shrimp pasta sauce,"medium shrimp, pasta, olive oil, garlic cloves, crushed tomatoes, flat-leaf italian parsley",1301.5,unknown,50.0,72.0,63.0
abruzzi bread,"pizza dough, olive oil, garlic powder, provolone cheese, pepperoni, italian sausage, spinach, marinara sauce",351.6,unknown,46.0,2.0,43.0
abs diet better breakfast smoothie,"banana, peach, orange juice, ice",171.1,breakfast,0.0,111.0,1.0
abs diet chili con turkey,"ground flax seeds, ground turkey, brown rice, black beans, sweet whole kernel corn, mexican-style stewed tomatoes, chili seasoning mix, water",553.1,unknown,31.0,13.0,18.0
abs diet super food oatmeal,"oatmeal, milk, egg, raspberries, almonds, vanilla whey protein powder, ground flax seeds, nonfat plain yogurt, banana",613.6,breakfast,9.0,49.0,36.0
abs diet ultimate power smoothie,"1% low-fat milk, low-fat vanilla yogurt, quick-cooking oatmeal, peanut butter, chocolate whey protein powder, ice cubes",212.6,unknown,3.0,37.0,9.0
absolut hunk vodka martini,"vanilla vodka, sugar syrup, fresh lime juice, pineapple juice, lime slice",330.8,dinner,0.0,3.0,0.0
absolut nutcracker martini,"ice, amaretto liqueur, butterscotch schnapps, frangelico, vanilla vodka",65.1,dinner,0.0,0.0,0.0
absolut peach zest,"peach vodka, carbonated lemon-lime beverage",328.7,dinner,1.0,122.0,0.0
absolut prosperity   cocktail,"absolut vodka, curacao, soho lychee liqueur, lime cordial, ginger ale, mint leaves",349.7,dinner,0.0,0.0,0.0
absolut raspberry sweety,"absolut kurant vodka, orange liqueur, tea, fresh raspberry",131.3,dinner,0.0,0.0,0.0
absolut rudy red,"vodka, cranberry juice, noilly prat, peach liqueur, grapefruit",85.6,dinner,0.0,14.0,0.0
absolut trouble,"absolut citron vodka, grand marnier, grenadine, orange juice",149.8,unknown,0.0,36.0,0.0
absolut vince vega,"absolut citron vodka, apple juice",65.5,unknown,0.0,0.0,0.0
absolut wonder,"vanilla vodka, white chocolate liqueur",192.7,unknown,0.0,0.0,0.0
absolute best chicken quesadillas,"flour tortillas, butter, cooked chicken, cooked bacon, fresh tomato, red onions, cheddar cheese, barbecue sauce, picante sauce, sour cream",1484.2,unknown,112.0,82.0,142.0
absolute best chicken soup,"water, whole chicken, chicken bouillon cubes, fresh cilantro, fresh mint leaves, onion, green bell pepper, garlic cloves, seville oranges, red potatoes, yucca root, corn, plantains, tomatoes",838.8,dinner,49.0,83.0,58.0
absolute best chicken tortilla soup ever,"olive oil, onion, carrots, garlic, reduced-sodium chicken broth, diced tomatoes, picante sauce, ranch style beans, black beans, frozen whole kernel corn, ground cumin, black pepper, dried oregano leaves, chili powder, paprika, cooked chicken breasts, fresh cilantro, tortilla chips, avocado, cheddar cheese",323.6,unknown,20.0,24.0,15.0
absolute best cranberry sauce,"cranberries, water, splenda granular, crystal light orange drink mix, ground cinnamon, sugar-free raspberry gelatin, unflavored gelatin",40.6,unknown,3.0,6.0,0.0
absolute best ever lasagna,"lean ground beef, italian sausage, onion, garlic cloves, salt, fresh coarse ground black pepper, dried parsley flakes, dried oregano, dried basil, whole tomatoes, ricotta cheese, eggs, pepper, parsley, parmesan cheese, mozzarella cheese, lasagna noodles",517.1,dinner,34.0,15.0,45.0
absolute best holiday meatballs  crock pot  or not,"meatballs, ketchup, grape jelly, sriracha sauce, garlic powder, onion flakes",823.6,unknown,108.0,668.0,1.0
absolute best mango salsa,"mangoes, red bell pepper, green onion, fresh cilantro, fresh lime juice, olive oil, fresh jalapeno",74.4,dinner,0.0,38.0,5.0
absolute best most excellent soft oatmeal raisin cookies,"raisins, butter, brown sugar, eggs, flour, baking soda, baking powder, cinnamon, oatmeal",138.6,dessert,4.0,45.0,8.0
absolute best ovenight baked oatmeal,"oatmeal, skim milk, brown sugar, maple syrup, pecans, golden raisin, eggs, baking powder, nutmeg, cinnamon, butterscotch chips",445.4,breakfast,9.0,127.0,23.0
absolute best potatoes  5fix,"simply potatoes shredded hash browns, butter, half-and-half cream, velveeta cheese, sour cream",353.6,unknown,30.0,12.0,50.0
absolute heaven,"absolut mandarin vodka, pineapple juice, cranberry juice, ice",98.4,unknown,0.0,0.0,0.0
absolute perfection ginger spice cookies,"all-purpose flour, ground ginger, baking soda, ground cinnamon, ground cloves, salt, crystallized ginger, dark brown sugar, vegetable shortening, unsalted butter, egg, light molasses, turbinado sugar",135.9,dessert,6.0,37.0,11.0
absolute stress  alcoholic  pineapple version,"coconut rum, absolut vodka, peach schnapps, cranberry juice, pineapple juice, cranberries, pineapple chunk",344.1,unknown,0.0,39.0,0.0
absolutely addicitve kale moti biryani   lunch that s complete,"basmati rice, salt, green cardamoms, cloves, cinnamon, bay leaves, urad dal, baking soda, salted butter, ginger-garlic paste, turmeric powder, red chili powder, low-fat plain yogurt, tomatoes, green chili, coriander leaves, green chilies, onions, garam masala powder",276.2,unknown,22.0,23.0,13.0
absolutely addictive roast pork sandwiches,"pork roast, sea salt, cracked pepper, butter, au jus mix, water, monterey jack pepper cheese, french bread",477.2,lunch,35.0,1.0,43.0
absolutely amazing almond biscotti,"all-purpose flour, white sugar, brown sugar, baking powder, baking soda, salt, eggs, butter, almond extract, vanilla extract, whole almonds, powdered sugar",127.5,dessert,2.0,39.0,7.0
absolutely amazing fish batter,"egg, batter frying mix, hot sauce, cayenne, old bay seasoning, lemon zest, beer, fish fillets, vegetable oil",275.6,unknown,8.0,0.0,4.0
absolutely anything ice cream layer log,"vanilla ice cream, ice cream topping",2185.9,dinner,35.0,896.0,178.0
absolutely apple cake,"eggs, oil, sugar, self-rising flour, apples, coconut, walnuts, butter, brown sugar, milk",7627.3,dessert,192.0,2181.0,724.0
absolutely apricot bread,"water, bread flour, nonfat dry milk powder, salt, butter, apricot jam, dried apricot, fast rise yeast",1352.6,unknown,103.0,245.0,22.0
absolutely awesome bbq sauce,"brown sugar, chili sauce, rum, soy sauce, ketchup, worcestershire sauce, garlic cloves, dry mustard, ground black pepper",88.3,dinner,18.0,62.0,0.0
absolutely awesome smoky meatballs,"ground beef, egg, evaporated milk, quick oats, onion, salt, chili powder, garlic powder, black pepper, liquid smoke, ketchup, brown sugar",638.8,unknown,59.0,290.0,32.0
absolutely best brownies,"butter, sugar, eggs, vanilla, cocoa, salt, self-rising flour, walnuts",204.4,dessert,8.0,67.0,18.0
absolutely best healthy pancakes,"all-purpose flour, instant oatmeal, baking powder, brown sugar, salt, unsweetened applesauce, nonfat milk, eggs, vanilla, cinnamon, nutmeg, ginger, crushed pineapple, carrots, golden raisin",344.3,breakfast,22.0,139.0,5.0
absolutely best hot slaw recipe,"cabbage, bacon, water, vegetable oil, white vinegar, sugar, salt, fresh garlic",898.3,unknown,58.0,111.0,122.0
absolutely cranberry smash,"absolut vodka, cranberry juice cocktail, ginger ale, ice cube",213.4,unknown,0.0,75.0,0.0
absolutely delicious and simple tomato  basil  and garlic pasta,"spaghettini, scallions, garlic cloves, cherry tomatoes, parmesan cheese, fresh basil leaves, salt & freshly ground black pepper, olive oil, fresh mozzarella cheese",420.8,dinner,9.0,17.0,28.0
absolutely delicious bran muffins,"fiber one cereal, boiling water, sugar, applesauce, egg substitute, whole wheat flour, baking soda, salt, skim milk, lemon juice",64.1,breakfast,5.0,20.0,0.0
absolutely delicious fruit salad,"vanilla pudding mix, fruit cocktail, pineapple chunks, mandarin orange, bananas",144.5,unknown,3.0,122.0,0.0
absolutely delicious gourmet  prawns,"prawns, olive oil, butter, garlic, green onions with top, fresh mushrooms, dry sherry",214.3,unknown,29.0,3.0,21.0
absolutely delicious pasta sauce,"extra virgin olive oil, butter, white onion, garlic cloves, grape tomatoes, canned tomato sauce, garlic salt, cracked black pepper, dried oregano, crushed red pepper flakes, ricotta cheese, pesto sauce, prosciutto, pine nuts",554.6,dinner,26.0,24.0,80.0
absolutely delightful scalloped potatoes,"potatoes, cream of mushroom soup, cream of chicken soup, evaporated milk, salt and pepper, cheddar cheese",343.4,unknown,35.0,9.0,27.0
absolutely divine devil s food cake,"unsweetened chocolate, beets, unsalted butter, golden brown sugar, eggs, vanilla, all-purpose flour, baking soda, salt, buttermilk, whipping cream, semisweet chocolate",785.8,dinner,19.0,154.0,87.0
absolutely easy apple cake,"yellow cake mix, apple pie filling, eggs, cinnamon, cardamom, nutmeg, ground cloves, nuts",291.9,dinner,15.0,104.0,14.0
absolutely fabulous granola bars,"whole oats, nuts, all-purpose flour, chocolate chips, eggs, corn syrup, cooking oil, dark brown sugar",279.2,breakfast,1.0,43.0,20.0
absolutely fabulous greek  house dressing,"olive oil, garlic powder, dried oregano, dried basil, pepper, salt, onion powder, dijon-style mustard, red wine vinegar",138.7,dinner,13.0,0.0,22.0
absolutely fabulous roasted vegetetables,"red bell pepper, yellow bell pepper, green bell pepper, eggplant, courgettes, red onion, garlic clove, extra virgin olive oil, balsamic vinegar, fresh ground black pepper, dry oregano, salt",130.8,lunch,0.0,12.0,17.0
absolutely fail proof easy marmalade,"oranges, sugar",847.9,unknown,0.0,857.0,0.0
absolutely great  secret  simple mashed potatoes,"potatoes, evaporated milk, butter, salt and pepper",297.8,unknown,7.0,3.0,27.0
absolutely guilt free lazy morning pancakes,"egg, olive oil, flax seeds, sugar, baking powder, baking soda, salt, skim milk, plain yogurt, water, vanilla extract, quick oatmeal, whole wheat flour",331.0,breakfast,49.0,22.0,16.0
absolutely heaven,"lemon-flavored vodka, blue curacao, hpnotiq liqueur, coconut rum, pineapple juice, lemon wedge",263.8,unknown,0.0,12.0,0.0
absolutely heavenly amaretto cake,"butter, sugar, eggs, cake flour, baking soda, salt, sour cream, almond extract, lemon extract, orange extract, vanilla extract, amaretto, orange marmalade, apricot preserves, almonds",7193.9,dessert,172.0,2776.0,460.0
absolutely perfect kool aid,"kool-aid, sugar, cold water",72.6,unknown,0.0,74.0,0.0
absolutely perfect pumpkin pie,"pumpkin puree, sweetened condensed milk, eggs, ground cinnamon, ground cloves, ground ginger, ground nutmeg, salt, unbaked pie shells",306.9,dessert,14.0,111.0,20.0
absolutely perfect roast chicken,"whole chickens, garlic cloves, kosher salt, water",476.9,unknown,33.0,0.0,53.0
absolutely sinful chocolate chip cookies,"unsweetened chocolate squares, butter, all-purpose flour, baking soda, baking powder, salt, white sugar, eggs, vanilla extract, sour cream, semi-sweet chocolate chips",2572.8,dinner,52.0,871.0,211.0
absolutely sinful  sticky toffee pudding with pecan toffee sauce,"butter, soft brown sugar, eggs, self-raising flour, dates, boiling water, vanilla essence, instant coffee granules, bicarbonate of soda, double cream, pecan nuts",687.4,dinner,25.0,233.0,62.0
absolutely sugar free frosting,"sugar-free instant pudding mix, skim milk, heavy whipping cream",230.2,dessert,9.0,0.0,34.0
absolutely the best amish beef stew,"boneless beef cubes, shortening, onion, boiling water, salt, lemon juice, sugar, worcestershire sauce, pepper, paprika, allspice, clove, carrots, potatoes, water, flour",1291.9,unknown,53.0,32.0,172.0
absolutely the best baked mac and cheese,"small elbow macaroni, butter, all-purpose flour, dry mustard, ground red pepper, worcestershire sauce, fat-free half-and-half, light cheddar cheese, buttered bread crumb",430.8,unknown,32.0,24.0,21.0
absolutely the best chocolate chip cookies,"butter flavor shortening, white sugar, brown sugar, eggs, vanilla extract, all-purpose flour, baking soda, salt, milk chocolate chips",107.5,dinner,3.0,32.0,8.0
absolutely the best creamed spinach,"fresh spinach, unsalted butter, all-purpose flour, 2% low-fat milk, heavy cream, salt, white pepper, asadero cheese, olive oil, onion, garlic cloves",114.0,unknown,16.0,11.0,12.0
absolutely the best gluten free peanut butter cookies,"gluten-free margarine, brown sugar, white sugar, egg, natural-style peanut butter, baking soda, garbanzo flour, potato starch, tapioca flour",74.1,dessert,1.0,36.0,4.0
absolutely the best new york cheesecake  gluten free,"cream cheese, sugar, sour cream, eggs, salt, lemon juice, vanilla extract",510.7,dinner,18.0,117.0,63.0
absolutely the best southern sweet tea,"tea bags, water, granulated sugar",172.0,dinner,0.0,177.0,0.0
absolutely the best spam fried rice,"rice, eggs, spam lite, yellow onion, frozen peas and carrots, soy sauce, sugar, garlic cloves, oyster sauce, sesame oil",532.0,unknown,92.0,30.0,7.0
absolutely the best stuffing    ever,"butter, bacon, onion, celery ribs, white bread, turkey gizzard",537.2,dinner,41.0,14.0,60.0
absolutely the easiest  baked macaroni and cheese,"elbow macaroni, butter, cottage cheese, american cheese, cheddar cheese, boiling water",565.8,unknown,38.0,18.0,42.0
absolutely wonderful cheesy creamy spinach artichoke dip,"frozen chopped spinach, marinated artichokes, mozzarella cheese, parmesan cheese, garlic clove, salt, french bread, half and half milk, sour cream",254.6,unknown,25.0,7.0,29.0
absolutely yummy vegetable pizza,"prepared pizza crust, cauliflower, broccoli, carrot, red bell pepper, mushroom, mozzarella cheese, cream cheese, ranch salad dressing, sour cream",178.5,lunch,12.0,5.0,24.0
absolutly screwed up,"absolut citron vodka, orange juice, triple sec, ginger ale",118.5,unknown,0.0,15.0,0.0
abuela s chicken,"chicken breasts, oil, sugar, tomato paste, green pepper, oregano, garlic, black pepper, olive, celery, parsley, coriander, thyme leaves, salt, rice, water",1654.5,unknown,17.0,13.0,92.0
abuela s frijoles negros   grandma s cuban black beans,"black beans, green peppers, water, olive oil, black pepper, onion, oregano, garlic cloves, bay leaf, sugar, salt, vinegar, dry wine",362.3,unknown,65.0,15.0,40.0
abuelita s almond chicken,"whipping cream, buttermilk, chicken stock, milk, slivered almonds, dried ancho chiles, garlic clove, salt, chicken pieces, vegetable oil, sesame seeds",385.5,unknown,5.0,6.0,54.0
abuelito wato s grilled cheese,"sandwich bread, gouda cheese, tomatoes, butter",358.8,lunch,21.0,21.0,38.0
abuelo s cilantro lime soup,"chicken, water, chicken base, canola oil, onion, tomatoes, garlic, oregano, chili powder, salt, hot chili pepper, corn, chicken broth, white hominy, fresh lime juice, fresh cilantro",362.7,dinner,56.0,18.0,32.0
abuelo s spinach casserole,"spinach leaves, smoked bacon, butter, fresh mushrooms, chipotle chile in adobo, onions, garlic, red bell pepper, seasoning salt, processed cheese, frozen whole kernel corn, monterey jack and cheddar cheese blend",396.6,dinner,48.0,23.0,30.0
abuelo s tilapia veracruz,"tilapia fillets, lawry's seasoned salt, clarified butter, butter, garlic, scallops, shrimp, diced tomato, poblano peppers, white wine, bloody mary mix, chile, green olives",379.9,dinner,12.0,7.0,22.0
abura   age  deep fried tofu,"firm tofu, vegetable oil",2422.8,unknown,0.0,3.0,412.0
acadia s  meatloaf style  cheeseburgers,"butter, vidalia onions, ground beef, barbecue sauce, mustard, breadcrumbs, garlic salt, cheddar cheese, hamburger buns",549.8,unknown,33.0,20.0,47.0
acadia s asparagus side with dill,"asparagus, butter, dill, salt, pepper, water",50.6,unknown,3.0,5.0,4.0
acadia s baked eggplant,"eggplant, low fat mozzarella, spaghetti sauce, salt, pam cooking spray",36.9,unknown,19.0,14.0,1.0
acadia s bell pepper onion stir fry,"bell pepper, sweet onion, olive oil, worcestershire sauce, soy sauce, salt & pepper",40.9,unknown,14.0,11.0,2.0
acadia s chai spiced coffee,"coffee, chai concentrate, non-dairy coffee creamer",43.2,unknown,1.0,13.0,4.0
acadia s cherry sherry  beer can  chicken,"frying chicken, olive oil, thyme, savory, basil, parsley, cherry soda, sherry wine",794.5,unknown,10.0,1.0,82.0
acadia s chicken parmesan,"boneless skinless chicken breasts, mozzarella cheese, parmesan cheese, italian seasoned breadcrumbs, eggs, milk, spaghetti sauce, olive oil",386.4,unknown,34.0,13.0,26.0
acadia s citrus smoothie,"orange juice, pineapple juice, 1% low-fat milk, vanilla ice cream, lemon sherbet, french vanilla non-dairy coffee creamer",149.5,unknown,2.0,91.0,4.0
acadia s cod smothered in corn flakes,"cod fish fillet, caesar salad dressing, corn flakes, dill, margarine",328.5,unknown,22.0,9.0,31.0
acadia s coffee amaretto delight,"coffee, amaretto liqueur, vanilla ice cream, amaretto-flavored nondairy liquid creamer",219.2,unknown,3.0,88.0,17.0
acadia s crab cakes,"bell pepper, onion, olive oil, garlic clove, egg, worcestershire sauce, caesar salad dressing, crab, breadcrumbs, nutmeg, old bay seasoning",225.9,lunch,21.0,7.0,24.0
acadia s crock pot chicken cacciatore,"chicken breasts, crushed tomatoes, extra virgin olive oil, sweet onion, carrot, orange bell pepper, black pepper, salt, italian spices, basil, parsley, sugar",380.6,unknown,28.0,66.0,26.0
acadia s crock pot pot roast,"beef brisket, sweet onions, beef broth, carrots, mushroom, eggplant, red bliss potatoes, beef gravy, cream sherry, black pepper, olive oil",514.6,unknown,42.0,30.0,29.0
acadia s diet potatoes  not,"russet potatoes, butter, cheddar cheese, monterey jack cheese, bacon, chives, sour cream",643.5,unknown,22.0,7.0,74.0
acadia s easy sauce  sweet,"ranch dressing, honey, parsley",209.7,unknown,13.0,72.0,23.0
acadia s eggplant and pepper w velveeta,"eggplants, red bell pepper, vidalia onion, margarine, kosher salt, velveeta cheese",135.8,unknown,8.0,39.0,7.0
acadia s eggplant casserole,"eggplant, yellow bell pepper, vidalia onion, margarine, low-fat cheddar cheese, low-fat monterey jack cheese, pam cooking spray, kosher salt",165.4,unknown,12.0,13.0,14.0
acadia s eggplant parmesan,"salt, butter, eggplant, marinara sauce, mozzarella cheese, parmesan cheese",206.7,unknown,19.0,23.0,21.0
acadia s french green beans,"french style green beans, vegetable stock, dill, chives, pepper",36.4,unknown,13.0,6.0,0.0
acadia s fruit smoothie,"skim milk, raspberry sherbet, orange sherbet, blueberries, strawberry, sugar",150.1,unknown,2.0,83.0,2.0
acadia s fruit smoothie 2,"strawberry, pineapple, non-dairy coffee creamer, orange juice",207.8,unknown,1.0,131.0,5.0
acadia s grilled baby back ribs,"pork baby back ribs, barbecue sauce, water",862.2,unknown,28.0,43.0,89.0
acadia s lasagna,"olive oil, water, ground beef, onion, garlic, oregano, basil, italian seasoning, crushed tomatoes, lasagna noodle, ricotta cheese, mozzarella cheese, parmesan cheese, butter",486.4,unknown,18.0,12.0,36.0
acadia s marinara sauce,"extra virgin olive oil, onion, garlic, yellow bell pepper, basil, oregano, parsley, italian seasoning mix, sherry wine, crushed tomatoes, kosher salt, bay leaf",145.1,unknown,11.0,3.0,6.0
acadia s mocha malt smoothie,"1% low-fat milk, malted chocolate drink mix, french vanilla non-dairy coffee creamer, coffee, ice",73.1,unknown,3.0,35.0,2.0
acadia s mushroom pepper onion stir fry,"olive oil, sweet onion, soy sauce, worcestershire sauce, yellow bell pepper, red bell pepper, green bell pepper, butter, white button mushrooms, garlic salt, fresh ground pepper",92.7,unknown,22.0,19.0,6.0
acadia s mushrooms   onions,"white button mushrooms, vidalia onion, garlic powder, butter",64.0,unknown,1.0,13.0,5.0
acadia s pork chop marinade,"pork chops, pineapple juice, jack daniels whiskey, honey, apple cider vinegar, worcestershire sauce, garlic cloves, soy sauce",394.7,unknown,16.0,36.0,27.0
acadia s raspberry citrus smoothie,"orange juice, pineapple juice, milk, raspberry sherbet, orange sherbet, non-dairy coffee creamer",173.8,unknown,2.0,88.0,7.0
acadia s ratatouille,"extra virgin olive oil, onion, garlic, red bell pepper, yellow bell pepper, basil, oregano, parsley, crushed tomatoes, zucchini, yellow squash, red pepper flakes, kosher salt, parmesan cheese",113.8,unknown,7.0,11.0,7.0
acadia s salmon mushroom stir fry,"salmon, cooking oil, butter, celery, vidalia onion, salt, garlic, cremini mushroom, sesame oil, soy sauce, worcestershire sauce, honey",543.3,unknown,74.0,65.0,52.0
acadia s sauteed italian flounder,"flounder fillets, margarine, italian salad dressing",262.3,unknown,11.0,0.0,13.0
acadia s stuffed eggplant,"eggplant, red bell pepper, vidalia onion, mushrooms, butter, kosher salt, ground black pepper, velveeta cheese, garlic salt",190.7,unknown,21.0,35.0,17.0
acadia s super easy caesar dill sauce,"caesar salad dressing, dill weed",205.0,unknown,19.0,4.0,33.0
acadia s super easy dill sauce,"ranch dressing, dill weed",183.1,unknown,17.0,3.0,29.0
acadia s tofu stir fry,"teriyaki sauce, tofu, garlic cloves, peanut oil, stir fry vegetables",165.0,unknown,172.0,62.0,8.0
acadia s tropical iced tea,"boiling water, vanilla tea bags, pineapple-orange juice, coconut juice, ice, pineapple slices",93.8,unknown,0.0,86.0,0.0
acadia s vegan cremesicle,"almond milk, orange juice, ice",108.2,unknown,0.0,80.0,0.0
acadia s velveeta mac   cheese,"cooper sharp cheese, velveeta cheese slices, macaroni, low-fat milk, light cream, butter",187.4,lunch,2.0,10.0,13.0
acadian beef casserole,"vegetable oil, onion, garlic, carrot, celery, ground chuck, mushroom caps, sherry wine, tomato paste, diced tomatoes, salt, black pepper, dried oregano, dried basil, small shell pasta, frozen chopped spinach, bread, sharp cheddar cheese, parmesan cheese",555.5,unknown,27.0,29.0,52.0
acadian cranberry pie   canada,"cranberries, water, sugar, egg, butter, heavy cream, pastry for double-crust pie",609.8,dinner,15.0,122.0,58.0
acadian peppered shrimp,"butter, lemon juice, fresh basil, cayenne pepper, fresh oregano, garlic, bay leaf, black pepper, salt, raw shrimp in shells",1346.2,unknown,55.0,4.0,154.0
acadian rigatoni,"cooking oil, andouille sausage, onion, celery ribs, green bell pepper, garlic cloves, crushed tomatoes, salt, fresh ground black pepper, rigatoni pasta",810.5,unknown,95.0,20.0,59.0
acapulco,"tequila, rum, pineapple juice, grapefruits, fresh pineapple",150.9,unknown,0.0,34.0,0.0
acapulco  cocktail beverage,"tequila, tia maria, dark rum, pineapple juice, coconut cream",182.6,dinner,0.0,70.0,7.0
acapulco chicken,"boneless skinless chicken breast halves, chili powder, salt, pepper, olive oil, green bell pepper, onion, jalapeno peppers, tomatoes, hot pepper sauce",126.9,unknown,3.0,13.0,7.0
acapulco delight,"ground beef, taco seasoning, water, green taco sauce, flour tortillas, cheddar cheese, barbecue baked beans, sour cream, green onion, sliced ripe olives",489.6,unknown,29.0,7.0,51.0
acapulco gold   virgin cocktail,"pineapple juice, coconut cream, whipping cream, coconut",292.7,unknown,1.0,34.0,40.0
acapulco gold mocktail,"pineapple juice, grapefruit juice, coconut milk, cream",243.5,dinner,0.0,106.0,21.0
acapulco golden burgers,"lean ground turkey, fine dry breadcrumbs, chunky salsa, chili seasoning mix, dried parsley flakes, light cheddar cheese, hamburger buns, nonfat sour cream",318.0,unknown,26.0,20.0,14.0
acapulco margarita grouper,"grouper fillets, tequila, triple sec, lime juice, sea salt, garlic, olive oil, tomatoes, onion, jalapeno, sugar, cilantro, pepper",312.4,unknown,30.0,18.0,9.0
acapulco mexican restaurant s rice,"onion, long grain rice, lard, chicken broth, tomato juice, diced tomato, parsley, garlic, ground cumin, salt, white pepper",540.1,unknown,53.0,26.0,25.0
acapulco mocha iced latte,"ice, espresso, chocolate syrup, orange syrup, coconut cream, milk",233.5,unknown,7.0,45.0,18.0
acapulco rice,"tomato sauce, water, chili powder, minute rice, tortilla chips, cheddar cheese",235.0,unknown,29.0,20.0,8.0
acapulco sunrise  adult drink,"tequila, lime juice, curacao, creme de cassis, club soda, lime slice",3.8,dinner,2.0,1.0,0.0
acapulco tuna dish,"onion, olive oil, tuna, egg, milk, tortilla chips, monterey jack cheese, sour cream, stewed tomatoes, chili powder, salt and pepper, parsley",511.1,unknown,28.0,26.0,49.0
acapulco s crab  avocado enchiladas with cilantro cream recipe,"garlic, salt, sour cream, onions, cilantro, granulated sugar, corn tortillas, oil, crabmeat, monterey jack cheese, pitted black olives, avocado, tomatoes",280.4,unknown,18.0,6.0,26.0
acaramelados  almond stuffed prunes,"dried pitted prunes, toasted almonds, powdered sugar, egg, lemon juice, cognac, sugar, water",532.5,dessert,0.0,306.0,31.0
accidental 3 juice lemonade,"lemon juice, lime juice, orange juice, sugar, kosher salt, cold water, citrus slices",212.3,unknown,4.0,209.0,0.0
accidental hearty nacho soup,"lean ground beef, taco seasoning, water, cheddar cheese soup, low-fat american cheese, salsa, nonfat milk, bell pepper, avocado, sour cream, tortilla chips",216.9,unknown,34.0,15.0,18.0
accidental onion ring sauce,"barbecue sauce, mayonnaise, thousand island dressing, honey, a.1. original sauce, ground cayenne pepper, granulated garlic, onion powder",123.7,unknown,16.0,56.0,8.0
accidental pecan bars,"butter, brown sugar, egg, flour, baking powder, salt, unsalted butter, corn syrup, eggs, pure vanilla extract, light cream, pecans",7876.9,dessert,203.0,2285.0,635.0
accidental veggie tortilla  pizza,"whole wheat tortillas, part-skim mozzarella cheese, pizza sauce, fresh spinach, sweet red pepper, carrot, fresh tomato, cheddar cheese",386.5,lunch,46.0,59.0,33.0
accidentally juiced up,"coconut milk, pineapple juice, mango nectar",594.6,unknown,2.0,354.0,37.0
accidentally the best baked chicken nuggets ever,"chicken tenderloins, egg, cornstarch, soy sauce, water, flour, chili powder, pepper, cooking spray",195.8,lunch,9.0,0.0,5.0
accordion potatoes,"potatoes, bay leaf, fresh thyme sprig, salt, pepper, olive oil, butter",208.2,unknown,1.0,6.0,8.0
accordion sandwiches,"italian bread, mayonnaise, italian dressing, parmesan cheese, cooked chicken, ham, cheddar cheese",345.9,lunch,31.0,5.0,24.0
accordion treats,"aluminum foil, margarine, sugar, vanilla, eggs, all-purpose flour, salt, walnuts",58.2,dessert,2.0,12.0,5.0
accra banana peanut cake  ghana,"all-purpose flour, cake flour, baking powder, salt, baking soda, butter, sugar, eggs, bananas, peanuts, cinnamon",7475.2,dessert,264.0,2484.0,452.0
ace of spades,"tequila, blackberry liqueur, fresh lime juice, agave nectar, lime",25.9,unknown,0.0,6.0,0.0
ace s den meatballs in san marzano tomato sauce,"ground pork, onion, white bread, milk, fresh parsley, garlic cloves, kosher salt, pepper, pecorino romano cheese, eggs, san marzano tomatoes, fresh basil, fresh oregano",401.0,unknown,21.0,30.0,40.0
ace s fresh butternut bake,"butternut squash, apple, green pepper, red pepper, red onion, garlic clove, brown sugar, olive oil, salt, pepper",129.1,dinner,12.0,36.0,10.0
ace s gala chicken salad,"cooked chicken, gala apples, celery, sliced almonds, kosher salt, pepper, lemon, juice of, mayonnaise",256.6,lunch,34.0,22.0,25.0
ace s ruby red grapefruit and orange cake by melissa winner,"baker's joy, flour, white sugar, baking powder, baking soda, kosher salt, eggs, canola oil, banana, ruby red grapefruit juice, orange juice, sour cream, orange zest, grapefruit zest, grapefruit juice, confectioners' sugar, pecans",582.1,dessert,12.0,227.0,42.0
aces  frozen chocolate mousse pie,"chocolate wafers, butter, pecans, semisweet chocolate, cream cheese, sugar, vanilla, eggs, whipping cream",435.4,dessert,9.0,62.0,55.0
achaari chicken,"boneless skinless chicken breast, vegetable oil, nigella seeds, mustard seeds, fennel seed, dried red chili pepper, onion, tomato puree, kosher salt, chili powder, turmeric, fresh cilantro",365.7,unknown,43.0,20.0,15.0
achara  pickled papaya,"papaya, red bell pepper, green bell pepper, carrot, shallots, garlic clove, gingerroot, raisins, salt, fresh coarse ground black pepper, vinegar, sugar",182.5,unknown,32.0,152.0,0.0
achari chicken,"vegetable oil, onion, garlic, ginger, turmeric, chili powder, ground cumin, ground coriander, ground black pepper, tomatoes, skinless chicken breasts, plain yogurt, green chilies, mango powder, flaked sea salt, mustard oil, fenugreek seeds",284.2,unknown,5.0,19.0,11.0
achari fish,"cod, tomatoes, lemon juice, onions, fennel seed, red chilies, coriander seeds, onion seeds, fenugreek seeds, turmeric powder, mustard seeds, red chili powder, green chilies, garlic paste, oil",389.0,unknown,5.0,58.0,24.0
achingya thoren  kerala style green bean curry,"curry leaves, coconut, ground cumin, cayenne, turmeric, garlic cloves, vegetable oil, brown mustard seeds, raw rice, dried hot red chiles, green beans, salt",136.0,dinner,16.0,6.0,18.0
achiote honey glaze,"achiote paste, salt, honey, water",1030.6,unknown,65.0,1113.0,0.0
achiote marinade,"achiote paste, orange juice, grapefruit juice, habanero pepper, garlic, cumin seed, mexican oregano, fresh ground black pepper",123.1,unknown,0.0,91.0,1.0
achiote oil,"corn oil, annatto seeds",96.4,unknown,0.0,0.0,16.0
achiote paste,"annatto seeds, cumin seeds, black pepper, allspice berries, salt, nutmeg",3.5,unknown,24.0,0.0,0.0
achiote pork torta    sandwiches,"garlic cloves, white vinegar, orange juice, lime juice, kosher salt, ground cumin, achiote paste, fresh cilantro stems, boneless pork butt, sandwich buns, asadero cheese, lettuce, roma tomato, guacamole, red onion, pickled jalapeno pepper, hot salsa",464.4,lunch,20.0,13.0,39.0
achiote tilapia  super simple,"achiote paste, salad oil, orange juice, garlic cloves, lime, apple cider, worcestershire sauce, salt and pepper, tilapia fillet",143.6,unknown,2.0,6.0,6.0
achy breaky shrimpy bakey,"shrimp, butter, breadcrumbs, parmesan cheese, salt, lime juice, dry sherry, cayenne pepper, parsley",494.1,unknown,39.0,8.0,44.0
acili biskuvi  spicy biscuits,"flour, unsalted butter, cheese, egg whites, salt, cayenne pepper, egg yolks, nigella seeds",62.9,unknown,3.0,0.0,5.0
acili ezme  turkish style tomato dip condiment,"red onions, sumac, salt, tomatoes, fresh parsley, extra virgin olive oil, pomegranate syrup, fresh lemon juice, red jalapeno chiles",173.2,unknown,0.0,26.0,21.0
acini di pepe ambrosia salad,"sugar, flour, salt, eggs, lemon juice, oil, acini di pepe pasta, mandarin oranges, pineapple chunks, pineapple tidbits, mini marshmallows, shredded coconut",396.3,unknown,5.0,200.0,7.0
acini di pepe salad,"acini di pepe pasta, extra virgin olive oil, red wine vinegar, kosher salt, grape tomatoes, pine nuts, radicchio, red onion, basil leaves, feta cheese",480.1,dinner,36.0,11.0,49.0
acini di pepe with lemon butter and zucchini,"acini di pepe pasta, lemon juice, butter, fresh lemon zest, zucchini",212.3,unknown,1.0,5.0,9.0
acini di pepe with spinach and feta,"acini di pepe pasta, olive oil, butter, garlic cloves, red pepper flakes, scallions, spinach leaves, feta, salt",395.2,unknown,13.0,11.0,27.0
acini di pepe with zucchini and peppers,"acini di pepe pasta, kosher salt, olive oil, carrot, onion, garlic cloves, yellow pepper, zucchini, white wine, fresh parsley, fresh oregano, romano cheese, ground pepper",391.8,unknown,3.0,19.0,19.0
acma  soft turkish bagels,"instant yeast, milk, water, sugar, olive oil, flour, salt, egg white, sesame seeds",525.6,breakfast,13.0,32.0,44.0
acne cleansing salad,"olive oil, apple cider vinegar, garlic, onion, baby spinach, rocket, collard greens, carrot",194.8,lunch,3.0,15.0,21.0
acorda alentejana   alentejo bread and garlic soup,"garlic cloves, salt, olive oil, fresh coriander, boiling water, whole wheat bread, eggs",385.8,lunch,33.0,7.0,51.0
acorn bread,"acorn meal, flour, baking powder, salt, sugar, eggs, milk, oil",1203.7,unknown,147.0,153.0,85.0
acorn magic delights,"butter, brown sugar, pecans, all-purpose flour, baking powder, semi-sweet chocolate chips, vanilla extract",148.4,dessert,2.0,28.0,15.0
acorn or butternut squash risotto,"squash, minute brown rice, frozen mixed vegetables, vegetable stock cube, water, pepper, chinese five spice powder",252.8,unknown,4.0,5.0,3.0
acorn pancakes,"white flour, acorn meal, baking powder, salt, egg, milk, oil",431.4,breakfast,59.0,1.0,44.0
acorn shepherd s pie,"acorn squash, russet potato, unsalted butter, salt & freshly ground black pepper, yellow onion, celery, garlic cloves, ground beef, dried oregano, tomato sauce, parmesan cheese",525.8,unknown,20.0,17.0,38.0
acorn squash   cranberry orange sauce,"acorn squash, cranberry sauce, orange marmalade, raisins, cinnamon, salt and pepper",334.1,unknown,2.0,241.0,0.0
acorn squash   bourbon butter,"acorn squash, apple cider, bourbon, brown sugar, ginger, allspice, nutmeg",193.0,unknown,0.0,105.0,0.0
acorn squash  n citrus,"acorn squash, butter, orange marmalade, candied ginger, fresh lemon juice, nutmeg",178.1,dinner,1.0,64.0,4.0
acorn squash a la kree,"acorn squash, soy margarine, brown sugar, salt and pepper",205.5,unknown,4.0,53.0,11.0
acorn squash and apple mash,"acorn squash, granny smith apples, butter, brown sugar, honey",375.6,unknown,3.0,179.0,18.0
acorn squash and apple soup,"acorn squash, chicken stock, granny smith apples, onion, unsweetened apple juice, fresh gingerroot, salt, fresh lemon juice, fresh ground white pepper",230.7,unknown,23.0,70.0,4.0
acorn squash and apples,"acorn squash, salt, tart apples, raisins, butter, brown sugar, cinnamon, nutmeg",269.0,unknown,15.0,93.0,14.0
acorn squash and arugula pizza,"acorn squash, red pepper flakes, olive oil, maple syrup, salt and pepper, gorgonzola, mozzarella cheese, arugula, oil, cracked pepper",159.1,lunch,11.0,13.0,15.0
acorn squash and granny smith apple soup,"acorn squash, canola oil, onion, granny smith apple, curry powder, fat-free low-sodium chicken broth",250.9,dinner,3.0,57.0,10.0
acorn squash and kale over penne,"acorn squash, water, olive oil, garlic cloves, kale, vegetable broth, salt, crushed red pepper flakes, nutmeg, cooked penne, parmesan cheese",288.2,unknown,12.0,0.0,10.0
acorn squash and sweet potato soup  vegetarian,"sweet potatoes, acorn squash, shallots, olive oil, garlic cloves, vegetable broth, light cream, salt, pepper",151.9,unknown,1.0,10.0,9.0
acorn squash bisque,"acorn squash, butter, onion, salt and pepper, fresh thyme leave, vegetable broth, half-and-half",162.6,unknown,1.0,4.0,10.0
acorn squash custard,"acorn squash, brown sugar, butter, eggs, dijon mustard, ground cinnamon, ground allspice, ground nutmeg",219.2,unknown,4.0,43.0,16.0
acorn squash feta casserole,"acorn squash, onion, garlic cloves, butter, green pepper, sweet red pepper, eggs, plain yogurt, feta cheese, salt, pepper, cayenne pepper, sunflower seeds",272.9,unknown,35.0,19.0,26.0
acorn squash for 2,"acorn squash, butter, honey, dried sage, bacon, maple syrup, jalapeno, orange marmalade",510.4,dinner,12.0,213.0,33.0
acorn squash in foil on the grill,"acorn squash, honey, salt, pepper, ginger, nutmeg, butter",153.8,unknown,17.0,34.0,6.0
acorn squash lasagna,"acorn squash, butter, kosher salt, nutmeg, dried sage, black pepper, part-skim ricotta cheese, parmesan cheese, no-boil lasagna noodles",442.7,unknown,52.0,1.0,28.0
acorn squash medley,"acorn squash, olive oil, garlic cloves, red peppers, carrots, spinach, mushrooms, sunflower seeds, cooked brown rice, sausage links, basil, salt, cayenne pepper",325.1,unknown,8.0,31.0,11.0
acorn squash microwave baked,"acorn squash, butter, sugar",236.8,unknown,4.0,50.0,18.0
acorn squash roasted with applesauce,"acorn squash, vegetable oil cooking spray, applesauce, butter, salt, fresh ground pepper, water",251.0,dinner,16.0,0.0,12.0
acorn squash soup,"pumpernickel bread, butter, olive oil, salt, garlic clove, onion, celery, flour, chicken bouillon granule, dill weed, curry powder, cayenne pepper, kosher salt, chicken broth, evaporated milk, acorn squash, black pepper",315.7,unknown,30.0,4.0,24.0
acorn squash stuffed w  pears  wild rice  walnuts,"acorn squash, fresh ground pepper, nutmeg, unsalted butter, wild rice, low sodium chicken broth, salt, olive oil, yellow onion, garlic clove, celery rib, pears, fresh sage, fresh thyme leaves, fresh parsley, walnuts, dried sweetened cranberries",382.2,dinner,5.0,46.0,26.0
acorn squash stuffed with apple couscous,"couscous, apple juice, prune, dried cranberries, dried apple, apple juice concentrate, cardamom, maple syrup, acorn squash, pecans",224.1,dinner,0.0,46.0,0.0
acorn squash stuffed with curried meat,"acorn squash, butter, yellow onion, tart apple, garlic, curry powder, ground lamb, cumin seed, cayenne pepper, salt, heavy whipping cream",1229.2,lunch,62.0,54.0,152.0
acorn squash stuffed with herbed cornbread stuffing with seitan,"olive oil, onions, seitan, garlic cloves, celery ribs, green bell pepper, cremini mushrooms, fresh sage, fresh rosemary, salt, fresh ground pepper, fresh parsley, cornbread stuffing mix, tamari, umeboshi vinegar, vegetable broth, acorn squash",268.8,unknown,98.0,18.0,6.0
acorn squash stuffed with italian sausage   penne,"acorn squash, italian sausage, onion, pasta sauce, penne, mozzarella cheese",689.0,unknown,58.0,51.0,41.0
acorn squash stuffed with lamb   curry,"acorn squash, butter, yellow onion, tart apple, garlic cloves, curry powder, ground lamb, cumin seed, cayenne pepper, salt, heavy whipping cream",1229.2,lunch,62.0,54.0,152.0
acorn squash stuffed with sausage and sour cream,"acorn squash, sausage, butter, sour cream, mushrooms, onion",561.4,unknown,46.0,11.0,66.0
acorn squash with apple stuffing,"acorn squash, boiling water, granny smith apples, honey, butter, salt",462.4,dessert,6.0,214.0,27.0
acorn squash with apple turkey stuffing,"acorn squash, ground turkey, mcintosh apple, dried breadcrumbs, egg, salt, poultry seasoning, mace",319.1,unknown,19.0,16.0,17.0
acorn squash with bacon,"acorn squash, bacon, butter, cinnamon, salt & pepper, mistake, brown sugar, honey",369.6,unknown,14.0,0.0,46.0
acorn squash with bacon  apple and swiss,"acorn squash, bacon, apple, onion, garlic cloves, dried sage, dried rosemary, dried thyme, ground pepper, seasoned stuffing mix, water, swiss cheese, toasted breadcrumb, olive oil, parsley, green onion",311.8,unknown,13.0,17.0,30.0
acorn squash with boursin custard,"acorn squash, boursin cheese, cream cheese, egg",147.9,dinner,2.0,0.0,9.0
acorn squash with butter pecan sauce,"acorn squash, butter, brown sugar, maple-flavor syrup, pecans",123.9,unknown,1.0,25.0,10.0
acorn squash with cheese spinach stuffing,"acorn squash, olive oil, onion, celery, seasoned stuffing mix, frozen spinach, fat-free cream of mushroom soup, nonfat milk, low-fat swiss cheese",435.5,unknown,45.0,24.0,14.0
acorn squash with cracker stuffing,"acorn squash, butter, ritz crackers, blanched almond, salt, cinnamon, nutmeg, brown sugar",717.4,dinner,29.0,99.0,67.0
acorn squash with cranberry apple stuffing,"acorn squash, boiling water, apples, dried cranberries, cinnamon, grapeseed oil",189.1,unknown,0.0,30.0,11.0
acorn squash with cranberry stuffing,"acorn squash, onion, celery rib, salt, pepper, allspice, apple, apple juice, cranberries, raisins, brown sugar, bread, nuts",108.3,unknown,8.0,32.0,1.0
acorn squash with dried fruit and granola compote,"acorn squash, quick-cooking rolled oats, dried cranberries, dried apricots, dried apple rings, maple syrup, butter, brown sugar, flour, cinnamon, clove, salt",345.3,breakfast,5.0,147.0,10.0
acorn squash with filberts or pecans,"acorn squash, butter, brown sugar, salt, cinnamon, orange zest, orange, juice of, filberts, water",267.1,lunch,10.0,42.0,22.0
acorn squash with pineapple,"acorn squash, cinnamon, nutmeg, allspice, ginger, canned crushed pineapple",60.7,unknown,0.0,10.0,0.0
acorn squash with raisin sauce,"acorn squash, raisins, apple cider, pure maple syrup, cornstarch, ground cinnamon, ground allspice",95.1,dinner,0.0,29.0,0.0
acorn squash with roasted garlic custard,"acorn squash, olive oil, salt, black pepper, brown sugar, elephant garlic, milk, eggs, ground nutmeg",147.2,dinner,8.0,7.0,10.0
acorn squash with sausage,"acorn squash, canola oil, onion, fresh mushrooms, red bell pepper, garlic, sweet italian turkey sausage, italian bread, black pepper, parmesan cheese",362.4,dinner,46.0,19.0,27.0
acorn squash with spiced brazil nut filling,"acorn squash, sugar, flour, salt, ground cinnamon, ground nutmeg, brazil nut, orange rind, butter",217.4,unknown,4.0,26.0,19.0
acorn squash with spinach stuffing,"acorn squash, celery, green onions, fresh spinach, dry breadcrumbs, pecans",167.2,unknown,5.0,5.0,6.0
acorn  butternut squash and parsnips gratin,"dry breadcrumbs, fresh parsley, salt, dried oregano, dried thyme, pepper, acorn squash, butternut squash, parsnips, olive oil, olive oil-flavored vegetable cooking spray, reduced-fat sharp cheddar cheese, oregano sprig",152.8,unknown,12.0,14.0,5.0
acorns cookies,"butter, brown sugar, pecans, all-purpose flour, baking powder, semi-sweet chocolate chips",1774.3,dessert,21.0,343.0,182.0
across the pond tasty leeks,"leeks, roma tomatoes, pine nuts, olive oil, salt, cracked black pepper, fresh marjoram",207.1,unknown,0.0,18.0,25.0
actual p f  chang s lettuce wrap recipe not a copycat,"chicken, fresh ginger, garlic, dried chili pepper flakes, soybean oil, romaine lettuce, fresh orange juice, fresh lime juice, fresh lemon juice, soy sauce, hoisin sauce, scallion",435.6,lunch,69.0,33.0,43.0
actual panera bread recipe for hearty cheese soup in a sourdough,"butter, carrots, celery, green bell pepper, onion, mixed mushrooms, cooked ham, all-purpose flour, cornstarch, chicken broth, milk, paprika, cayenne pepper, ground mustard, sharp cheddar cheese, salt & freshly ground black pepper, bread bowls",620.4,dinner,48.0,12.0,67.0
actual pf chang s mongolian beef recipe,"beef tenderloin, oil, garlic, soy sauce, sugar, rice wine, green onions, sesame oil",285.9,unknown,43.0,27.0,29.0
actually very tasty vegetarian meatloaf,"brown rice, vegetable broth, dried mushroom, olive oil, salt, walnuts, onion, celery, garlic cloves, whole wheat bread crumbs, fresh parsley, fresh thyme, eggs",300.2,unknown,18.0,11.0,29.0
ad hoc pita with broccoli  egg and cheese,"eggs, broccoli, muenster cheese, salt and pepper, olive oil, pita bread",855.2,breakfast,38.0,14.0,90.0
ada perez pralines,"white sugar, light brown sugar, salt, evaporated milk, pecans, vanilla, butter",2907.7,dessert,33.0,1640.0,206.0
ada s chocolate peanut butter fudge,"sugar, cocoa, butter, vanilla, evaporated milk, peanut butter, marshmallow cream",7399.6,dessert,107.0,4183.0,370.0
ada s peanut butter fudge,"brown sugar, granulated sugar, butter, vanilla, evaporated milk, peanut butter, marshmallow cream",75.3,dessert,1.0,43.0,3.0
adam   eve sandwich,"english muffins, ham, hard-boiled eggs, cheddar cheese, prepared mustard, worcestershire sauce, cream",639.0,breakfast,34.0,12.0,67.0
adam carolla s famous thanksgiving cranberry sauce recipe,"cranberries, water, sugar",90.6,unknown,0.0,75.0,0.0
adam perry lang s secret recipe baby back ribs,"water, brown sugar, mustard, smoked paprika, chili powder, salt, jello gelatin, worcestershire sauce, pork baby back ribs, apple juice, honey, butter, aluminum foil, barbecue sauce, apricot preserves",856.7,unknown,68.0,115.0,96.0
adam west s super bowl dumplings,"sweet italian sausage link, onion, red pepper, fresh mushrooms, black pepper, fresh sage leaves, wonton wrappers, flour, nonstick cooking spray",167.5,lunch,19.0,4.0,12.0
adam s cabbage,"cabbage, bacon, salt and pepper, water",63.7,unknown,2.0,23.0,3.0
adam s dry rub ribs   low carb,"baby back rib racks, garlic salt, smoked paprika, dried rosemary, dried thyme, lemon pepper, cider",24.7,unknown,0.0,1.0,0.0
adam s favorite creamy cheesy cauliflower soup,"cauliflower, chicken stock, sweet onion, butter, flour, light cream, cheddar cheese, salt, pepper, nutmeg",299.8,unknown,21.0,16.0,35.0
adam s fruit popsicles,"white grape juice, lemon juice, grape juice",167.9,dessert,0.0,163.0,0.0
adam s laksa for one,"chicken, onion, garlic, ginger, coriander, lemongrass, red curry paste, sweet chili sauce, fish sauce, hot chicken stock, noodles, coconut milk, assorted fresh vegetables, peanut oil, sesame oil",1011.5,lunch,86.0,18.0,97.0
adam s ribs,"country-style pork ribs, dr. pepper cola, garlic cloves, liquid smoke, onion, barbecue sauce",504.4,unknown,6.0,6.0,46.0
adams  snickerdoodles  2004  canadian,"salted butter, granulated sugar, brown sugar, golden syrup, eggs, vanilla extract, all-purpose flour, baking powder, baking soda, salt, nutmeg, ground cinnamon",98.9,lunch,3.0,32.0,6.0
adams ginger snappys,"dark brown sugar, granulated sugar, molasses, vegetable shortening, butter, egg, vanilla, all-purpose flour, baking soda, ground ginger, salt, ground cinnamon, ground cloves, coffee",57.8,dessert,3.0,27.0,1.0
adams sunrise,"frozen lemonade concentrate, ice, vodka, sugar, water",582.1,unknown,0.0,173.0,0.0
adana kebab,"ground lamb, ground veal, olive oil, salted butter, red bell pepper, yellow onion, garlic cloves, yogurt, red onions, sumac, lemon juice, pita bread, red pepper flakes, ground coriander, cumin, black pepper, kosher salt",655.5,unknown,48.0,24.0,48.0
adapted columbia restaurant 1905 salad recipe,"romaine lettuce, tomatoes, sweet onion, swiss cheese, ham, green olives, garlic cloves, oregano, worcestershire sauce, white wine vinegar, lemon juice, olive oil, salt and pepper, parmesan cheese, french baguette, unsalted butter, garlic clove, smoked paprika, sea salt, manchego cheese",762.5,unknown,65.0,27.0,101.0
adapted from todd wilbur s top secret recipes big mac sauce,"mayonnaise, french dressing, sweet pickle relish, white onion, white vinegar, sugar, salt",258.2,unknown,40.0,83.0,29.0
adas bil hamod   lentils with lemon juice,"black lentils, water, potatoes, flour, garlic cloves, coriander, lemon juice, salt, pepper",353.8,unknown,1.0,9.0,1.0
adas polo   persian rice with lentils,"lentils, basmati rice, water, onion, garlic cloves, salt, pepper, turmeric, cinnamon, nutmeg, cardamom, cumin, saffron, raisins, dates, potato, canola oil, butter",747.5,unknown,29.0,149.0,22.0
adas polow,"lentils, basmati rice, ground beef, dates, raisins, saffron, onions, cooking oil, salt, black pepper",983.9,unknown,3.0,158.0,29.0
add a little interest with persian couscous,"couscous, vegetable stock powder, sugar, orange, rind of, boiling water, almonds, currants, butter, dried apricot, spring onions, coriander leaves",419.4,unknown,5.0,61.0,21.0
add ins bread,"flour, cinnamon, eggs, sugar, vanilla, salt, baking soda, baking powder, vegetable oil, nuts, fruit, apple, applesauce, apricot, banana, carrot, cherries, dates, eggplant, fig, marmalade, mincemeat, orange, peach, pineapple, pumpkin, raisins, raspberries, rhubarb, yam, zucchini",196.8,unknown,6.0,54.0,15.0
add an ingredient risotto,"arborio rice, sweet peppers, shrimp, instant clear broth, hot water, white wine, oil, parmesan cheese, garlic, pepper, basil, oregano, fresh ground black pepper",584.1,unknown,5.0,17.0,12.0
adders fork  glazed carrots   parsnips  zwt three,"carrots, parsnips, vinegar, butter, brown sugar, salt & pepper",179.7,unknown,6.0,64.0,17.0
addicted to porridge,"rolled oats, polenta, coconut, slivered almonds, soymilk, salt, water",141.8,breakfast,7.0,6.0,4.0
addicting cheesy potato casserole,"frozen hash brown potatoes, cream of chicken soup, sour cream, onion, margarine, cheddar cheese",749.1,dinner,44.0,5.0,88.0
addicting chicken tetrazzini,"noodles, chicken, butter, green onions, mushrooms, milk, flour, nutmeg, dry sherry, white pepper, parmesan cheese, sour cream, reduced-sodium fat-free chicken broth",292.0,unknown,4.0,7.0,14.0
addicting chocolate chip cookies,"unsalted butter, light brown sugar, granulated sugar, egg, vanilla, instant coffee, all-purpose flour, baking soda, baking powder, salt, nestle semi-sweet chocolate chips",288.6,dessert,2.0,117.0,20.0
addicting sweet and sour salsa,"black-eyed peas, white shoepeg corn, pimientos, green bell pepper, red bell pepper, orange bell pepper, yellow onion, sugar, apple cider vinegar, vegetable oil, tiger sauce",381.2,unknown,8.0,110.0,29.0
addicting wild rice   asparagus salad,"long grain and wild rice blend, onion, garlic cloves, asparagus, portabella mushrooms, chicken broth, olive oil, red wine vinegar, garlic salt, pine nuts, craisins",344.5,unknown,9.0,100.0,30.0
addictive  0 point  cabbage soup ww,"green cabbage, onions, green peppers, garlic cloves, fat free chicken broth, v8 vegetable juice, crushed tomatoes, lipton onion soup mix, fresh basil",72.0,unknown,17.0,22.0,0.0
addictive asparagus,"pancetta, butter, asparagus, leeks, garlic cloves, fresh lemon zest, orange zest, pine nuts, italian parsley, salt & freshly ground black pepper",99.2,unknown,2.0,10.0,9.0
addictive cheeseburger pizza,"lean hamburger, italian sausage, green pepper, onion, garlic, marinara sauce, mozzarella cheese, velveeta cheese, pizza dough",376.7,unknown,34.0,8.0,41.0
addictive chex mix,"butter, margarine, brown sugar, light corn syrup, salt, baking soda, vanilla, corn chex, rice chex, wheat chex, crispix cereal, pecans",197.0,lunch,11.0,57.0,15.0
addictive chicken,"boneless skinless chicken breasts, parmesan cheese, dried parsley, dried oregano leaves, paprika, pepper, butter",503.8,unknown,43.0,3.0,69.0
addictive chicken tenders  one taste and you re addicted,"chicken tenders, parmesan cheese, dried parsley, dried oregano, paprika, salt, pepper, butter",450.4,unknown,54.0,2.0,51.0
addictive chocolate tapioca pudding,"dry tapioca, cornstarch, salt, sugar, rice milk, semi-sweet chocolate chips, vanilla",421.1,dessert,6.0,163.0,15.0
addictive corn dip,"mexicorn, sour cream, mayonnaise, cilantro, green onions, four-cheese mexican blend cheese, cumin, cayenne pepper, lime, tortilla chips",639.5,unknown,41.0,21.0,61.0
addictive dill pickles,"garlic, fresh dill, powdered alum, hot peppers, grape leaves, pickling cucumber, vinegar, water, salt",251.0,unknown,946.0,9.0,9.0
addictive green enchiladas,"chicken breasts, diced green chilies, cream cheese, onion, green enchilada sauce, white corn tortillas, cheese",334.9,unknown,29.0,16.0,31.0
addictive healthy muffins,"oat bran, all-purpose white flour, wheat bran, ground flax seeds, baking powder, baking soda, salt, navel oranges, brown sugar, buttermilk, canola oil, eggs, golden raisins",181.8,breakfast,4.0,63.0,11.0
addictive jalapeno popper bites,"jalapenos, cream cheese, bacon, shallot, cheese",411.7,unknown,29.0,7.0,59.0
addictive meatballs,"frozen meatballs, cranberry sauce, picante sauce",61.1,unknown,10.0,55.0,0.0
addictive mexican stew,"onion, garlic clove, olive oil, cooked chicken, taco seasoning mix, diced tomatoes, black beans, whole kernel corn, diced green chilies, chicken broth, cornstarch",359.4,unknown,51.0,36.0,15.0
addictive milk toffee to enjoy with coffee,"condensed milk, sugar, butter, green cardamom powder, cashews",790.7,dinner,7.0,633.0,23.0
addictive oatmeal molasses cookies,"flour, baking soda, baking powder, salt, cinnamon, rolled oats, nuts, raisins, butter, sugar, eggs, molasses",171.7,dessert,6.0,67.0,7.0
addictive olive spread,"cream cheese, pimento-stuffed green olives",791.5,unknown,27.0,1.0,121.0
addictive pico de gallo  aka salsa cruda,"tomatoes, garlic cloves, red onion, vidalia onion, jalapeno pepper, fresh cilantro, lime juice, salt and pepper, olive oil",47.0,dinner,0.0,17.0,2.0
addictive pierogi casserole,"wide egg noodles, butter, mashed potatoes, american cheese, cheddar cheese, mozzarella cheese, vidalia onion, garlic cloves, salt and pepper",579.0,unknown,31.0,11.0,44.0
addictive snack mix,"m&m's plain chocolate candy, almonds, raisins, salted peanuts",597.7,lunch,14.0,192.0,51.0
addictive toasty pecans,"pecan halves, water, salt",2736.4,unknown,1571.0,62.0,438.0
addictive white chocolate cookies,"white chocolate bark, peanut butter, miniature marshmallows, nuts, rice krispies",152.4,dessert,3.0,39.0,16.0
addictive yellow squash casserole,"yellow squash, butter, egg, saltine crackers, salt, pepper, cheez whiz, onion, fritos corn chips",185.4,dinner,39.0,14.0,22.0
addie s favorite peanut butter chocolate chip cookies,"all-purpose flour, salt, baking soda, butter, peanut butter, white sugar, brown sugar, eggs, chocolate chips",319.5,dessert,8.0,103.0,27.0
addie s pound cake,"butter, sugar, eggs, flour, whipping cream, vanilla extract, lemon extract",411.7,dessert,5.0,150.0,29.0
addy s pound cake  american girl collection,"shortening, eggs, butter, sugar, vanilla extract, flour, baking powder, salt",1104.0,dessert,32.0,268.0,102.0
adela s salsa,"serrano peppers, tomatoes, fresh cilantro, onion, avocados, salt",380.6,unknown,1.0,36.0,46.0
adelaide s hermits,"butter, sugar, molasses, egg, vanilla, flour, clove, cinnamon, salt, baking soda, water, raisins",165.6,dessert,5.0,63.0,6.0
adele s sumptuous carrot cake,"flour, sugar, eggs, corn oil, carrots, walnuts, raisins, baking powder, baking soda, vanilla, nutmeg, salt, cinnamon, cream cheese, powdered sugar",629.4,dinner,19.0,192.0,50.0
adi s shepherd s pie,"ground beef, egg, breadcrumbs, salt, pepper, garlic powder, onion powder, frozen corn, potatoes, onions, oil, margarine, salt and pepper",641.2,unknown,40.0,20.0,43.0
adie s short ribs,"beef short ribs, flour, salt, pepper, onions, catsup, vinegar, worcestershire sauce, soy sauce, sugar, water",2448.7,unknown,126.0,159.0,316.0
adios amigos,"light rum, lime juice, dry vermouth, brandy, gin",121.4,unknown,0.0,1.0,0.0
adirondack applesauce and date bars,"all-purpose flour, baking soda, baking powder, ground cinnamon, ground cloves, ground nutmeg, margarine, granulated sugar, fat-free liquid egg product, vanilla extract, chunky applesauce, pitted dates, walnuts, nonstick cooking spray, powdered sugar",164.8,dessert,5.0,57.0,8.0
adirondack red wing burger,"olive oil, carrot, celery rib, onion, garlic cloves, ground turkey, fresh dill, poultry seasoning, salt and pepper, butter, hot pepper sauce, blue cheese, sandwich-size english muffins, cheddar cheese, iceberg lettuce, pickle relish",463.6,lunch,37.0,26.0,47.0
adjust a heat wings,"paprika, garlic powder, garlic salt, black pepper, italian seasoning, brown sugar, olive oil, chicken wings",477.5,dinner,5.0,29.0,52.0
adlib hungarian paprikash,"chicken broth, water, paprika, spaghetti, cabbage, onion, kielbasa, sour cream",814.3,unknown,50.0,61.0,47.0
admiral s coffee,"brewed coffee, creme de menthe, dark creme de cacao, whipped cream",72.5,unknown,0.0,31.0,0.0
admired avocado and crab pasta,"pasta, onion, avocado, tomatoes, fresh coriander, fresh lime juice, olive oil, garlic cloves, chili, canned crabmeat",570.0,unknown,6.0,23.0,30.0
adobe empanadas,"cream cheese, butter, all-purpose flour, ground beef, ground pork, onion, garlic, ground cumin, seasoning salt, jalapeno, tomato puree, pine nuts, raisins, egg",576.7,dinner,12.0,28.0,64.0
adobe grilled pork chops,"pork loin chops, tomato paste, dried ancho chile powder, adobo seasoning, ground cumin, garlic powder, cayenne pepper, ground cloves, fresh lime juice, oil, water, white tequila, lime juice",361.1,unknown,14.0,18.0,42.0
adobe vegetable skillet,"onions, green bell peppers, potatoes, fresh tomatoes, taco sauce, instant minced garlic, black pepper",97.8,unknown,3.0,21.0,0.0
adobo,"garlic cloves, paprika, salt, jalapeno peppers, oil, red wine vinegar",1024.7,unknown,291.0,3.0,169.0
adobo beef tacos with pickled red onions,"steaks, corn tortillas, queso fresco, fresh cilantro, red onion, white wine vinegar, salt, honey, smoked paprika, adobo seasoning, ground chipotle chile pepper",502.5,unknown,28.0,43.0,45.0
adobo beef with gravy,"stewing beef, dry mustard, adobo seasoning, cornstarch, salt, pepper, beef broth",312.7,unknown,21.0,0.0,35.0
adobo bisaya,"pork, soy sauce, vinegar, water, ground pepper, brown sugar, peppercorn, garlic clove, laurel leaf",425.6,unknown,116.0,38.0,24.0
adobo chicken pie,"cooked chicken breast, dry mustard, flour, cornmeal, sugar, baking powder, salt, 2% low-fat milk, canola oil, egg, black beans, sweet whole kernel corn, green chilies, cheddar cheese, sour cream, chipotle chiles in adobo",271.8,unknown,11.0,23.0,14.0
adobo chicken with ginger,"chicken pieces, soy sauce, vinegar, bulb of garlic, fresh ginger, bay leaves, black peppercorns",390.7,unknown,71.0,2.0,38.0
adobo chips with warm goat cheese and cilantro salsa,"chipotle chiles in adobo, fresh cilantro, tomatillo, red onion, fresh lime juice, olive oil, adobo sauce, paprika, cumin, white corn tortillas, low-fat cream cheese, goat cheese",53.1,lunch,2.0,4.0,6.0
adobo filipino style,"pork, vinegar, soy sauce, salt, garlic cloves, bay leaf, pepper, water, cooking oil",207.3,unknown,24.0,0.0,17.0
adobo marinade,"garlic, salt, dried mexican oregano, ground cumin, dried thyme, red wine vinegar, orange juice, lime juice, olive oil, fresh cilantro",279.8,dinner,39.0,27.0,34.0
adobo mojado   wet rub for meats and poultry,"garlic cloves, fine sea salt, black peppercorns, dried oregano, olive oil, white wine vinegar",621.4,unknown,868.0,4.0,85.0
adobo pork chops,"boneless pork loin chops, brown sugar, olive oil, orange juice, cilantro, red wine vinegar, chili powder, ground cumin, dried oregano, salt, ground red pepper, ground cinnamon, garlic cloves",353.8,unknown,12.0,19.0,27.0
adobo rice with beans and tomato,"long grain and wild rice blend, chicken stock, olive oil, butter, sweet white onion, garlic clove, black beans, diced tomatoes, chipotle chile in adobo, cream cheese, extra-sharp cheddar cheese, sour cream",272.5,unknown,16.0,18.0,24.0
adobo rubbed thanksgiving turkey,"whole turkey, garlic clove, peppercorn, dried oregano, salt, olive oil, white vinegar",535.0,unknown,17.0,0.0,41.0
adobo seasoning,"salt, paprika, ground black pepper, onion powder, dried oregano, ground cumin, garlic powder, chili powder",10.9,unknown,83.0,0.0,0.0
adobo seasoning   delicioso style,"lemon pepper seasoning, garlic powder, onion powder, dried oregano, parsley flakes, achiote powder, ground cumin, salt",240.2,unknown,875.0,12.0,4.0
adobo seasoning   salt free,"onion powder, garlic powder, black pepper, dried oregano, cumin, cayenne pepper",76.5,unknown,0.0,18.0,1.0
adobo sirloin,"lime, juice of, garlic, dried oregano, ground cumin, chipotle chiles in adobo, top sirloin steaks, salt and pepper",745.1,unknown,6.0,0.0,79.0
adobo steak,"brown sugar, cilantro, olive oil, orange juice, red wine vinegar, chili powder, cumin, dried oregano, cayenne pepper, cinnamon, garlic cloves, boneless beef top loin steaks",109.6,unknown,1.0,30.0,11.0
adobo style shrimp  filipino,"medium shrimp, vinegar, water, soy sauce, garlic cloves, salt, pepper, cooking oil, sugar, scallions",421.0,unknown,201.0,26.0,27.0
adobo  garlic   parmesan potato oven fries,"potatoes, adobo seasoning, garlic powder, parmesan cheese, salt and pepper, vegetable oil cooking spray",458.0,lunch,4.0,17.0,3.0
adobo  salsa   parmesan chicken  quick   easy,"skinless chicken breasts, salsa, cream of mushroom soup, adobo seasoning, parmesan cheese",497.3,dinner,102.0,32.0,24.0
adobo rubbed pork tenderloin,"pork tenderloin, ground black pepper, coarse salt, chili powder, cayenne powder, arugula, pico de gallo, black beans, tomatoes, red onion, green onion, fresh cilantro, jalapeno peppers, fresh lemon juice, salt",375.5,dinner,19.0,20.0,11.0
adopted chili,"beef brisket, beef bouillon cube, lean pork, budweiser beer, onion, water, wesson oil, chili powder, cayenne, garlic cloves, cumin, green chilies, dry mustard, tomato sauce, brown sugar, salt and pepper, oregano, masa harina",783.5,unknown,43.0,22.0,56.0
adopted deviled eggs,"eggs, salad dressing, fresh parsley, sweet pickle juice, dijon mustard, apple cider vinegar, cayenne, dry mustard, salt",108.4,unknown,9.0,9.0,10.0
adorable veggie melts,"whole wheat bread, mayonnaise, olive oil, sliced mushrooms, zucchini, onion, garlic, salt & freshly ground black pepper, monterey jack cheese, cheddar cheese, tomatoes, fresh ground pepper, lettuce",336.9,lunch,13.0,22.0,36.0
adriana  s mashed potato in tortillas,"mashed potatoes, corn tortillas, oil",244.1,unknown,14.0,8.0,4.0
adriana s mexican rice,"garlic cloves, tomatoes, rice, oil, water",727.7,unknown,0.0,9.0,33.0
adriana s pasta pie,"ground beef, fresh parsley leaves, breadcrumbs, onion, eggs, parmesan cheese, salt, ground black pepper, tubetti, mozzarella cheese, provolone cheese, olive oil, minced garlic cloves, crushed red pepper flakes, crushed tomatoes in puree, tomato paste, water, sugar, fresh basil leaf, romano cheese",776.1,unknown,80.0,102.0,55.0
adrianna   emilia s greek salad dressing,"olive oil, red wine vinegar, lemon juice, garlic cloves, oregano, dill, salt and pepper",243.0,unknown,0.0,0.0,41.0
adriatica prawns skiathos,"olive oil, onions, garlic, tomatoes, dry white wine, lemon juice, crushed red pepper flakes, prawns, feta cheese, fresh basil, fresh parsley, dry pasta",704.6,unknown,62.0,33.0,55.0
adrienne s chocolate chip cake,"milk, sugar, flour, eggs, lemon juice, baking powder, semi-sweet chocolate chips, margarine",368.0,dessert,9.0,124.0,25.0
adrienne s hot spinach and artichoke dip,"cream cheese, parmesan cheese, mozzarella cheese, mayonnaise, milk, garlic salt, frozen chopped spinach, artichoke hearts",238.1,dinner,18.0,4.0,29.0
aduki bean stew,"adzuki beans, soya margarine, onion, garlic cloves, leek, carrot, mushrooms, sweet paprika, whole wheat flour, chili sauce, dark vegetable stock powder, soy sauce, tomato paste, canned tomatoes, fresh ground black pepper, fresh flat-leaf parsley",249.6,unknown,24.0,36.0,1.0
adult beverage,"kahlua, baileys irish cream",138.8,unknown,0.0,49.0,3.0
adult cherry cola drink,"cola drink, cherry syrup, rum",109.7,unknown,0.0,44.0,0.0
adult chocolate milk,"irish cream, kahlua, chocolate liqueur, milk, absolut vodka, ice, ice cream",280.5,unknown,1.0,73.0,3.0
adult chocolate milk with spiced rum,"spiced rum, skim milk, chocolate syrup, vanilla, cola",304.1,dessert,8.0,27.0,3.0
adult chocolate smoothie,"butterscotch schnapps, creme de cacao, malibu rum, cream, chocolate syrup",379.1,dinner,0.0,131.0,0.0
adult fruit salad    alcoholic  martinique    caribbean,"banana, kiwi fruits, navel orange, fuji apple, green grape, strawberry, fresh pineapple, rum",108.2,unknown,0.0,69.0,0.0
adult fruit salsa,"mango, fresh strawberries, kiwi, jalapeno pepper, of fresh mint, rum",59.1,dinner,0.0,28.0,0.0
adult hot chocolate,"hot cocoa, peppermint schnapps, whipped cream",174.7,dinner,4.0,87.0,8.0
adult mint hot chocolate  christmas nightcap,"creme de menthe, milk, semi-sweet chocolate chips",820.6,dinner,5.0,300.0,48.0
adult orange dreamsicle,"orange juice, orange liqueur, ice cream, orange sherbet, non-dairy coffee creamer, vanilla extract, ice",298.9,dinner,4.0,160.0,16.0
adult orange splash,"absolut citron vodka, cointreau liqueur, fresh lime juice, fresh orange juice",131.2,unknown,0.0,0.0,0.0
adult popcorn,"parmesan cheese, cayenne pepper, salt, cumin, thyme, butter, popcorn",156.9,lunch,23.0,0.0,22.0
adult root beer float,"vanilla vodka, root beer",154.9,unknown,0.0,60.0,0.0
adult root beer floats,"root beer, vanilla ice cream, bourbon, ice",448.8,unknown,5.0,208.0,22.0
adult strawberry pineapple punch cocktail,"fresh strawberries, canned pineapple, pineapple syrup, lime juice, simple syrup, white rum",186.8,unknown,0.0,49.0,0.0
adult s cherry vanilla limeade,"vanilla vodka, grenadine, lime, juice of, lemonade, vanilla bean",239.6,dinner,0.0,75.0,0.0
advance planning turkey gravy,"turkey wings, carrot, celery, onions, low sodium chicken broth, hot water, dried thyme, all-purpose flour, butter, fresh ground black pepper, salt",230.6,unknown,4.0,5.0,20.0
advantium   baked grouper with creole sauce,"grouper fillets, tomato sauce, dry white wine, sugar, basil, thyme, salt, oregano, dried red pepper, green onion",183.4,unknown,28.0,18.0,2.0
adventurous spirit lemon infused rice,"jasmine rice, water, salt, lemongrass, lemon verbena leaf",171.1,unknown,6.0,0.0,0.0
advieh,"dried rose petals, ground cinnamon, ground cardamom, ground cumin",98.2,unknown,0.0,1.0,3.0
advieh   persian spice mix,"ground cinnamon, ground nutmeg, rose petal, ground cardamom, ground cumin",28.2,unknown,0.0,2.0,1.0
advocaat,"eggs, sugar, vanilla extract, brandy",640.0,unknown,4.0,202.0,11.0
advocaat  german eierlikor,"egg yolks, salt, superfine sugar, brandy, vanilla extract",422.1,dinner,8.0,178.0,10.0
adzhika  georgian style hot pepper relish,"garlic cloves, celery rib, fresh jalapeno pepper, red bell pepper, fresh dill, cilantro, red wine vinegar, salt",191.0,unknown,100.0,71.0,2.0
adzuki and squash soup,"adzuki beans, butternut squash, water, onion, carrot, balsamic vinegar, bay leaves, dried savory, dried rosemary, barley miso, vegetable broth",264.0,unknown,1.0,30.0,0.0
adzuki bean bake,"olive oil, onion, garlic cloves, squash, carrot, celery rib, water, vegetable bouillon, adzuki beans, leek, cornstarch, cold water, sweet potato",474.9,unknown,4.0,40.0,11.0
adzuki bean brownies  gluten free  vegan  macrobiotic,"adzuki beans, chia seeds, coconut sugar crystals, cocoa powder, unsweetened applesauce, vanilla extract, salt, walnuts, oil, powdered sugar",129.6,dessert,0.0,3.0,7.0
adzuki bean soup,"adzuki beans, pork, carrot, onion, celery ribs, basil, marjoram, black pepper, salt, water, sherry wine",460.4,unknown,53.0,13.0,16.0
adzuki bean stew,"adzuki beans, leek, carrot, sweet potato, chicken bouillon cube, tabasco sauce, tomato paste, worcestershire sauce, broccoli floret, cilantro leaf, low-fat plain yogurt",227.2,unknown,14.0,18.0,0.0
adzuki bean stew with okra,"olive oil, onions, fresh ginger, dried oregano, cayenne pepper, ground cinnamon, adzuki beans, braggs liquid aminos, vegetable broth, okra, cooked brown rice",921.1,dinner,0.0,12.0,23.0
adzuki bean taco burrito filling,"adzuki beans, water, olive oil, onion, garlic cloves, bouillon, bay leaf, taco seasoning, crushed red pepper flakes",142.0,unknown,11.0,4.0,3.0
adzuki aduki red bean cupcakes,"adzuki beans, sugar, canola oil, egg whites, all-purpose flour, baking powder, cocoa powder, salt, milk",140.3,dessert,3.0,33.0,7.0
aeblegrod    danish applesauce,"apples, water, white wine, sugar",68.1,unknown,0.0,53.0,0.0
aeblekage   danish applecake,"butter, sugar, egg yolks, all-purpose flour, baking powder, fresh lemon rind, salt, vanilla, milk, tart apples, egg whites",2297.4,dessert,56.0,1156.0,94.0
aeblekage    danish apple cake,"applesauce, granulated sugar, pure vanilla extract, dried breadcrumbs, margarine, whipping cream",654.1,dessert,23.0,34.0,71.0
aebleskiver,"flour, sugar, salt, baking soda, vanilla, buttermilk, eggs, jam",383.0,breakfast,44.0,75.0,8.0
aebleskiver  danish pancake balls,"all-purpose flour, salt, baking powder, granulated sugar, ground cardamom, egg, milk, butter, powdered sugar, fruit jam",100.7,unknown,8.0,8.0,6.0
aebleskiver  round  filled danish pancakes,"eggs, buttermilk, flour, baking powder, sugar, salt, cardamom, butter",339.4,breakfast,28.0,37.0,16.0
aebleskiver poffertjes,"all-purpose flour, whole wheat flour, salt, instant yeast, white sugar, nutmeg, milk, egg, jam",51.3,breakfast,1.0,7.0,1.0
aebleskivers  danish pancakes,"eggs, low-fat buttermilk, all-purpose flour, sugar, baking powder, baking soda, salt, ground cardamom, vanilla extract, unsalted butter, vegetable oil, powdered sugar, apple syrup",442.8,breakfast,30.0,50.0,24.0
aeden s apple spice almond cookies  scd,"apple, butter, honey, egg, almond flour, ground cinnamon, ground nutmeg, baking soda, salt",69.0,dessert,3.0,19.0,8.0
aegean beans,"fresh green beans, feta cheese, plum tomatoes, green onions, olive oil, lemon juice, salt and pepper",256.3,unknown,21.0,19.0,30.0
aegean chicken,"boneless skinless chicken breasts, flour, salt, pepper, marinated artichoke hearts, olive oil, butter, mushrooms, diced tomatoes, garlic cloves, oregano, basil, dry sherry, black olives",420.5,dinner,65.0,24.0,27.0
aegean eggplant  aubergine   tomato orzo casserole,"orzo pasta, olive oil flavored cooking spray, eggplant, fresh tomatoes, flour, olive oil, onion, garlic clove, butter, beef bouillon, cream, dried oregano, cinnamon, parmesan cheese, kalamata olive",232.1,unknown,14.0,19.0,10.0
aegean lamb with orzo,"lamb shoulder, dried oregano, lemon rind, salt, fresh lemon juice, fresh spinach, cooked orzo pasta, feta cheese, oregano sprig, lemon slice",737.2,unknown,22.0,4.0,90.0
aegean pasta salad,"pasta, pine nuts, extra virgin olive oil, balsamic vinegar, lemon zest, oil-cured olives, fresh parsley, cherry tomatoes, medium shrimp, feta cheese, salt & freshly ground black pepper",469.2,unknown,27.0,19.0,41.0
aegean shrimp,"extra virgin olive oil, onions, tomatoes, garlic, bay leaf, dried basil, dried oregano, fresh parsley, sesame oil, hot pepper oil, salt & freshly ground black pepper, red wine, large shrimp, feta cheese, kalamata olives, lemon, cooked rice",564.5,dinner,45.0,32.0,49.0
aegean shrimp anita,"olive oil, onion, tomatoes, garlic, bay leaf, dried basil, dried oregano, fresh parsley, sesame oil, salt & freshly ground black pepper, shrimp, feta cheese, black olives, lemon, cooked rice",681.2,lunch,42.0,23.0,45.0
aegean shrimp salad,"white wine vinegar, fresh cilantro, sugar, kosher salt, olive oil, medium shrimp, garlic, crushed red pepper flakes, mixed salad greens, feta cheese",187.8,dinner,23.0,4.0,17.0
aeggkage  egg cake  danish baked omelet,"bacon, eggs, flour, chives, salt, pepper, milk, tomatoes",314.9,breakfast,14.0,10.0,32.0
aelplermagronen  swiss pasta,"potatoes, salt, noodles, cheese, cream, butter, onions",1394.2,unknown,49.0,39.0,115.0
aepfelkratzet  apple scramble,"flour, eggs, milk, salt, sugar, apples, butter",620.1,dessert,13.0,45.0,45.0
aesop s fabled chicken,"creamy peanut butter, butter, peach juice, chicken cutlets, corn flake crumbs, powdered ginger, pepper, salt",182.9,unknown,7.0,8.0,15.0
afelia  pork in coriander   wine,"pork loin, sea salt, black pepper, dry red wine, coriander seeds, olive oil",556.5,unknown,15.0,2.0,52.0
affogate al caffe,"vanilla ice cream, espresso",145.3,dinner,2.0,61.0,12.0
affogato,"vanilla ice cream, brewed espresso, brandy, sugar",73.0,dinner,1.0,30.0,6.0
affogato latino,"vanilla ice cream, dulce de leche liqueur, brewed espresso",136.6,unknown,2.0,56.0,11.0
affogato mocha,"chocolate ice cream, bittersweet chocolate pieces, brewed espresso, dark rum",351.6,dinner,2.0,126.0,22.0
affordable basic restaurant style tomato and macaroni soup,"tomato juice, water, onion, macaroni, salt and pepper",132.4,unknown,15.0,26.0,0.0
affordable meatloaf,"oats, ketchup, egg, lean ground beef, onion, green bell pepper, carrot, salt and pepper",331.9,unknown,17.0,36.0,18.0
afghan   style chicken  murgh,"plain yogurt, garlic cloves, fresh ginger, onion, fresh lemon juice, cayenne pepper, salt, ground black pepper, cumin seed, chicken legs, chicken thighs",601.4,unknown,43.0,26.0,59.0
afghan ambrosia   haf miwah,"pistachios, almonds, walnuts, raisins, golden raisin, apricot, red cherries, sugar, rose water",607.9,dessert,2.0,311.0,39.0
afghan biscuits,"butter, sugar, flour, cocoa, corn flakes, walnut halves, chocolate frosting",148.8,dessert,3.0,39.0,14.0
afghan dressing  or dip,"low-fat mayonnaise, sodium-free ketchup, tarragon vinegar, olive oil, mild taco sauce, honey, molasses, chives, dried onion flakes, onion powder, fresh ground black pepper",24.6,lunch,0.0,8.0,2.0
afghan eggs and tomato  tukhum bonjan or agay bonjan,"onions, tomatoes, eggs, salt",128.0,breakfast,3.0,19.0,9.0
afghan kabuli pulao,"basmati rice, onions, pistachios, slivered almonds, carrots, raisins, sugar, vegetable oil, olive oil, salt and pepper",29.3,unknown,1.0,12.0,0.0
afghan meat filled pasta  mantou,"ground beef, onions, green bell pepper, garlic powder, ground coriander, salt, ground black pepper, cayenne, water, wonton wrappers, yogurt, yellow onion, tomato sauce, oil, carrot, chickpeas, dried mint, fresh cilantro",482.6,unknown,70.0,24.0,31.0
afghan monkey,"coconut rum, melon liqueur, banana liqueur, blue curacao, pineapple juice, cream",375.0,unknown,0.0,45.0,13.0
afghan pesto,"fresh coriander, raw peanuts, cardamom pod, lime, juice of, olive oil, aubergines",160.8,dinner,0.0,25.0,14.0
afghan rice pilaf with chicken and yogurt   bor pilau,"onion, vegetable oil, boneless chicken, garlic clove, yogurt, salt, ground red pepper, coriander powder, basmati rice, saffron, ground cardamom",1020.5,unknown,6.0,21.0,78.0
afghan salad dressing,"mayonnaise, yogurt, dried mint, apple cider, water, salt, pepper",238.8,unknown,29.0,17.0,30.0
afghan spinach appetizer dip,"fresh spinach, yellow onion, garlic, corn oil, plain yogurt, cayenne powder, salt, ground black pepper, ground coriander, pita bread",229.5,unknown,17.0,29.0,27.0
afghan tea   an authentic family recipe,"whole milk, green cardamom pods, tea bags, sugar",173.2,unknown,4.0,74.0,12.0
afghan tomato  cucumber and onion salad  salata,"tomatoes, cucumbers, sweet onion, cilantro, fresh lemon juice, salt",60.6,dinner,24.0,28.0,0.0
afghani chicken tangri kawabs,"chicken drumsticks, ginger-garlic paste, white pepper, fresh cream, cashew nuts paste, egg yolk, green chili, garam masala, ghee, salt, chat masala",232.9,unknown,2.0,0.0,28.0
afghani chicken with spinach,"chicken breasts, flour, salt, pepper, olive oil, onion, garlic, turmeric, nutmeg, cinnamon, tomatoes, chicken stock, spinach, yogurt, lemon juice, pine nuts",620.8,unknown,32.0,50.0,61.0
afghani cilantro chutney,"fresh cilantro leaves, green chili pepper, sugar, garlic cloves, walnuts, salt, white wine vinegar",136.9,unknown,50.0,51.0,8.0
afghani inspired spinach dish,"frozen spinach, diced onion, ginger, garlic, cayenne pepper, curry powder, garam masala, salt, yogurt, grapeseed oil",65.9,unknown,6.0,5.0,5.0
afghani lamb and rice dish,"ground lamb, yellow onion, olive oil, sugar, basmati rice, lamb stock, saffron thread, cinnamon, ground cumin, ground coriander, cardamom powder, salt & freshly ground black pepper, carrots, raisins, fresh cilantro",573.4,unknown,3.0,61.0,39.0
afghani meat and fish spice rub,"black peppercorns, cumin seeds, ground turmeric, ground cardamom, ground coriander",647.2,unknown,5.0,12.0,34.0
afghani naan  flatbread,"whole wheat flour, salt, quick-rising yeast, vegetable oil, warm water, nigella seeds",6.6,unknown,36.0,0.0,0.0
afghani nan khatai cardamom spiced cookies topped with pistacios,"white flour, sugar, oil, cardamom, pistachios",243.3,dinner,0.0,66.0,21.0
afghanistan firnee  almond   cardamom cream pudding,"whole milk, white sugar, cornstarch, cold water, blanched almond, ground cardamom, saffron thread, pistachio nut",258.7,dinner,2.0,72.0,19.0
afghans,"butter, sugar, flour, cocoa, corn flakes",131.7,unknown,3.0,16.0,12.0
african adobo spice mix,"sweet paprika, ground cumin, ground cinnamon, ground pepper, hot pepper flakes, salt, ground cardamom",326.6,unknown,197.0,31.0,20.0
african adobo rubbed tuna steaks,"avocados, scallions, piquillo peppers, garlic cloves, fresh orange juice, fresh lime juice, extra virgin olive oil, salt & freshly ground black pepper, coriander seeds, ground ginger, red pepper flakes, ground turmeric, dry mustard, nutmeg, ground allspice, cayenne pepper, fresh ground black pepper, kosher salt, paprika, dried orange peel, sugar, tuna steak, peanut oil, champagne vinegar, seedless european cucumber",630.0,unknown,109.0,63.0,88.0
african apricot chicken skewers,"boneless chicken breasts, garlic cloves, salt and pepper, onions, oil, coriander, cumin, curry powder, brown sugar, fresh lemon juice, apricot jam, cornstarch, dried apricot halves, onion, bay leaves",856.8,unknown,9.0,125.0,59.0
african banana coconut bake,"bananas, margarine, orange juice, lemon juice, brown sugar, shredded coconut",189.2,breakfast,2.0,97.0,9.0
african banana peanut cake,"all-purpose flour, baking powder, salt, baking soda, butter, sugar, eggs, bananas, salted peanuts",567.1,dessert,24.0,113.0,47.0
african bean soup,"butter, carrots, boiling water, dried black-eyed peas, dried navy beans, green pepper, salt, crushed red pepper flakes, salted peanuts, onion powder, basil leaves, ground coriander",512.0,unknown,72.0,31.0,39.0
african beans,"dried black-eyed peas, onions, oil, tomato paste, coconut cream, paprika, chili powder, cumin, brown sugar, salt, black pepper",1400.0,unknown,75.0,527.0,76.0
african beans and potatoes,"dried pinto beans, potatoes, celery, salt, sweet onion",377.7,unknown,1.0,16.0,1.0
african beef,"creamy peanut butter, beef broth, canola oil, onion, garlic cloves, green bell pepper, carrot, beef stew meat, salt and pepper, diced tomatoes, dried thyme, bay leaf",755.7,unknown,28.0,38.0,84.0
african beef curry,"lean stewing beef, onion, bell peppers, diced tomatoes, curry powder, salt, rice, raisins",612.2,unknown,15.0,17.0,22.0
african brew,"amarula cream liqueur, ice, chocolate ice cream, banana",232.4,unknown,2.0,116.0,11.0
african chicken,"chicken pieces, vegetable oil, salt, curry powder, onion, sweet red pepper, tomatoes, uncooked rice, crunchy peanut butter, warm water",739.7,dinner,23.0,15.0,65.0
african chicken and peanut stew,"peanut oil, boneless chicken, onion, carrot, celery, sweet potatoes, garlic cloves, curry powder, ground coriander, ground cumin, crushed red pepper flakes, ground ginger, cinnamon, bay leaf, salt, chicken broth, tomato paste, peanut butter, lemon juice, roma tomatoes, bell pepper, cilantro",428.7,unknown,28.0,19.0,46.0
african chicken curry,"olive oil, onion, garlic cloves, bay leaf, whole canned tomatoes, curry powder, salt, chicken, unsweetened coconut milk, lemon",758.4,unknown,16.0,16.0,92.0
african chicken curry in rich palm oil,"chicken thighs, potatoes, yellow onions, green peppers, coconut milk, greek yogurt, tomatoes, garlic cloves, fresh cilantro, ginger, palm oil, saffron, lemon, coriander seed, cumin seeds, fennel seed, fenugreek seeds, mustard seeds, clove, whole nutmeg, allspice, green cardamom pods, black peppercorns, kosher salt, ground turmeric, bell peppers, bay leaves, dried curry leaves",983.3,unknown,26.0,78.0,81.0
african chicken in spicy red sauce,"boneless chicken breasts, fresh lemon juice, salt, olive oil, onions, garlic, butter, minced ginger, ground nutmeg, ground cardamom, dry red wine, chicken broth, tomato paste, fresh cilantro, lemon wedges, ground red pepper, fresh ground black pepper, ground ginger, ground cinnamon, ground cloves",555.1,unknown,53.0,36.0,41.0
african chicken peanut butter soup,"chicken pieces, onion, garlic cloves, olive oil, curry powder, crushed red pepper flakes, chicken broth, chunky peanut butter, diced tomatoes, butternut squash, russet potatoes, salt and pepper",621.5,unknown,41.0,36.0,59.0
african chicken peanut soup,"vegetable oil cooking spray, sweet potato, onion, red bell pepper, garlic clove, jalapeno pepper, cooked chicken breast, salsa, ground cumin, chicken broth, low-fat low-sodium chicken and rice soup, black beans, peanut butter",299.0,unknown,27.0,17.0,15.0
african chicken stew,"fresh cilantro, fresh parsley, almonds, garlic clove, olive oil, kosher salt, cayenne pepper, chicken broth, couscous, fresh ground black pepper, vegetable oil, unsalted butter, chicken thighs, ground cumin, paprika, carrots, red onion, apple cider vinegar, lemon, zest of, pesto sauce",871.1,unknown,141.0,14.0,93.0
african chicken wings,"butter, olive oil, crushed red pepper flakes, lemon juice, garlic cloves, ground black pepper, chicken wings",114.9,unknown,1.0,0.0,14.0
african chicken peanut soup,"cooked chicken, onion, garlic, dark sesame oil, curry powder, salt, black pepper, crushed red pepper flakes, chicken broth, tomato paste, stewed tomatoes, chunky peanut butter",264.2,unknown,50.0,27.0,25.0
african chop,"stewing beef, beef bouillon cubes, salt, crushed red pepper flakes, chili powder, chili flakes, curry powder, water, bacon, collard greens, onion, tomato puree, peanut butter",1039.1,unknown,92.0,63.0,111.0
african chopped salad with yogurt and brown butter,"lemon juice, garlic clove, olive oil, tomatoes, cucumber, red onion, red bell pepper, green bell pepper, fresh cilantro, fresh parsley, salt, fresh ground pepper, plain yogurt, unsalted butter, crushed red pepper flakes",237.6,unknown,0.0,19.0,35.0
african coconut clusters,"milk, cocoa powder, sugar, margarine, oats, vanilla flavoring, shredded coconut, walnuts",295.1,dessert,2.0,117.0,12.0
african coconut curried chickpea soup,"olive oil, onion, red bell pepper, jalapeno, garlic, low sodium vegetable broth, chickpeas, tomatoes, curry powder, salt, black pepper, light coconut milk, brown rice, cilantro",347.6,unknown,25.0,16.0,14.0
african coffee cooler,"kahlua, amaretto, coffee, chocolate ice cream",189.9,unknown,2.0,93.0,11.0
african couscous salad,"chicken broth, couscous, butter, cinnamon, green onion, dried apricot, golden raisin, slivered almonds, oranges, orange juice, extra virgin olive oil, white wine vinegar, honey, salt, pepper",484.4,unknown,21.0,81.0,23.0
african curry,"olive oil, onion, garlic cloves, bay leaf, whole canned tomatoes, curry powder, salt, roasting chickens, unsweetened coconut milk, lemon, juice of",578.5,unknown,13.0,15.0,74.0
african curry powder,"ground ginger, dried garlic, ground coriander, ground cumin, ground turmeric, cayenne, hot chili powder",21.2,unknown,0.0,0.0,1.0
african dessert,"bananas, butter, orange juice, lemon juice, brown sugar, shredded coconut",226.9,dessert,2.0,116.0,10.0
african donuts,"self-rising flour, sugar, active dry yeast, salt, water, vegetable oil",587.9,breakfast,46.0,267.0,2.0
african dried fruit chutney,"dried apricots, dried peaches, dried dates, raisins, onions, malt vinegar, water, sugar, garlic, mustard seeds, ground ginger, ground coriander, ground cinnamon, ground red pepper, salt",1110.4,unknown,98.0,783.0,4.0
african fruit salad,"avocado, banana, guava, mango, melon, papaya, peach, pear, pineapple, lemon, coconut, honey",4.2,dinner,0.0,1.0,0.0
african fruit slush,"oranges, juice of, lemons, juice of, sugar, water, bananas, crushed pineapple",947.3,lunch,0.0,918.0,0.0
african ginger cake,"flour, sugar, ginger, red pepper, butter, water",101.8,dessert,1.0,15.0,7.0
african grilled chicken breast,"paprika, chili powder, lemon juice, garlic cloves, fresh ginger, salt, chicken breasts",286.9,unknown,41.0,7.0,22.0
african groundnut  peanut  stew,"olive oil, onion, chicken legs-thighs, tomato paste, chicken stock, peanut butter, salt, pepper, hot red pepper flakes, garlic powder, onion powder, knorr chicken bouillon",455.6,unknown,33.0,29.0,43.0
african groundnut stew,"ground beef, onion, stewed tomatoes, garlic cloves, tabasco sauce, salt, pepper, water, peanut butter",480.2,unknown,33.0,34.0,51.0
african gumbo,"okra, peanut oil, chicken thigh fillets, brown onions, garlic cloves, sambal oelek, tomatoes, tomato paste, crunchy peanut butter, potato, water",657.9,unknown,20.0,54.0,48.0
african haze tea latte,"tea, water, syrup, nonfat milk",131.7,unknown,6.0,75.0,0.0
african hot sauce,"red chili peppers, green pepper, garlic clove, onion, tomato paste, vinegar, sugar, salt",597.7,unknown,212.0,332.0,6.0
african lullaby,"amarula cream liqueur, coconut milk, milk, nutmeg, ice",46.2,unknown,1.0,0.0,5.0
african lullaby cocktail,"amarula cream liqueur, coconut milk, milk, nutmeg, ice",71.2,dinner,1.0,0.0,7.0
african mango fool,"milk, eggs, sugar, water, mangoes",570.9,dinner,9.0,300.0,26.0
african meat potatoes casserole,"butter, ground veal, onion, water, celery ribs, carrot, salt, pepper, potatoes, celery root, eggs",390.2,unknown,10.0,12.0,28.0
african millet salad with corn and peppers,"millet, extra virgin olive oil, onion, garlic, minced ginger, paprika, ground black pepper, ground allspice, cayenne, water, salt, lemon juice, brown sugar, corn, green bell pepper, roma tomato, parsley, roasted peanuts",466.5,unknown,29.0,36.0,31.0
african mint chutney,"raw peanuts, garlic cloves, chili, fresh mint leaves, coriander seeds, vinegar, fresh lime juice, plain yogurt, salt, pepper",57.1,unknown,0.0,1.0,7.0
african obsession,"amarula cream liqueur, creme de cacao, amaretto, milk, chocolate shavings",160.3,unknown,1.0,54.0,2.0
african okra soup,"okra pods, tomatoes, fresh corn, water, bacon, lemon, fresh coarse ground black pepper",142.0,unknown,4.0,20.0,9.0
african on acid,"watermelon vodka, midori melon liqueur, watermelon",99.0,dinner,0.0,0.0,0.0
african orange spice salad,"oranges, radish, cumin, salt and pepper, dates, pomegranate seeds, lettuce leaf",48.4,dinner,0.0,36.0,0.0
african peanut and ginger chicken,"boneless skinless chicken breasts, lemon juice, salt, onions, green bell pepper, garlic, fresh ginger, chili powder, diced tomatoes, dried thyme, crushed red pepper flakes, natural-style peanut butter, chicken stock",347.1,unknown,16.0,30.0,17.0
african peanut and squash stew,"olive oil, yellow onion, garlic cloves, hot chili pepper, fresh ginger, light brown sugar, ground cinnamon, ground cumin, winter squash, water, natural-style peanut butter, salt & freshly ground black pepper, black-eyed peas, unsalted dry roasted peanuts",253.7,unknown,7.0,23.0,21.0
african peanut butter candy,"low-fat peanut butter, honey, powdered milk, coconut",55.6,dessert,0.0,37.0,2.0
african peanut butter sauce,"oil, onions, garlic cloves, tomatoes, tomato paste, peanut butter, pepper, vegetable bouillon cube, salt, water",282.4,unknown,18.0,35.0,36.0
african peanut chicken soup,"olive oil, chicken breasts, onion, garlic cloves, sweet potatoes, green bell pepper, red bell pepper, chicken broth, v8 vegetable juice, ginger, cayenne pepper, crunchy peanut butter",363.9,dinner,30.0,32.0,31.0
african peanut dipping sauce,"onions, peanut oil, cayenne, ground ginger, banana, tomato juice, apple juice, peanut butter",304.6,lunch,13.0,62.0,30.0
african peanut soup,"fresh ginger, garlic cloves, dried chili pepper flakes, tomatoes, unsalted dry roasted peanuts, onion, chicken stock, water, chicken breast, butter, flour, lemon wedges",586.7,unknown,10.0,49.0,63.0
african peanut soup with mustard greens,"olive oil, yellow onion, carrot, celery, red bell pepper, garlic, chili powder, salt, cayenne, low sodium chicken broth, cooked chicken breasts, diced tomatoes, creamy peanut butter, instant couscous, mustard greens",536.2,unknown,38.0,40.0,47.0
african peanut stew,"canola oil, onion, garlic cloves, fresh ginger, jalapeno, curry powder, diced tomatoes with juice, low sodium vegetable broth, natural-style peanut butter, tamari soy sauce, pepper, sweet potato, carrots, chickpeas, fresh okra, frozen green beans, kale, lime, juice of, fresh cilantro, lime wedge, salted peanuts",307.8,unknown,21.0,27.0,20.0
african peanut stew  elephant stew,"oil, beef, flour, nutmeg, chili powder, onions, garlic, water, red pepper, tomato sauce, chunky peanut butter, peas and carrots, steamed rice, hot sauce",1327.0,unknown,13.0,25.0,199.0
african peanut tomato soup,"peanut oil, garlic clove, chopped tomatoes, tomato paste, creamy peanut butter, chicken broth, balsamic vinegar, cayenne pepper, kosher salt, white rice, scallions, salted peanuts",501.3,unknown,88.0,56.0,33.0
african pearl barley pumpkin pot,"pearl barley, hokkaido squash, vegetable broth, white wine, onions, garlic cloves, butter, dates, turmeric powder, cinnamon, chili powder, nutmeg, salt & pepper, chives",461.0,unknown,2.0,34.0,6.0
african pineapple peanut stew,"onion, garlic cloves, vegetable oil, kale, canned crushed pineapple, peanut butter, tabasco sauce, cilantro",311.7,unknown,8.0,55.0,31.0
african piri   piri kabobs,"sweet potato, venison, red sweet peppers, olive oil, piri-piri, paprika, dried oregano, ground ginger, ground cardamom, garlic powder, onion powder, salt, ground piri-piri pepper",317.6,dinner,16.0,30.0,15.0
african pork and peanut stew,"peanut oil, boneless pork butt, onion, garlic cloves, curry powder, ground coriander, ground cumin, crushed red pepper flakes, ground ginger, cinnamon, bay leaf, salt, chicken broth, tomato paste, chunky peanut butter, plum tomatoes, green bell pepper, cilantro, unsalted peanuts",614.8,unknown,37.0,19.0,71.0
african potato and collard green stew,"olive oil, onions, garlic cloves, fresh ginger, ground cinnamon, poppy seed, mustard seeds, ground coriander, ground cloves, russet potato, salt, cauliflower head, sweet potato, collard greens, raisins, apple cider vinegar, salt & freshly ground black pepper",258.6,unknown,27.0,51.0,7.0
african potato stew,"canola oil, onions, garlic clove, fresh ginger, poppy seeds, mustard seeds, ground coriander, ground cloves, russet potatoes, water, salt, cauliflower, sweet potato, collard greens, dark raisin, apple cider vinegar, pepper",311.3,unknown,33.0,51.0,14.0
african red beans,"dried pinto bean, onions, peanut oil, canned whole tomatoes, tomato paste, garlic clove, cayenne pepper, white pepper, salt",214.9,unknown,19.0,13.0,14.0
african red dip,"dry red wine, ground red pepper, salt, ground ginger, ground cardamom, ground coriander, ground nutmeg, ground cloves, ground cinnamon, black pepper, onion, garlic, paprika, bottled chili sauce",177.3,unknown,321.0,27.0,7.0
african rice balls,"basmati rice, water",256.7,unknown,0.0,2.0,3.0
african rice dinner,"brown rice, cucumbers, banana, mashed sweet potato, sweet pepper, del monte savory sides santa fe corn, tomatoes, onion, tuna steaks, peanut butter, tabasco sauce, chili powder, season salt, water",232.3,unknown,2.0,19.0,8.0
african salad,"champignon mushrooms, lemon, juice of, garlic, salt, hearts of palm, artichoke hearts, olive oil, dijon mustard, black pepper, wine vinegar",231.2,unknown,48.0,6.0,28.0
african samosa bread,"ground beef, garlic clove, onion, water, salt, ground cumin, ground cardamom, nutmeg, ground cinnamon, ground black pepper, bread flour, active dry yeast, frozen green pea",1242.5,unknown,102.0,23.0,31.0
african saucy chicken,"vegetable oil, onion, garlic cloves, tomato paste, paprika, salt, pepper, ground ginger, coconut milk, smooth peanut butter, chicken thighs, jalapeno peppers, fresh parsley",643.4,unknown,18.0,84.0,68.0
african spice rubbed drumsticks with banana boats,"ground cumin, paprika, chili powder, dark brown sugar, cracked black pepper, dried oregano, chicken drumsticks, canola oil, bananas",485.4,dinner,9.0,49.0,35.0
african spiced vegetable salad,"fresh broccoli florets, cauliflower floret, carrot, salt, crushed red pepper flakes, ground ginger, ground cumin, ground coriander, ground nutmeg, nonfat sour cream, cider vinegar, honey, green onions",61.3,lunch,14.0,22.0,1.0
african spinach,"onion, green bell pepper, peanut oil, fresh spinach, tomatoes, salt, pepper, peanut butter",210.1,unknown,19.0,21.0,23.0
african spinach and peanut butter stew,"onions, tomatoes, spinach, peanut butter, salt, pepper, oil",184.7,unknown,10.0,28.0,14.0
african split pea soup,"dried split peas, water, olive oil, onions, garlic cloves, bay leaves, ground cumin, cinnamon, cayenne, ground cardamom, vegetable stock, fresh lemon juice, cooked rice, salt, fresh ground black pepper, parsley",271.5,dinner,0.0,30.0,6.0
african style broccoli,"broccoli florets, cauliflower florets, carrots, canola oil, salt, ground ginger, ground cumin, ground coriander, nutmeg, crushed red pepper flakes, sour cream, cider vinegar, honey, green onion, pine nuts",227.8,unknown,19.0,29.0,27.0
african style chicken peanut soup with potatoes,"sweet potato, russet potato, onion, garlic, red bell pepper, jalapeno peppers, cumin, vegetable oil, butter, cooked chicken, salsa, chicken broth, black beans, peanut butter, salt and black pepper",418.3,dinner,42.0,25.0,28.0
african style grilled peanut butter chicken,"chicken, peanut butter, water, mayonnaise, lime juice, sherry wine, soy sauce, garlic cloves, curry powder, red pepper, cilantro, salt & freshly ground black pepper",317.6,unknown,13.0,9.0,34.0
african style rice,"chicken broth, rice, butter, coriander powder, turmeric powder",402.3,unknown,21.0,1.0,6.0
african style turkey on couscous  crock pot,"onion, garlic cloves, crushed red pepper flakes, fresh ginger, skinless boneless turkey breasts, salt, pepper, lime juice, cooked couscous",273.2,unknown,28.0,6.0,2.0
african supper,"noodles, ground beef, onion, bell pepper, pimientos, cream cheese, cream of mushroom soup, milk, corn, fresh mushrooms",1408.5,unknown,64.0,42.0,136.0
african sweet potato and peanut soup,"peanut oil, onion, garlic cloves, ginger, ground coriander, cayenne pepper, cabbage, sweet potato, eggplant, chicken broth, diced tomatoes, apple juice, salt, peanut butter, lemon, juice of, parsley, cilantro, peanuts, coconut",250.4,unknown,32.0,65.0,16.0
african sweet potato and peanut stew,"olive oil, yellow onion, green bell pepper, garlic clove, light brown sugar, fresh ginger, ground cumin, ground cinnamon, cayenne, sweet potatoes, crushed tomatoes, vegetable stock, salt, dark red kidney beans, smooth peanut butter, dry-roasted unsalted peanuts",347.6,unknown,9.0,45.0,17.0
african sweet potato pudding,"water, sweet potatoes, whole milk, heavy cream, sugar, powdered saffron, ground cardamom",291.2,dessert,4.0,84.0,21.0
african sweet potato stew  vegetarian,"olive oil, onion, cabbage, garlic cloves, canned sweet potatoes, tomatoes, tomato juice, apple juice, fresh gingerroot, red pepper flakes, frozen cut green beans, natural-style peanut butter",267.4,unknown,8.0,63.0,15.0
african tilapia,"tilapia fillets, vegetable oil, onion, bell pepper, lemon, juice of, vinegar, cayenne, salt",719.5,unknown,29.0,7.0,90.0
african tomato sauce,"oil, onions, tomato paste, tomatoes, bay leaf, nutmeg, salt, cayenne pepper",367.7,unknown,38.0,131.0,23.0
african tropical fruit salad,"fresh pineapple, oranges, mangoes, bananas, lime juice, dark brown sugar, unsweetened coconut",334.8,dessert,0.0,127.0,29.0
african vegetable stew,"non-hydrogenated margarine, onion, parsley, garlic cloves, cinnamon, turmeric, pepper, ginger, water, carrot, dried lentils, long grain rice, whole tomatoes, frozen green peas, frozen green beans, salt and pepper",255.4,unknown,3.0,29.0,1.0
african yam and peanut soup,"vegetable stock, vegetable oil, yellow onion, salt, minced ginger, garlic cloves, ground cumin, ground coriander, cayenne pepper, paprika, red bell pepper, yams, pineapple, tomatoes, smooth peanut butter, fresh cilantro, limes, juice of, hot sauce",411.8,unknown,35.0,49.0,19.0
african yam stew,"vegetable broth, onion, yams, canned chick-peas, brown rice, salt, peanut butter, collard greens, fresh lemon juice, black pepper, braggs liquid aminos, chili sauce",454.3,unknown,17.0,15.0,16.0
african inspired stew,"vegetables, scallions, quorn pieces, baby carrots, cauliflower florets, sweet potato, garlic cloves, salt, vegetable broth, peanut butter",74.2,unknown,2.0,10.0,4.0
african spiced broccoli and cauliflower salad,"broccoli floret, cauliflower floret, carrot, salt, ground ginger, ground cumin, ground coriander, ground nutmeg, crushed red pepper flakes, soy sauce, nonfat sour cream, cider vinegar, honey, green onions",67.3,unknown,11.0,27.0,1.0
african spiced cauliflower and carrot salad,"cauliflower, carrot, salt, ground ginger, ground cumin, ground coriander, ground nutmeg, crushed red pepper flakes, low-fat sour cream, cider vinegar, honey, green onions",52.7,unknown,4.0,10.0,4.0
african style braised chicken in peanut sauce  crock pot,"vegetable oil, chicken pieces, onions, garlic cloves, red chili peppers, curry powder, dried oregano leaves, salt, black peppercorns, condensed chicken broth, tomato sauce, bay leaf, peanut butter, sherry wine, red bell pepper",503.9,dinner,34.0,23.0,52.0
african style shish kebab,"plain yogurt, lemon juice, olive oil, onion, mint leaf, fresh cilantro, salt and pepper, cayenne pepper, boneless leg of lamb, cherry tomatoes, green peppers, white onions, mushrooms",505.2,unknown,5.0,61.0,43.0
afrikaanse stoofschotel,"white onion, curry powder, potatoes, white cabbage, tomatoes, water, salt, pepper",208.4,unknown,1.0,52.0,1.0
afrikaner chops,"worcestershire sauce, tomato sauce, mustard powder, ground ginger, lamb loin chops, butter, oil, apricot jam, onion, cream",487.3,unknown,13.0,32.0,60.0
afro dog,"ground beef, red pepper flakes, red pepper, cumin, chili powder, salt, black pepper",173.8,unknown,19.0,1.0,18.0
after   school health snacks for kids,"wafers, honey, raisins, chunky peanut butter, instant nonfat dry milk powder",526.8,lunch,13.0,28.0,33.0
after 8 shooter,"vodka, white creme de cacao, green creme de menthe",87.3,unknown,0.0,23.0,0.0
after christmas quiche,"prepared cornbread stuffing, cooked turkey, swiss cheese, eggs, evaporated milk, white pepper, chopped tomato, paprika",340.1,unknown,20.0,15.0,28.0
after dinner coffee,"brandy, coffee liqueur, black coffee, whipped cream",128.7,dinner,0.0,27.0,0.0
after dinner milky way cappuccino  adult,"brewed espresso, caramel sauce, chocolate liqueur, frangelico, irish cream, milk, whipped cream, cocoa powder",159.8,unknown,7.0,0.0,7.0
after dinner mint,"espresso, irish cream, vodka, whipped cream",74.2,dinner,1.0,0.0,0.0
after dinner wontons,"pears, apples, dried tart cherries, lemon juice, butter, marsala wine, almonds, ground cinnamon, ground ginger, maple syrup, wonton wrappers, confectioners' sugar",58.4,dessert,2.0,12.0,2.0
after easter layered salad,"mixed salad greens, plum tomatoes, baby dill pickles, hard-boiled eggs, cooked ham, red onion, peppercorn ranch dressing",196.3,unknown,20.0,12.0,17.0
after eight,"kahlua, creme de menthe, irish cream",81.2,unknown,0.0,42.0,0.0
after eight shooter,"tia maria, creme de menthe, baileys irish cream",103.4,dinner,0.0,35.0,3.0
after hours cappuccino,"cognac, honey, coffee, cocoa powder",67.4,unknown,0.0,69.0,0.0
after party,"vodka, pineapple juice, cranberry juice, ginger ale, sugar, ice",215.8,unknown,0.0,157.0,0.0
after school apple dip,"cream cheese, brown sugar, vanilla, almond extract",171.3,unknown,4.0,75.0,14.0
after school butterscotch brownies,"all-purpose flour, baking powder, salt, butter, splenda brown sugar blend, vanilla extract, eggs, nestl toll house butterscotch flavored morsels, pecans",110.3,dessert,3.0,21.0,10.0
after school protein snack,"crunchy peanut butter, honey, powdered milk, cracklin' oat bran cereal",3185.1,lunch,72.0,1397.0,250.0
after thanksgiving soup with garlic  spinach  and tomatoes,"turkey carcass, onion, celery, diced tomatoes, garlic clove, thyme, italian seasoning, salt and pepper, frozen spinach, rotini pasta, parmesan cheese",93.7,unknown,1.0,10.0,0.0
after thanksgiving turkey and noodles,"whole wheat noodles, onion, celery, carrot, olive oil, herbes de provence, cooked turkey, turkey broth, frozen baby peas, healthy request cream of mushroom soup, salt and pepper",202.5,unknown,3.0,19.0,10.0
after thanksgiving turkey chili,"cooked turkey, chili seasoning mix, crushed tomatoes, chili beans, onion, sweet pepper, olive oil, water, salt and pepper",380.8,unknown,22.0,23.0,16.0
after the dance cookies,"pecan pieces, brown sugar, egg white",1179.8,dessert,2.0,444.0,120.0
after the gold rush,"whole kernel corn, chopped tomato, green pepper, green onion, brown sugar, jalapeno pepper, tarragon vinegar, salt, fresh dill",43.9,dinner,4.0,19.0,0.0
after the holiday casserole w  pineapple   fresh cranberries,"mashed sweet potatoes, cooked turkey, pineapple tidbits, granulated sugar, ground nutmeg, salt, fresh cranberries, bulk pork sausage, dry breadcrumbs",563.1,unknown,25.0,135.0,20.0
after the holiday scones  aka cranberry sauce scones,"self rising flour, sugar, ground cinnamon, ground nutmeg, ground cloves, ground ginger, butter, pecans, canned whole cranberry sauce, orange juice, egg, powdered sugar",369.4,breakfast,20.0,126.0,22.0
after the holidays turkey salad,"cooked turkey, reduced-fat mayonnaise, reduced-fat sour cream, paprika, seasoning salt, celery rib, red bell pepper, green bell pepper, green onions, candied walnuts, red seedless grapes, fresh ground black pepper",307.3,unknown,13.0,33.0,24.0
after the party is over  refreshing detox fresh fruit salad,"pineapple, apples, clementines, black grapes, orange, mango, kiwi fruits, pomegranate, champagne",238.8,breakfast,0.0,187.0,1.0
after work franks n beans over rice,"baked beans, onion, light olive oil, ketchup, brown sugar, cayenne pepper, diced tomatoes, beef hot dogs",541.0,unknown,70.0,105.0,45.0
after dinner mocha,"coffee, cocoa, cognac, kahlua, vanilla extract, half-and-half cream",143.4,dinner,0.0,34.0,6.0
after ski  oven  stew n  cider,"beef round steak, carrots, celery, onions, water chestnuts, sliced mushrooms, flour, sugar, salt, tomatoes, burgundy wine, apple cider, cranberry juice cocktail, brown sugar, cinnamon sticks, whole cloves",479.1,unknown,53.0,114.0,22.0
after ski chicken casserole,"cooked rice, wild rice, chicken breasts, green pepper, cream soup, celery, water chestnuts, mayonnaise, slivered almonds, onion, potato chips",4788.0,unknown,106.0,59.0,312.0
after thanksgiving soup,"turkey broth, cooked turkey, pearl barley, onion, celery, carrots, bay leaf, dried parsley, dried thyme, dried marjoram, salt, ground black pepper",161.1,unknown,2.0,10.0,4.0
after thanksgiving turkey soup,"turkey carcass, onions, carrots, celery ribs, butter, all-purpose flour, half-and-half cream, long grain rice, salt, chicken bouillon granule, pepper",225.0,unknown,18.0,6.0,23.0
after thanksgiving turkey  sweet potato and bacon chowder,"smoked bacon, onion, celery, sweet potatoes, kosher salt, black pepper, chicken broth, dried thyme, dried rubbed sage, flour, half-and-half, roasted turkey, fresh sage, fresh thyme sprig",285.3,unknown,31.0,15.0,20.0
afterburner,"vodka, triple sec, grapefruit juice",144.7,unknown,0.0,5.0,0.0
afterburner  3,"stolichnaya vodka, triple sec, grapefruit juice, cranberry juice",66.1,unknown,0.0,0.0,0.0
afterburner chili,"hot italian sausage, ground beef, tomato juice, ground cayenne pepper, white pepper, fresh coarse ground black pepper, salt, chili powder, tabasco sauce, jalapenos, hot chili beans, sliced mushrooms, white onion, garlic cloves, bay leaf, hot sauce",1648.0,unknown,173.0,91.0,102.0
afterburner petite dill pickles,"pickled jalapeno chilies, dill pickles, sugar",25.6,unknown,17.0,22.0,0.0
afterburner pickles,"dill pickle, pickled jalapeno peppers, sugar",9454.6,lunch,1914.0,9477.0,20.0
afterglow,"grenadine, orange juice, pineapple juice",95.3,unknown,0.0,69.0,0.0
afternoon coffee,"frangelico, kahlua, baileys irish cream, brewed espresso, cream",81.9,dinner,1.0,23.0,4.0
afternoon pick me up,"vegetable juice cocktail, balsamic vinegar, garlic powder, hot sauce",48.3,unknown,27.0,32.0,0.0
afternoon ruby tea biscuits,"all-purpose flour, baking powder, sugar, salt, vegetable shortening, milk, jam",207.1,unknown,9.0,34.0,14.0
afternoon smoothie,"low-calorie cran-raspberry juice, ice cubes, raspberries, apple, raspberry low-fat yogurt, splenda sugar substitute",67.6,lunch,0.0,45.0,1.0
afternoon tea bars with jam,"butter, powdered sugar, egg whites, extract, all-purpose flour, salt, baking soda, nuts, jam, sweetened coconut",149.3,dessert,3.0,51.0,8.0
afternoon treat  lemon bread,"butter, superfine sugar, eggs, lemons, rind of, sour cream, vanilla, cake flour, baking powder, salt, sugar, water, lemon juice",3247.8,unknown,117.0,1226.0,204.0
afterschool brownies,"sugar, cocoa, oil, eggs, vanilla, flour, salt, nuts",190.6,lunch,4.0,67.0,15.0
aftershock,"drambuie, malibu rum, cherry brandy, lemonade",88.2,unknown,0.0,22.0,0.0
agar agar drink with lime,"agar-agar, water, sugar, food coloring, rock sugar, pandan leaves, lime juice, ice water, ice cube",241.9,unknown,0.0,249.0,0.0
agasajos  mexican hot chocolate,"milk, rose water, saffron thread, cinnamon stick, dried chili, vanilla, semisweet chocolate, sugar, orange, zest of",700.8,unknown,10.0,102.0,74.0
agave cornbread,"organic cornmeal, spelt flour, almond milk, agave nectar, oil, applesauce, baking soda, sea salt",48.2,unknown,21.0,0.0,7.0
agave curried crock pot chickpeas,"chickpeas, agave nectar, dijon mustard, vegan butter, onions, curry powder, salt, red pepper flakes, ground ginger, garlic",267.0,unknown,41.0,1.0,4.0
agave glazed bacon,"bacon, agave syrup, cracked black pepper",55.0,breakfast,4.0,0.0,8.0
agave julep,"mint leaves, sugar syrup, gold tequila, fresh lime juice, lime wedge, mint sprig",9.9,unknown,0.0,2.0,0.0
agave maple syrup substitute  vegan,"agave nectar, maple extract",10.6,unknown,0.0,10.0,0.0
agave margarita,"kosher salt, lime slices, tequila, agave syrup, fresh lime juice",7.3,dinner,0.0,1.0,0.0
agave marshmallows,"agave nectar, vanilla extract, salt, unflavored gelatin, cold water, cornstarch, cooking spray",5.0,dessert,0.0,0.0,0.0
agave nectar margarita,"ice, tequila, fresh lime juice, fresh lemon juice, agave nectar, triple sec, tangerine juice",7.1,unknown,0.0,2.0,0.0
agave oatmeal raisin flax cookies,"margarine, agave nectar, flax seed meal, water, whole wheat pastry flour, rolled oats, vanilla extract, ground cinnamon, baking soda, sea salt, raisins",158.8,dessert,7.0,17.0,11.0
agave roasted sweet potatoes   vegan,"sweet potatoes, extra virgin olive oil, agave nectar, fresh lemon juice, salt",135.8,unknown,17.0,11.0,13.0
agave sweetened cheesecake,"fat free cream cheese, agave, flour, lemon, zest of, orange, zest of, eggs, light sour cream, evaporated cane juice, real vanilla, graham cracker crumbs, coconut oil",270.0,dinner,31.0,34.0,18.0
agave vanilla snack cake,"flour, baking powder, salt, unsalted butter, agave syrup, eggs, vanilla, milk, cream cheese",249.3,dessert,8.0,2.0,29.0
agave sweetened orange tea,"cold water, black tea bags, orange juice, fresh lemon juice, agave nectar, ice cube, orange wedges",20.8,unknown,0.0,14.0,0.0
age ol  cracklin  bread,"white cornmeal, baking powder, baking soda, salt, all-purpose flour, whole milk, pork rind",158.6,unknown,21.0,6.0,3.0
aged cheese with apricot paste and toasted almonds,"dried apricots, sugar, fresh lemon juice, dry pectin, blanched almond, olive oil, coarse salt, cheese",510.7,dinner,32.0,136.0,42.0
agedashi dofu,"firm tofu, dashi stock, soya sauce, sugar, cornflour, vegetable oil, daikon radish, gingerroot, spring onion",124.2,lunch,64.0,69.0,0.0
aggression cookies,"brown sugar, butter, flour, oatmeal, baking soda",98.2,dessert,3.0,23.0,8.0
aginares avgolemono  artichoke bottoms in avgolemono,"artichokes, lemon juice, olive oil, onion, green onions, potatoes, carrots, fresh dill, salt, eggs, cornstarch",632.6,unknown,64.0,36.0,50.0
aginares latheres  artichokes with vegetables  vegan,"artichokes, carrots, potatoes, green onions, olive oil, fresh dill, celery, lemons, flour, sea salt, pepper, water",558.9,unknown,52.0,25.0,51.0
agios fanourios cake   fanouropita  spiced raisin cake no eggs,"oil, sugar, golden raisin, orange juice, walnuts, ground cloves, cinnamon, flour, baking powder, cognac, orange",524.8,dessert,5.0,140.0,38.0
aglio e olio,"spaghetti, extra virgin olive oil, garlic, hot red pepper flakes, lemon, juice of, kosher salt",797.0,unknown,0.0,13.0,65.0
aglio e olio   spaghetti with garlic and olive oil,"spaghetti, salt, olive oil, garlic cloves, anchovy fillets, chili, lemon, juice of, soft breadcrumbs, parsley, parmesan cheese",785.5,dinner,336.0,11.0,54.0
aglio e olio pasta  garlic and oil,"angel hair pasta, garlic cloves, extra virgin olive oil, butter, fresh parsley, grape tomatoes, portabella mushroom, parmesan cheese",563.5,dinner,3.0,4.0,60.0
aglio olio  garlic and oil pasta,"linguine, garlic cloves, crushed red pepper flakes, extra virgin olive oil, anchovy fillets, flat leaf parsley, black pepper",600.8,unknown,8.0,8.0,31.0
aglio olio e peperoncino  garlic  oil and chilli pasta sauce,"extra virgin olive oil, red chile, garlic clove, cooked spaghetti, flat leaf parsley, salt",413.8,lunch,0.0,6.0,53.0
agliolio sauce for pasta,"garlic, hot pepper flakes, oregano, extra virgin olive oil, white wine, clam juice, cornstarch, water, parsley, pepper",198.3,dinner,36.0,32.0,11.0
aglione,"rosemary sprigs, sage leaves, garlic clove, juniper berries, kosher salt, fresh ground pepper",10.7,unknown,145.0,0.0,0.0
agnello al forno,"yellow onions, garlic cloves, new potatoes, olive oil, lamb stew meat, flat leaf parsley, fresh basil, fresh oregano, black pepper, salt, plum tomatoes, unsalted butter",581.5,unknown,5.0,30.0,34.0
agnello alla cacciatore  lamb hunter s style,"boneless leg of lamb, onion, garlic, fresh sage leaves, olive oil, dry white wine, diced tomatoes, salt and pepper, red pepper flakes, egg yolks",1154.8,unknown,8.0,32.0,135.0
agnes creamy rice pudding,"rice, water, salt, butter, milk, eggs, sugar, vanilla, raisins",501.4,dessert,14.0,150.0,24.0
agnes  sugar cookies  thin   crispy,"granulated sugar, sweet unsalted butter, eggs, heavy cream, vanilla extract, all-purpose flour, baking powder, salt",51.8,dessert,0.0,12.0,3.0
agni beverage,"ghee, cinnamon, fresh ground black pepper, cardamom, ground ginger, honey, almond milk",373.4,unknown,0.0,138.0,39.0
agnolotti al burro e salvia,"flour, egg yolks, egg whites, cooked pot roast, pork loin, mild sausage, chicken, unsalted butter, cabbage leaves, parmigiano-reggiano cheese, eggs, nutmeg, salt, meat broth, butter, fresh sage, parmigiano, white truffle",894.2,dinner,28.0,4.0,77.0
agourontomatosalata,"tomatoes, cucumber, green onions, dried oregano, olive oil, lemon, juice of, salt and pepper",99.9,unknown,0.0,20.0,11.0
agua,"coconut rum, blue curacao, baileys irish cream",110.8,unknown,0.0,8.0,2.0
agua de arroz  mexican rice water,"white rice, water, cinnamon stick, sugar",171.1,dinner,0.0,0.0,0.0
agua de horchata,"rice, ground cinnamon, vanilla, sweetened condensed milk, water",262.2,dinner,2.0,84.0,5.0
agua de jamaica,"water, sugar, whole allspice, cinnamon, dried hibiscus flowers",290.2,unknown,0.0,299.0,0.0
agua de lima  lime water,"water, lime juice, superfine sugar, ice",417.0,dinner,0.0,391.0,0.0
agua de meln,"cold water, cantaloupe, sugar, lime juice",105.0,unknown,1.0,101.0,0.0
agua de palapa joe s,"white rice, water, cinnamon stick, pure vanilla extract, sugar, condensed milk",330.8,dessert,1.0,141.0,2.0
agua de sandia  watermelon beverage,"watermelon, water, sugar, ice cubes",229.8,unknown,0.0,221.0,0.0
agua de tamarindo,"tamarind pods, granulated sugar",106.3,unknown,0.0,109.0,0.0
agua de valencia,"orange juice, gin, vodka, sparkling wine, sugar, lemons, ice cube",3308.2,dinner,7.0,194.0,0.0
agua de valencia   knock your socks off spanish cava punch,"sparkling wine, fresh orange juice, cointreau liqueur, ice cube",836.3,dinner,2.0,72.0,0.0
agua fresca,"cantaloupe, cold water, sugar",287.3,dessert,3.0,286.0,0.0
agua fresca de melon  watermelon sparkling water,"watermelon, fresh mint leaves, sparkling water, sugar, ice cube, mint sprig",61.5,unknown,0.0,50.0,0.0
agua fresca de papaya,"papayas, sugar, lime juice, water",81.8,dinner,0.0,73.0,0.0
agua fresca de pepino,"cold water, cucumbers, sugar, lime juice",41.9,unknown,0.0,32.0,0.0
agua fresca de pina  pineapple,"fresh pineapple chunks, fresh lime juice, of fresh mint, sugar, club soda, ice, mint sprigs",82.9,unknown,0.0,73.0,0.0
agua fresca de tres citricos triple citrus agua fresca,"limes, oranges, grapefruits, sugar, water",217.4,unknown,0.0,125.0,0.0
agua fresca flor de jamaica  hibiscus flower iced tea,"dried hibiscus flowers, cold water, granulated sugar",64.4,unknown,0.0,66.0,0.0
aguachiles,"fresh shrimp, serrano chilies, limes, cilantro, salt, red onion, cucumber, avocado, tostadas",235.7,unknown,37.0,11.0,14.0
aguado de gallina or chicken rice soup,"chicken pieces, rice, sunflower oil, red onion, bell pepper, roma tomatoes, garlic cloves, parsley, dried oregano, ground cumin, achiote, chicken broth, potatoes, carrot, peas, cilantro, salt and pepper",440.3,unknown,35.0,18.0,31.0
agurkesalat     cucumbers in vinegar,"cucumbers, vinegar, sugar, salt and pepper",320.9,unknown,0.0,309.0,0.0
agurlce salat or medieval cucumber salad,"cucumbers, salt, water, white vinegar, sugar, dill weed, white pepper",66.6,unknown,145.0,32.0,0.0
ah ha  macaroni and cheese,"elbow macaroni, eggs, velveeta cheese, butter, half-and-half, sharp cheddar cheese, sharp white cheddar cheese, mozzarella cheese, asiago cheese, gruyere cheese, monterey jack cheese, muenster cheese, salt, black pepper",1026.4,unknown,34.0,10.0,101.0
aha herb mix,"cayenne pepper, garlic powder, basil, thyme, parsley flakes, marjoram, mace, onion powder, ground black pepper, sage",16.1,unknown,0.0,0.0,0.0
ahi and papaya in citrus sauce,"ahi tuna steaks, papaya, slivered almonds, kiwi fruits, orange juice, fresh lemon juice, ground ginger, brown sugar, soy sauce, worcestershire sauce, cornstarch",572.3,unknown,35.0,146.0,23.0
ahi poke,"fresh ahi tuna, maui onion, green onions, fresh ginger, hawaiian sea salt, macadamia nut oil, macadamia nuts, crushed red pepper flakes, soy sauce",450.1,unknown,5.0,5.0,22.0
ahi shoyu poke with limu onion,"ahi, round onion, green onion, sesame seed oil, sesame seeds, garlic, ginger, ogo, shoyu",414.6,unknown,116.0,9.0,24.0
ahi tuna and baby shrimp ceviche w papaya salad and coconut,"baby shrimp, fresh ahi tuna, mint leaves, cilantro leaves, scotch bonnet pepper, olive oil, limes, lemons, sugar, sea salt, lemon juice, coconut milk, dark rum, sunflower oil, white wine vinegar, mayonnaise, garlic clove, salt, pepper, papayas, parsley, lime juice, coconut",726.3,unknown,99.0,160.0,85.0
ahi tuna marinade,"teriyaki sauce, tuna steak, olive oil, garlic cloves",288.3,unknown,174.0,56.0,13.0
ahi tuna on grilled pineapple w lime mustard,"lime juice, english mustard, fresh pineapple, fresh ahi tuna, butter",152.1,dinner,2.0,15.0,11.0
ahi jicama salad,"jicama, red onion, cucumber, tomatoes, ahi, salt & pepper, lime juice, extra virgin olive oil, cilantro, serrano chilies",410.5,unknown,1.0,34.0,36.0
ahoy there   moules marinires   french sailor s mussels,"mussels, garlic cloves, onion, dry white wine, butter, fresh herb, cream, salt and pepper",819.4,dinner,68.0,12.0,67.0
aida s   gallo pinto,"black beans, white rice, white onion, fresh garlic cloves, chicken stock, cilantro, lizano sauce, pepper",217.2,unknown,3.0,5.0,1.0
aida s curse cocktail,"midori melon liqueur, cointreau liqueur, lemon juice, pineapple juice, banana liqueur, ice",29.4,dinner,0.0,20.0,0.0
aida s single pie crust,"all-purpose flour, sugar, salt, butter, shortening, ice water",1892.7,dessert,98.0,36.0,188.0
aidan s banana nut bread,"salt, self raising flour, nutmeg, cinnamon, butter, sugar, eggs, bananas, nuts",486.9,unknown,16.0,134.0,36.0
aiken pool hall hot dogs,"ground beef, hot water, onions, mustard, sugar, apple cider vinegar, chili powder, ketchup, salt, hot dog buns, hot dogs",1111.5,lunch,415.0,120.0,96.0
ail ou echalotes confits  garlic or shallot confit,"garlic, duck fat, quatre-epices, black pepper",68.4,unknown,0.0,0.0,6.0
aim s best batch of brownies,"chocolate chips, sugar, self-rising flour, butter, eggs, salt, vanilla, walnuts",410.6,dessert,12.0,150.0,35.0
aim s favorite pickle cheese melt,"white bread, american cheese, dill pickle slices, butter",285.1,lunch,64.0,17.0,18.0
aimbrulee s ultimate pumpkin cheesecake,"gingersnap crumbs, graham cracker crumbs, unsalted butter, sugar, cream cheese, vanilla, canned pumpkin, eggs, cinnamon, ground nutmeg, allspice, sour cream, caramel sauce",521.7,dessert,18.0,91.0,54.0
aimee s cinnamon spice waffles,"whole wheat flour, all-purpose flour, ground flax seeds, baking powder, cinnamon, nutmeg, sugar, eggs, vanilla, milk, butter, unsweetened applesauce, pecans",422.8,breakfast,18.0,15.0,29.0
aimee s creamed tuna luncheon,"onions, butter, flour, salt, fresh ground pepper, milk, sour cream, canned tuna, fresh parsley, peas, slivered almonds, sherry wine, paprika, pastry shells",262.9,lunch,18.0,4.0,28.0
aimee s quick chicken  breasts,"boneless skinless chicken breast halves, dijon mustard, teriyaki sauce, parmesan cheese, bacon bits",241.6,unknown,54.0,11.0,14.0
aimee s specialty   taco salad,"lean ground beef, taco seasoning mix, ranch style beans, catalina dressing, iceberg lettuce, fritos corn chips, cheddar cheese, tomatoes, corn, purple onion, hot sauce, sour cream, guacamole",712.3,unknown,38.0,51.0,78.0
ain t no beans about it vegan chili,"onion, carrot, garlic cloves, olive oil, jalapeno, crushed tomatoes, vegetable broth, cumin, chili powder, oregano, rosemary, kidney beans, butter beans, frozen spinach, frozen green beans, salt and pepper",196.0,unknown,30.0,32.0,4.0
ain t none better chicken breast,"oregano, basil, parsley, garlic powder, parmesan cheese, butter, lemon juice, chicken breasts",583.8,dinner,20.0,1.0,63.0
ainsley s barbecue spice rub,"paprika, chili flakes, caster sugar, soft brown sugar, ground cumin, cayenne pepper, black pepper, salt",120.8,unknown,197.0,73.0,3.0
ainsley s spicy casablanca couscous,"olive oil, garlic clove, ground cumin, ground coriander, paprika, chicken stock, saffron strand, spring onions, couscous, lemon, chili, pine nuts",1633.4,unknown,23.0,45.0,106.0
aioli,"garlic, egg yolk, fresh lemon juice, dijon mustard, olive oil, vegetable oil",227.5,unknown,0.0,0.0,38.0
aioli  garlic mayonnaise,"garlic cloves, egg, fresh lemon juice, salt, fresh ground black pepper, extra virgin olive oil, parsley sprig",86.9,dinner,4.0,0.0,14.0
aioli   jamie oliver,"garlic clove, salt, egg yolk, dijon mustard, extra virgin olive oil, pure olive oil, lemon juice, fresh ground black pepper",242.4,unknown,6.0,0.0,41.0
aioli beef roll ups,"mayonnaise, garlic, 10-inch flour tortillas, fresh spinach, roast beef, cheddar cheese, tomatoes",66.1,dinner,4.0,1.0,6.0
aioli bread,"mayonnaise, olive oil, fresh parsley, garlic, lemon, zest of, salt, pepper, baguette",183.6,unknown,14.0,3.0,13.0
aioli dip with sun dried tomato,"garlic, salt, sun-dried tomatoes, nonfat cottage cheese, plain nonfat yogurt, low-fat mayonnaise",17.8,lunch,3.0,4.0,0.0
aioli nouvelle orleans,"garlic, mayonnaise, lemon juice, dijon mustard, louisiana hot sauce, worcestershire sauce, sugar, cayenne pepper",237.5,unknown,17.0,16.0,30.0
aioli sauce,"garlic cloves, egg yolks, lemon juice, salt, olive oil",1399.1,unknown,33.0,2.0,234.0
aioli with herbs,"mayonnaise, dijon mustard, lemon juice, shallot, garlic clove, tarragon, parsley, chives, salt, cayenne pepper, lime wedge",69.3,unknown,5.0,4.0,7.0
aioli  style potatoes,"tiny new potatoes, olive oil, butter, mayonnaise, fresh garlic, fresh parsley, fresh basil, salt and pepper, parmesan cheese, parsley",624.3,dinner,13.0,19.0,65.0
aip bbq sauce,"pumpkin, apple cider vinegar, balsamic vinegar, coconut oil, molasses, maple syrup, garlic cloves, salt, coconut aminos, fresh ginger",45.2,unknown,8.0,26.0,1.0
air fried  hash brown  potatoes,"potatoes, cooking spray, seasoning salt",164.0,unknown,0.0,6.0,0.0
air fried onion rings,"dry breadcrumbs, seasoning salt, pepper, parmesan cheese, sweet onion, egg white, cooking spray",114.7,unknown,8.0,11.0,2.0
air fried pork chops,"pork loin chops, dijon mustard, italian seasoned breadcrumbs, salt, pepper, cayenne pepper, cooking spray",334.8,unknown,52.0,7.0,33.0
air fried potato chips,"low-fat parmesan cheese, salt, garlic powder, potato, cooking spray",177.4,unknown,24.0,7.0,0.0
airbake giant cashew white chocolate cookies,"butter, brown sugar, egg, vanilla, all-purpose flour, baking soda, vanilla baking chips, salted cashews, semi-sweet chocolate chips",5875.3,dessert,161.0,1417.0,515.0
airborne mocktail,"cranberry juice, orange juice, ginger ale",86.1,unknown,0.0,73.0,0.0
airman  anderson s chicken,"vegetable oil, chicken thighs, eggs, pepper, salt, black pepper, flour, cornstarch, orange, juice, sugar, butter, hot pepper flakes, worcestershire sauce",813.7,unknown,14.0,80.0,74.0
airy chocolate coconut cream pie,"pretzels, brown sugar, pumpkin spice, unsalted butter, coconut milk, low-fat sour cream, low-fat milk, chocolate flavor instant pudding and pie filling mix, coconut flakes, mini marshmallows, cool whip lite, whipped cream",376.9,unknown,19.0,121.0,28.0
airy hamburger buns,"warm water, maple syrup, vinegar, oil, gluten, whole wheat flour, instant yeast, salt",192.3,lunch,12.0,11.0,8.0
airy white bread,"milk, shortening, bread flour, sugar, salt, yeast",169.6,unknown,7.0,5.0,3.0
aish s grated potato kugel,"potatoes, onions, oil, eggs, salt, pepper, potato flour",312.8,dinner,39.0,7.0,26.0
aisha s chili pecans  cajun,"water, sugar, butter, dried chili pepper flakes, pecans, baking sheet",300.5,unknown,0.0,105.0,32.0
aj de lentejas  bolivian spicy lentil stew,"dried hot pepper, onion, tomatoes, garlic cloves, italian parsley, dried lentils, olive oil, salt, water, sweet onion, flat leaf parsley, lime, juice of",217.3,dinner,0.0,23.0,1.0
aj s best baked beans,"pork and beans, red onion, green bell pepper, bacon, yellow mustard, light brown sugar, chili sauce, barbecue sauce, spicy bbq sauce, cajun seasoning",549.5,unknown,86.0,108.0,30.0
aj s mild salsa,"roma tomatoes, red onion, jalapenos, hot pepper, habanero pepper, garlic cloves, green chili, cilantro, tomato sauce, vinegar, extra virgin olive oil, lemon juice, lime juice, salt",82.1,unknown,37.0,24.0,5.0
ajar  thai salad,"rice vinegar, sugar, salt, ground black pepper, cucumber, red onion, fresh cilantro leaves, red chili pepper, mixed greens",76.0,unknown,24.0,47.0,0.0
ajeen  basic dough,"plain flour, water, olive oil, vegetable oil, salt, sugar",1072.7,lunch,145.0,26.0,85.0
ajeen beckford creamy garlic shrimp,"butter, garlic, shrimp, salt, black pepper, onions, parsley, cilantro, tomatoes, heavy cream",379.5,unknown,73.0,16.0,37.0
ajeen beckford lahma bi ajeen,"flour, vegetable shortening, yeast, salt, oil, warm water, seasoning, lean ground beef, catsup, tomato paste, white onion, ground allspice, ground cinnamon, ground nutmeg, ground black pepper",915.5,lunch,54.0,58.0,54.0
ajeen jerk bbq lamb ribs,"lamb ribs, red chili pepper flakes, garlic cloves, ginger, onions, olive oil, fresh basil, salt & pepper, thyme, tomato ketchup, vegetable oil, hot sauce, brown sugar, lemon juice, honey, soya sauce, pineapple juice, jamaican jerk spice",846.2,unknown,42.0,119.0,93.0
aji           spicy and full of flavor,"fresh cilantro, red onion, jalapenos, balsamic vinegar, olive oil, avocado",211.4,dinner,0.0,14.0,26.0
aji  colombian salsa,"fresh lemon juice, white vinegar, water, green onion, fresh cilantro, jalapeno pepper, tomatoes",39.1,unknown,0.0,13.0,0.0
aji  ecuadorean hot sauce,"hot red peppers, garlic cloves, water, tomatoes, scallions, fresh coriander, flat leaf parsley, lemon, juice of, olive oil, salt",383.1,unknown,292.0,70.0,43.0
aji  peruvian hot sauce,"cilantro, olive oil, jalapenos, salt, water",9.8,unknown,0.0,0.0,1.0
aji criollo   green aji salsa,"cilantro, green onions, lime, vinegar, green chili pepper, olive oil, salt",710.1,unknown,0.0,23.0,111.0
aji de carne    bolivian pork and bananas,"light olive oil, sweet onion, green onions, garlic, boneless pork top loin, chopped tomatoes, saffron, salt, black pepper, chili powder, habanero pepper, ground cloves, ground cinnamon, low-fat chicken broth, annatto seeds, russet potatoes, green bananas, seltzer water, nonfat dry milk powder, coconut extract, molasses, reduced-fat creamy peanut butter, tortillas, mixed salad greens",578.5,dinner,26.0,81.0,16.0
aji de gallina,"boneless skinless chicken breast halves, chicken broth, white bread, evaporated milk, parmesan cheese, walnut pieces, olive oil, garlic cloves, onion, chili paste, ground turmeric, ground cumin, salt & pepper, rice, sweet potato, hard-cooked eggs, black olives, fresh parsley",991.9,unknown,77.0,20.0,51.0
aji verde  peruvian green chili sauce,"cilantro, jalapenos, garlic clove, salt, olive oil, mayonnaise, water, fresh lemon juice",500.9,unknown,49.0,8.0,83.0
ajiaco bogotano  chicken and potato soup  bogota style,"chicken thighs, olive oil, potato, yucca root, ear of corn, chicken stock, onion, garlic cloves, water, heavy cream, capers, cayenne pepper, salt & freshly ground black pepper, cilantro",525.2,unknown,15.0,23.0,39.0
ajiaco cubano,"water, beef jerky, flank steak, pork spareribs, chicken pieces, corn, yellow taro root, yucca root, sweet potato, fresh pumpkin, taro root, grey taro root, plantains, limes, salt, fresh coarse ground black pepper, olive oil, onion, scallions, garlic cloves, green pepper, tomato puree, oregano, cumin, fresh ground black pepper, whole bay leaf",767.0,unknown,37.0,56.0,48.0
ajillo mushrooms,"olive oil, mushrooms, garlic cloves, dry sherry, lemon juice, dried red chili, paprika, salt and pepper, parsley",150.6,dinner,0.0,6.0,21.0
ajlouk qura a  mashed zucchini salad,"zucchini, fresh lemon juice, extra virgin olive oil, salt, caraway seed, ground coriander, harissa, garlic clove, feta cheese",40.5,unknown,8.0,5.0,4.0
ajvar  eggplant  aubergine    peppers,"eggplants, red sweet peppers, salt, pepper, garlic clove, lemon, oil, parsley",258.8,dinner,0.0,45.0,29.0
ajvar  roasted red pepper spread,"red bell peppers, eggplant, garlic clove, olive oil, white vinegar, salt and pepper, dried red pepper flakes, basil leaves",27.3,lunch,0.0,14.0,0.0
akara  african,"dried black-eyed peas, onions, red pepper, salt, white pepper, olive oil, tomatoes, green pepper, fresh parsley leaves",232.3,unknown,0.0,36.0,1.0
akhrot murgh  indian walnut chicken,"walnuts, chicken, ginger paste, garlic paste, salt, ground cumin, yogurt, oil, onion, tomatoes, green chilies, ground coriander, cream, garam masala",350.7,unknown,2.0,23.0,40.0
akkara balls,"black-eyed peas, salt, black pepper, oil",15.5,lunch,2.0,0.0,0.0
akkras  black eye pea fritters,"black-eyed peas, onion, chili, water, oil",68.8,unknown,9.0,4.0,0.0
akoori   indian scrambled eggs,"eggs, onion, tomatoes, ginger-garlic paste, oil, salt",246.8,unknown,6.0,20.0,25.0
akoori   parsi scrambled eggs,"eggs, milk, salt, pepper, spring onions, chilies, ginger, ghee, turmeric, coriander, tomatoes, cumin",161.5,breakfast,12.0,10.0,17.0
akoori   scrambled eggs  parsi,"eggs, milk, salt, ground black pepper, ghee, spring onions, red chilies, fresh ginger, ground turmeric, fresh coriander leaves, tomatoes, ground cumin, chopped tomato, fresh cilantro",200.0,lunch,5.0,12.0,22.0
akuri  spiced scrambled eggs,"eggs, milk, salt, black pepper, cilantro, butter, onion, jalapeno chile, fresh ginger, dried red pepper, turmeric",202.3,breakfast,20.0,4.0,25.0
al   tipper gore s chinese chicken with walnuts,"boneless chicken breasts, soy sauce, water, cornstarch, chinese rice wine, sugar, fresh ginger, crushed red pepper flakes, salt, vegetable oil, green peppers, scallions, walnuts",351.4,unknown,25.0,8.0,31.0
al andalus paella,"chicken thighs, salt & freshly ground black pepper, extra virgin olive oil, saffron threads, chicken broth, frozen green beans, artichoke hearts, onions, garlic cloves, red pepper flakes, smoked paprika, italian plum tomatoes, short-grain rice, chorizo sausage, red bell pepper, shrimp, frozen peas, clams, lemon wedge",952.7,dinner,66.0,39.0,56.0
al brown s lasagna,"lasagna noodles, extra lean ground beef, celery, onion, garlic clove, basil, oregano, black pepper, salt, italian seasoning, light cream, cream cheese, dry white wine, cheddar cheese, gouda cheese, cream-style cottage cheese, egg, part-skim mozzarella cheese",389.6,unknown,25.0,6.0,33.0
al bussell peach cobbler,"butter, flour, sugar, salt, baking powder, lemon juice, milk, nutmeg, cinnamon, peaches",200.6,dessert,7.0,83.0,13.0
al capone roast,"italian sausage, round steaks, green peppers, red onion, tomato paste, water, fresh mushrooms, cheese, garlic, oil",541.8,unknown,78.0,51.0,57.0
al dente green beans in  soy garlic sauce,"fresh green beans, extra virgin olive oil, garlic, soy sauce, balsamic vinegar, greek salad dressing, sugar, salt",68.5,unknown,10.0,10.0,2.0
al fredo s popcorn,"vegetable oil, unpopped popcorn, butter, garlic clove, parmesan cheese, salt and black pepper",300.9,lunch,19.0,0.0,44.0
al fresco bread,"bread, butter, bell peppers, parmesan cheese, kalamata olives, feta cheese, onions, garlic cloves, fresh parsley, fresh basil, large shrimp, tomatoes, salt, sugar, virgin olive oil, lime juice, mustard",450.2,unknown,46.0,52.0,45.0
al kabsa   ancient arabian chicken and fragrant rice,"chicken piece, basmati rice, dried limes, fresh tomatoes, onions, garlic cloves, salt, fresh coriander, olive oil, kabsa spice mix, of fresh mint, green chili peppers, water",861.4,dinner,29.0,20.0,55.0
al kabsa   traditional saudi rice    chicken  dish,"butter, chicken, onion, garlic cloves, tomato puree, chopped tomatoes, carrots, whole cloves, nutmeg, ground cumin, ground coriander, salt & freshly ground black pepper, hot water, chicken stock cube, basmati rice, raisins, slivered almonds, saffron, green cardamoms, ground cinnamon, ground allspice, white pepper, dried limes",678.5,unknown,14.0,27.0,53.0
al kabsa   traditional saudi rice    meat  dish,"lamb, basmati rice, carrot, green pepper, tomatoes, onion, garlic cloves, ground cumin, ground coriander, salt and black pepper, butter, pine nuts, saffron, green cardamoms, ground cinnamon, ground allspice, white pepper, dried limes, water, beef stock cube, chopped tomatoes, tomato paste, celery",793.4,unknown,10.0,48.0,49.0
al khurshoof,"artichoke hearts, salt, olive oil, lemon juice, sumac, dried tarragon, red pepper, fresh cilantro",45.4,unknown,0.0,1.0,5.0
al lewis  spinach fettuccine with crab sauce,"spinach fettuccine, olive oil, shallots, crabmeat, butter, fresh tomatoes, heavy cream, chablis, dried parsley, parmesan cheese",847.0,unknown,21.0,6.0,88.0
al pastor fish tacos,"tuna, onion, pineapple, salt & pepper, achiote, lime juice, prepared mustard, cooking oil, vinegar, tortillas, cilantro, lime",531.2,unknown,26.0,19.0,34.0
al roker s spicy beef chili,"vegetable oil, chuck steaks, kosher salt, fresh ground pepper, hot italian sausage, white onion, garlic cloves, chili powder, sweet paprika, ground cumin, diced tomatoes, water, pinto beans, cannellini beans, kidney beans",1002.5,unknown,48.0,32.0,91.0
al roker s spicy chicken wings,"hot pepper sauce, honey, butter, chili powder, salt, chicken wings",574.3,lunch,24.0,28.0,63.0
al roker s steaks as big as your head,"rib eye steaks, fresh rosemary, olive oil, garlic cloves, salt and pepper, salted butter, orange zest, cracked black pepper",333.9,unknown,6.0,0.0,56.0
al s beef and spinach in oyster sauce,"sirloin steak, spinach, garlic cloves, oyster sauce, peanut oil, onions, green peppers, ginger",952.5,dinner,98.0,17.0,94.0
al s chili dogs,"hot dogs, hot dog buns, cheddar cheese, lettuce, roma tomatoes, onion, fat-free turkey chili",305.1,unknown,27.0,16.0,30.0
al s egg salad,"eggs, mayonnaise, dijon mustard, dried onion flakes, dried dill weed, salt & freshly ground black pepper",173.1,lunch,12.0,7.0,19.0
al s garlic bread,"butter, garlic powder, italian seasoning, dried oregano, pepper, italian cheese blend, french bread",633.6,dinner,42.0,17.0,28.0
al s oasis  lemon cream cheese pie,"sugar, cornstarch, water, egg yolks, lemon juice, salt, butter, sweetened condensed milk, cream cheese, instant lemon pudding mix, 9-inch pie shells, whipped cream",486.5,dessert,17.0,140.0,36.0
al s pancakes,"baking powder, sugar, cooking oil, vanilla, salt, flour, egg, milk",220.3,breakfast,25.0,25.0,12.0
al s sloppy joes,"olive oil, ground beef, onion, green bell pepper, celery, ketchup, tomato sauce, cider vinegar, brown sugar, worcestershire sauce, salt, pepper, garlic powder",251.8,lunch,32.0,37.0,24.0
ala mexicana corn soup,"garlic, olive oil, onion, fresh jalapeno peppers, ground cumin, coriander powder, salt & freshly ground black pepper, carrot, celery, chicken stock, corn, red bell pepper, fresh coriander, cayenne, corn tortilla strips",307.2,unknown,10.0,39.0,16.0
alabama bbq chicken and white sauce  grilled,"mayonnaise, cider vinegar, sugar, prepared horseradish, salt, black pepper, cayenne pepper, chicken parts, hickory chips, vegetable oil",409.1,dinner,24.0,8.0,38.0
alabama biscuit muffins,"all-purpose flour, sugar, baking powder, salt, baking soda, butter, buttermilk",196.3,breakfast,15.0,12.0,15.0
alabama biscuits,"all-purpose flour, salt, baking soda, sugar, active dry yeast, water, butter, buttermilk",257.6,unknown,13.0,31.0,14.0
alabama blueberry bread,"sugar, nutmeg, ground cloves, ground cinnamon, canola oil, lemon extract, eggs, all-purpose flour, salt, baking soda, blueberries, cinnamon sugar",732.0,unknown,19.0,218.0,56.0
alabama camp stew,"pork, chicken, roast beef, potatoes, white onion, tomatoes, ketchup, lemon, juice of, worcestershire sauce, salt, tabasco sauce, red pepper, black pepper, creamed corn",596.2,unknown,29.0,57.0,37.0
alabama catfish stew,"onion, butter, tomatoes, potato, catsup, water, worcestershire sauce, pepper, bay leaf, catfish fillet",203.0,unknown,27.0,58.0,11.0
alabama chicken,"margarine, green pepper, celery, onion, velveeta cheese, green olives, sliced mushrooms, cream of mushroom soup, chicken, spinach noodles",1151.4,dinner,101.0,39.0,125.0
alabama coney style hot dogs,"ground beef, onion, yellow mustard, cider vinegar, sugar, water, worcestershire sauce, celery seed, frank's red hot sauce, tomato sauce, ketchup, hot dog, hot dog bun, coleslaw",456.3,unknown,57.0,104.0,36.0
alabama dip,"ground beef, sausage, velveeta cheese, picante sauce, rotel tomatoes & chilies, cream of mushroom soup",695.0,unknown,124.0,45.0,79.0
alabama egg and sausage souffle,"bulk sausage, eggs, milk, salt, dry mustard, white bread, cheddar cheese",445.3,breakfast,48.0,6.0,44.0
alabama hot slaw,"cabbage, celery ribs, carrots, red bell pepper, red onions, cider vinegar, sugar, salt, black pepper, brown mustard, tabasco sauce, canola oil",100.8,unknown,13.0,20.0,10.0
alabama jefferson davis pie,"brown sugar, flour, nutmeg, half-and-half, eggs, lemon juice, lemon, rind of, margarine, 9"" unbaked pie shell, whipped cream",3641.8,dessert,89.0,1703.0,267.0
alabama meatloaf,"lean ground beef, ground pork, green bell pepper, onion, eggs, soft breadcrumbs, smoked ham, ketchup, brown sugar, maple syrup, worcestershire sauce, hot sauce, tomato sauce, bacon",471.8,dinner,31.0,63.0,37.0
alabama mud cake,"crushed pineapple in juice, cherry pie filling, devil's food cake mix, pecans, mint chocolate chips, butter",5208.9,dessert,210.0,1321.0,426.0
alabama oven fried chicken,"chicken breasts, flour, salt, pepper, margarine",462.7,unknown,15.0,0.0,38.0
alabama roast,"oil, beef roast, worcestershire sauce, soy sauce, garlic salt, black pepper, hot sauce, wine vinegar, salt",604.4,unknown,15.0,2.0,71.0
alabama slammer,"southern comfort, amaretto, sloe gin, grenadine, orange juice",240.0,unknown,0.0,52.0,0.0
alabama white barbecue,"chicken pieces, wood chips, apple cider vinegar, butter, cayenne pepper, black pepper, salt, mayonnaise, prepared horseradish, apple juice",911.0,unknown,57.0,15.0,107.0
alabama white barbecue bbq sauce,"mayonnaise, cider vinegar, fresh lemon juice, black pepper, cayenne pepper",164.7,unknown,11.0,10.0,20.0
alabama white bbq sauce  2,"mayonnaise, cider vinegar, lemon juice, black pepper, salt, cayenne",7.8,unknown,4.0,0.0,0.0
alabama style shrimp bake,"butter, lemon juice, worcestershire sauce, salt, fresh coarse ground black pepper, dried rosemary, cayenne, hot sauce, garlic cloves, jumbo shrimp, lemons, onion, amber beer",539.7,unknown,81.0,14.0,52.0
alabammy delight,"southern comfort, amaretto, sloe gin, lemon juice",167.6,unknown,0.0,1.0,0.0
alain s cabbage rolls,"lean ground beef, eggs, pepper, garlic cloves, tabasco sauce, soy sauce, olive oil, onion, chives, green cabbage, boiling water, tomato paste, prepared mustard, stewed tomatoes, brown sugar, barbecue sauce, ketchup, white vinegar",350.4,unknown,37.0,134.0,19.0
alaine s tangy stove top sweet potatoes,"sweet potatoes, butter, marshmallows, ginger, yogurt",354.5,unknown,9.0,76.0,21.0
alambre de bistec,"bacon, beef, onions, green bell peppers, salt, pepper, tortillas",798.5,dinner,69.0,34.0,70.0
alambre de camarones  grilled shrimp skewers,"garlic cloves, olive oil, fresh lime juice, worcestershire sauce, dried oregano, salt, fresh ground black pepper, bamboo skewers, shrimp, red onion, serrano chilies, cherry tomatoes",93.6,unknown,21.0,18.0,6.0
alamo tamale supper  crock pot,"beef tamales, onion, corn, tomato sauce, chili powder, cheddar cheese, olive",216.6,unknown,23.0,22.0,17.0
alan jackson s chocolate cake and frosting,"flour, eggs, sugar, salt, water, margarine, vegetable oil, cocoa, buttermilk, baking soda, vanilla, cider vinegar, milk, powdered sugar",604.0,dessert,16.0,284.0,39.0
alan nowell and paula deen jumbo lump crab cakes sandwiches,"mayonnaise, egg, dijon mustard, hot chili sauce, green onions, dill, parsley, breadcrumbs, red pepper, lemon, zest of, salt, pepper, lump crabmeat, all-purpose flour, peanut oil",405.0,lunch,21.0,15.0,50.0
alan wong s pineapple mango macadamia nut relish,"fresh pineapple, mango, macadamia nuts, green onions, fresh basil, maui onions, cilantro, peanut sauce, hot chili pepper, garlic, olive oil, balsamic vinegar, soy sauce, fresh lemon juice, fresh lime juice, hot sauce, fish sauce",240.6,unknown,15.0,47.0,30.0
alan s chicken joe,"boneless skinless chicken breast halves, ketchup, mustard, barbecue sauce, spaghetti sauce, tabasco sauce, brown sugar, worcestershire sauce, fresh garlic, oregano, salt",129.8,lunch,3.0,0.0,2.0
alan s tandoori chicken,"chicken breasts, tandoori paste, yogurt, lime, juice of, garlic",67.9,dinner,1.0,1.0,5.0
alan s vegetarian vegan bean and rice burger mashup,"black beans, pinto beans, brown rice, breadcrumbs, picante sauce, chili powder, cumin, oregano, salt, black pepper, garlic, cayenne pepper",118.8,unknown,17.0,6.0,1.0
alaska burgers,"ground beef, onion, worcestershire sauce, cumin, cracked black pepper, smoked cheddar cheese",250.5,unknown,3.0,2.0,26.0
alaska mocha,"strong coffee, chocolate syrup, nonfat dry milk powder",251.3,unknown,11.0,109.0,7.0
alaska molasses cookies,"applesauce, sugar, butter, dark molasses, egg, flour, whole wheat pastry flour, baking soda, ground cinnamon, salt, ground ginger, ground cloves, cooking spray",89.6,dessert,5.0,37.0,3.0
alaska pink salmon spread,"light cream cheese, lemon juice, low-fat milk, green onion, hickory liquid smoke, pink salmon",192.9,unknown,9.0,8.0,22.0
alaska salmon and chipotle wrap,"fresh lime juice, chipotle chile in adobo, fresh cilantro, red bell peppers, red onion, garlic, salt, pepper, salmon, light sour cream, adobo sauce, flour tortillas, lettuce leaves",487.9,lunch,39.0,11.0,21.0
alaska salmon bake with pecan crunch coating,"dijon mustard, butter, honey, fresh breadcrumb, pecans, fresh parsley, salmon fillets, salt and pepper, lemon wedges",304.9,unknown,11.0,23.0,26.0
alaska salmon w  tomatillo sauce  fresh corn   poblano chile,"salmon fillets, tomatillo, serrano chilies, cilantro, lime juice, corn, heavy cream, poblano peppers, zucchini",806.3,dinner,8.0,44.0,61.0
alaska smoked salmon dip,"smoked salmon, cream cheese, sour cream, mayonnaise, tabasco sauce, garlic, green onion",163.0,lunch,14.0,8.0,20.0
alaska sourest dough  starter,"yeast, vinegar, water, salt, sugar, bread flour",964.5,unknown,97.0,36.0,4.0
alaska sunday hot bread,"butter, sugar, egg, flour, baking powder, salt, milk, lemon extract, vanilla",529.8,unknown,27.0,201.0,21.0
alaska wild blueberry peach crisp,"blueberries, frozen peaches, sugar, flour, rolled oatmeal, brown sugar, ground cinnamon, margarine, pecans",410.7,dessert,3.0,220.0,18.0
alaskan amber salmon marinade,"salmon fillets, amber beer, soy sauce, garlic cloves, gingerroot, cilantro",317.2,unknown,105.0,3.0,12.0
alaskan bbq salmon,"brown sugar, honey, liquid smoke flavoring, apple cider vinegar, salmon fillets",460.8,dinner,7.0,176.0,15.0
alaskan beer quick bread,"flour, sugar, baking powder, baking soda, salt, amber beer",1323.4,unknown,96.0,154.0,4.0
alaskan blue stew,"whale meat, unbleached flour, olive oil, onions, potatoes, cabbage, carrots, celery, turnips, garlic, msg, salt & freshly ground black pepper, water",127.5,dinner,1.0,14.0,0.0
alaskan blueberry coffee cake,"all-purpose flour, sugar, baking powder, salt, vegetable oil, milk, egg, fresh blueberries, brown sugar, ground cinnamon, butter",506.9,breakfast,26.0,185.0,29.0
alaskan blueberry lemon tea bread,"all-purpose flour, sugar, baking powder, salt, bananas, fat-free buttermilk, lemon juice, canola oil, egg whites, egg yolk, lemon zest, blueberries, confectioners' sugar",347.6,unknown,10.0,151.0,7.0
alaskan blueberry pie,"sugar, cornstarch, water, blueberries, butter, lemon juice, lemon, rind of, pie shell",259.5,dessert,5.0,118.0,13.0
alaskan cranberry dumplings,"cranberries, flour, salt, double-acting baking powder, butter, milk, sugar, cinnamon",233.5,dinner,27.0,5.0,13.0
alaskan parmesan baked halibut,"halibut steaks, sour cream, parmesan cheese, butter, dill weed, salt, pepper, paprika",653.3,dinner,32.0,0.0,53.0
alaskan pollack with broccoli in a cream sauce,"pollock fillets, broccoli florets, shrimp, shallots, fresh parmesan cheese, cream, milk, salt, sugar, dill",527.5,unknown,45.0,2.0,45.0
alaskan salmon chowder,"onion, celery, green pepper, garlic clove, chicken broth, potatoes, carrot, seasoning salt, dill weed, zucchini, cream-style corn, evaporated milk, cooked salmon",205.7,unknown,21.0,20.0,8.0
alaskan salmon dip,"salmon fillets, butter, onion, cream cheese, sour cream, worcestershire sauce, sweet relish, dill relish, garlic salt",533.9,unknown,34.0,20.0,61.0
alaskan salmon marinade,"orange juice, soy sauce, ketchup, oil, parsley, lemon juice, oregano, pepper",175.4,unknown,90.0,27.0,21.0
alaskan smoked salmon chowder,"butter, garlic, onion, celery, green pepper, carrot, potato, chicken broth, cream-style corn, half-and-half, smoked salmon, salt and pepper",236.4,unknown,41.0,19.0,17.0
alaskan smoked salmon sauce,"smoked salmon, cream cheese, sour cream, mayonnaise, dill weed, fresh parsley, scallion, salt, white pepper, lemon juice",525.7,dinner,44.0,8.0,68.0
alaskan smoked salmon spread,"cream cheese, cayenne pepper, worcestershire sauce, lemon juice, white pepper, smoked salmon, red onion, capers",221.4,lunch,13.0,1.0,31.0
alaskan sourdough blueberry gingerbread,"dark brown sugar, butter, molasses, egg, unbleached flour, salt, baking soda, ground ginger, cinnamon, hot water, sourdough starter, blueberries, vanilla ice cream",444.7,lunch,23.0,153.0,25.0
alaskan sourdough cornbread,"cornmeal, sugar, salt, milk, sourdough starter, cream of tartar, baking soda, eggs, butter",207.7,unknown,32.0,10.0,18.0
albndigas,"olive oil, white onions, garlic clove, chopped tomatoes, tomato sauce, chicken stock, dry oregano, salt, fresh ground black pepper, carrots, celery, potato, rice, egg, panko breadcrumbs, green onions, ground black pepper, ground cumin, cilantro, pink salmon",239.2,unknown,44.0,25.0,6.0
albacore tuna and bow tie pasta salad,"bow tie pasta, albacore tuna, red bell pepper, red onion, capers, fresh parsley, garlic clove, fresh ground black pepper, rice vinegar, olive oil, dijon mustard, lemon zest, lemon, sugar, salt, dried dill weed",294.7,unknown,17.0,16.0,25.0
albacore tuna spread,"albacore tuna, cream cheese, mayonnaise, capers, horseradish, soy sauce, garlic salt, celery salt, onion salt",423.4,unknown,42.0,6.0,45.0
albacore tuna with jalapeno bacon cream sauce,"tuna fillets, butter, diced onion, garlic, heavy cream, jalapeno, sea salt, cracked black pepper, bacon, jalapenos",668.0,unknown,61.0,6.0,103.0
albania  byrek ose lakror  leek pie,"flour, salt, water, butter, leeks, cottage cheese, feta cheese, eggs, yogurt",612.7,unknown,43.0,13.0,46.0
albania  gjell me arra  chicken with walnuts,"flour, walnuts, egg yolks, garlic cloves, butter, chicken breasts, chicken stock",472.7,unknown,10.0,2.0,54.0
albanian byrek,"flour, water, oil, vinegar, salt, butter, spinach, yogurt, eggs",354.4,unknown,59.0,25.0,42.0
albanian cornbread   pite,"cornmeal, cottage cheese, eggs, scallion, butter, paprika, dried thyme, feta cheese, salt",432.7,unknown,33.0,15.0,42.0
albanian spinach pie  byrek me spinaq or pite,"oil, phyllo dough, spinach, feta cheese, green onion, eggs, salt",965.4,unknown,65.0,11.0,93.0
albanian stewed green beans and potatoes with smokey seitan,"seitan, green beans, red potatoes, onion, garlic cloves, tomatoes, paprika, oregano, chili flakes, vegetable broth, olive oil, liquid smoke, salt",312.8,unknown,1.0,33.0,32.0
albanian tomato cucumber salad,"tomatoes, cucumber, onion, green pepper, olive oil, feta cheese, kalamata olive",163.8,unknown,14.0,20.0,19.0
albanian tossed salad,"romaine lettuce, red onion, pitted black olives, red bell pepper, tomatoes, cremini mushroom, cucumber, feta cheese, sliced almonds, olive oil, dried oregano, paprika, lemon, ground black pepper",435.3,unknown,31.0,38.0,56.0
albanian walnut cake with lemon glaze,"butter, sugar, eggs, plain yogurt, buttermilk, flour, baking powder, baking soda, cinnamon, lemon rind, walnuts, water, cinnamon stick, fresh lemon juice, ground allspice, ground cloves",341.0,dessert,9.0,121.0,23.0
albanian white bean soup  jani me fasule,"dry white beans, water, onion, butter, tomato paste, flat leaf parsley, sweet paprika, sea salt, chili powder",305.6,unknown,7.0,14.0,15.0
alber s cornbread,"cornmeal, flour, sugar, baking powder, salt, oil, egg, milk",328.1,unknown,25.0,34.0,23.0
albers sweet corn muffins,"all-purpose flour, granulated sugar, yellow cornmeal, baking powder, salt, milk, eggs, vegetable oil, butter",150.7,unknown,6.0,29.0,11.0
albers tamale pie casserole,"yellow cornmeal, salt, carnation evaporated milk, water, ground beef, garlic, onion, green bell pepper, cream-style corn, black olives, tomato sauce, chili powder, black pepper, cheddar cheese",651.4,unknown,74.0,28.0,47.0
albert s soy sauce steak,"top round steak, soy sauce, water, garlic, onion powder, seasoning salt, pepper, dried parsley, oregano, ground thyme",233.8,unknown,170.0,5.0,13.0
alberta beef  mushroom and pepper pasta,"bacon, onions, paprika, caraway seed, round steaks, salt and pepper, beef stock, red wine, sour cream, flour, olive oil, portabella mushroom, red bell pepper, green bell pepper, pasta",1062.8,unknown,22.0,37.0,67.0
alberta flank steak,"soya sauce, red wine, oil, fresh ginger, flank steaks",450.7,unknown,66.0,2.0,49.0
alberta prairie burgers,"ground beef, quick-cooking oats, light sour cream, fresh mushrooms, onion, garlic cloves, dijon mustard, fresh parsley, oregano, thyme, pepper, salt",321.6,unknown,11.0,6.0,29.0
albicocche al forno  baked apricots with amaretti,"apricots, amaretti cookies, sugar, egg yolk, amaretto, white wine, butter, blanched almonds",204.2,dinner,1.0,120.0,4.0
albondigas,"ground chuck, onion, garlic cloves, instant rice, egg, salt and pepper, green chilies, carrot, canned tomatoes, hot water, low-fat beef broth, dried oregano, fresh parsley",213.9,unknown,9.0,21.0,17.0
albondigas  cuban meatballs,"eggs, cracker crumb, milk, ground beef, dry mustard, cumin, salt, pepper, onion, green onion, flour, olive oil, green pepper, garlic cloves, ketchup, white vinegar, brown sugar, tomato sauce",675.6,unknown,88.0,61.0,56.0
albondigas con salsa de tomate  spanish style meatballs,"olive oil, ground beef, scallions, garlic cloves, parmesan cheese, fresh thyme leaves, salt and pepper, tomatoes, white wine, fresh rosemary, sugar, salt, pepper",369.2,unknown,6.0,13.0,39.0
albondigas soup,"lean ground beef, beef bouillon cubes, potatoes, carrots, onion, zucchini, celery, cabbage, corn, cooked rice, fresh cilantro, egg, corn flakes, salt and pepper",549.8,unknown,27.0,54.0,21.0
albondigas soup with cilantro pesto,"short-grain white rice, water, vegetable oil, white onions, ground pork, ground beef, egg, ground cumin, dried oregano, salt, fresh ground pepper, garlic clove, zucchini, carrots, tomatoes, chicken broth, fresh cilantro, mint sprig, limes, juice of, olive oil",372.7,unknown,50.0,15.0,34.0
albondigas spanish style,"ground pork, ground veal, garlic cloves, dry breadcrumbs, coriander, nutmeg, cumin, cinnamon, egg, olive oil, onion, dry white wine, chopped tomatoes, tomato puree, chicken stock, dried oregano, cayenne pepper, frozen peas",271.2,dinner,5.0,17.0,25.0
albuquerque pinon red chile fudge,"semi-sweet chocolate chips, pine nuts, red chili powder, sweetened condensed milk, vanilla extract",115.8,dessert,0.0,49.0,10.0
albuquerque salad,"brown rice, canned black beans, corn, onions, white vinegar, vegetable oil, fresh cilantro, jalapeno, chili powder, salt",488.0,lunch,45.0,20.0,15.0
alcachofas en vinagreta aromatica  artichokes in vinaigrette,"lemon juice, artichokes, salt, garlic cloves, fresh oregano, coriander, cumin, dried red pepper flakes, sherry wine vinegar, olive oil",202.1,unknown,30.0,0.0,21.0
alcaparrado   puerto rican olive   pepper mix,"pimento-stuffed green olives, capers, red wine vinegar, olive oil, black pepper",52.9,dinner,21.0,0.0,8.0
alcapurrias,"green bananas, taro root, salt, sazon goya con culantro y achiote, shortening, hot water, salt water, ground pork, ham, recao, dried oregano, olive oil, black pepper, pimento stuffed olives, capers",299.2,unknown,34.0,37.0,13.0
alcatra   portuguese pot roast with wine  bacon   garlic,"lean bacon, olive oil, boneless beef rump roast, onions, garlic, bay leaves, peppercorns, cloves, tomato paste, white wine, salt",175.2,dinner,16.0,13.0,12.0
alcohol free pina colada smoothie,"coconut milk, frozen pineapple chunks, milk, sugar",297.8,unknown,4.0,120.0,20.0
alcohol free basic eggnog,"eggs, sugar, cream, vanilla, nutmeg",627.7,unknown,6.0,152.0,72.0
alcohol free hot toddy,"water, lemon, orange, cream of tartar, crystallized ginger, tabasco sauce, honey, ground cloves, lemon juice",61.5,unknown,0.0,61.0,0.0
alcoholic purple passion,"frozen grape juice concentrate, cold water, vodka, lemon juice, sugar, ice cube, grapes, mint leaf",888.5,unknown,0.0,443.0,1.0
alcoholic shirley temple,"grenadine, ginger ale, vodka, orange juice",276.9,dinner,0.0,116.0,0.0
alcoholic tea,"jack daniels whiskey, triple sec, sour mix, cola, lemon",135.7,dinner,0.0,30.0,0.0
alcudia,"galliano, creme de banane, grapefruit juice, grapefruit peel",12.0,unknown,0.0,11.0,0.0
aldeburgh flatbread,"dry yeast, honey, water, strong white flour, fine sea salt, olive oil",359.3,unknown,12.0,1.0,12.0
alden s grandmother s cornbread,"bacon grease, cornmeal, baking powder, baking soda, salt, fresh ground black pepper, buttermilk, egg, unsalted butter",346.4,unknown,26.0,13.0,32.0
alder planked salmon with soy ginger marinade,"minced garlic cloves, soy sauce, fresh ginger, fresh parsley, canola oil, boneless salmon fillets, sesame seeds, scallions",427.1,unknown,45.0,2.0,51.0
ale 8 cake,"flour, sugar, butter, cocoa, baking soda, ale 8 soft drink, eggs, buttermilk, vanilla, mini marshmallows, confectioners' sugar",7246.5,dessert,168.0,3574.0,450.0
ale and cheddar soup,"butter, smoked bacon, white onion, flour, chicken stock, ale, baking potatoes, old cheddar cheese, whipping cream, salt, white pepper",387.6,unknown,26.0,9.0,41.0
ale braised corned beef with horseradish gravy  swedish style,"corned beef brisket, pepper, canola oil, carrots, onion, celery ribs, dark brown sugar, dried thyme, ale, dijon mustard, head of cabbage, milk, prepared horseradish, corned beef, cornstarch, fresh parsley",647.6,unknown,142.0,56.0,61.0
ale d pork and sauerkraut,"sauerkraut, sugar, dark beer, boneless pork shoulder, salt, garlic powder, black pepper, paprika",737.4,unknown,59.0,24.0,82.0
alea s corned beef and cabbage soup,"beef broth, red potatoes, diced onion, garlic cloves, cooked corned beef, cabbage",106.5,unknown,29.0,13.0,0.0
alea s meat lover s hashbrown casserole,"hash brown potatoes, eggs, cottage cheese, green onions, cheddar cheese, mozzarella cheese, ham, garlic powder, basil, seasoning salt, pepper, bacon, parsley",425.4,breakfast,40.0,10.0,36.0
aleecha vegetable stew,"cabbage, butter, onions, curry powder, carrots, potatoes, cauliflower",238.0,unknown,6.0,33.0,18.0
alegra s six week muffins,"raisin bran cereal, sugar, flour, baking soda, salt, eggs, oil, buttermilk",187.9,unknown,13.0,69.0,8.0
aleid s mexican fish roll up tortillas,"olive oil, onion, fish fillets, sambal tjampoer, soya sauce, desiccated coconut, coconut meat, sugar, cornflour, salt, tomato sauce, white vinegar, soy sauce, tortillas, cheese",487.2,unknown,53.0,28.0,20.0
alessandro s secret spinach,"chicken broth, fresh spinach, salt, garlic, olive oil, red pepper flakes",158.8,unknown,67.0,4.0,17.0
alessi s tiramisu,"egg yolks, sugar, marsala, whipping cream, mascarpone cheese, brewed espresso, brandy, vanilla, savoiardi cookies, cocoa powder, chocolate curls",197.9,dinner,0.0,35.0,14.0
aletria  a antiga  sweet angel hair pasta,"angel hair pasta, lemon, milk, sugar, water, butter, salt, cinnamon sticks, egg yolks",894.2,dessert,50.0,204.0,59.0
alex goh s basic sweet bun dough,"bread flour, all-purpose flour, sugar, powdered milk, instant yeast, egg, cold water, butter, salt",230.9,unknown,11.0,30.0,6.0
alex guarnaschelli s mother chicken with bbq,"ketchup, cider vinegar, worcestershire sauce, light soy sauce, light brown sugar, dark brown sugar, dry mustard, dijon mustard, chili powder, fresh ginger, garlic cloves, lemons, chicken parts, kosher salt",1763.3,unknown,215.0,617.0,96.0
alex s favorite beef and cheese pie,"ground beef, onion, green pepper, tomato sauce, green beans, garlic salt, crescent rolls, monterey jack cheese, egg, paprika, parsley",826.6,unknown,41.0,39.0,73.0
alex s heavenly snapper fillets,"yellow snapper fillets, mushrooms, garlic cloves, scallions, onion, fresh basil leaf, butter, olive oil, white wine, white wine vinegar, lemon juice, cherry tomatoes",258.7,unknown,6.0,6.0,5.0
alex s lemon cream cheese butter cake,"cream cheese, butter, lemon rind, caster sugar, eggs, self rising flour, icing sugar, lemon juice",730.0,dinner,43.0,188.0,58.0
alex s lemon shake,"brown sugar, lemon juice, non-fat vanilla yogurt, club soda, ice",37.2,unknown,1.0,36.0,0.0
alex s mexican spice mix,"nutmeg, dry mustard, garlic powder, turmeric, paprika, oregano, chili powder, coriander, cumin",318.3,unknown,11.0,29.0,24.0
alex s old fashioned apple pie,"whole wheat flour, salt, leaf lard, butter, water, apples, brown sugar, cornstarch, cinnamon, nutmeg, clove, lemon juice, vanilla, cinnamon sugar",240.2,dessert,15.0,82.0,8.0
alex s salsa,"red onion, garlic cloves, habanero pepper, bell peppers, fresh cilantro, fresh ground black pepper, coarse sea salt, pepper sauce, lime juice, balsamic vinegar, savory, tomatoes and green chilies",228.8,unknown,272.0,37.0,2.0
alex s vegan chocolate chip cookies,"vegetable shortening, brown sugar, sugar, soymilk, vanilla, unbleached flour, salt, baking soda, semi-sweet chocolate chips",110.7,dessert,2.0,32.0,9.0
alex s vegan mushroom gravy,"fresh mushrooms, onion, vegetable oil, flour, vegetable stock, soy sauce, fresh ground pepper",126.1,unknown,3.0,2.0,17.0
alexa s cilantro ginger flank steak,"soy sauce, worcestershire sauce, fresh lemon juice, fresh cilantro, fresh ginger, flank steaks",261.0,dinner,52.0,9.0,18.0
alexander cocktail,"table cream, cognac, chocolate liqueur, sugar, lime zest, ice, cinnamon, cinnamon stick",82.9,dinner,0.0,25.0,8.0
alexander espresso,"cold water, espresso coffee, cinnamon sticks, creme de cacao, brandy, whipped cream, semisweet chocolate",57.7,dinner,0.0,15.0,1.0
alexander s orzo and wild rice salad,"balsamic vinegar, lemon juice, fresh garlic, french dijon mustard, sugar, canola oil, extra virgin olive oil, fresh basil, salt, pepper, orzo pasta, cooked wild rice, red onion, currants, canned corn niblet, toasted almond, parsley, red peppers, yellow peppers, green onion, garlic granules",815.5,dinner,7.0,45.0,72.0
alexander s spaghetti carbonara,"prosciutto ham, onion, cooked spaghetti, egg, parmesan cheese, parsley, oregano, red pepper, olive oil",478.3,unknown,24.0,12.0,63.0
alexanders twilight,"vodka, triple sec, sprite, pineapple juice, whiskey, lemon twists",123.2,unknown,0.0,22.0,0.0
alexandra soup,"barley, lentils, butter, onion, water, tomato puree, milk, salt and pepper",164.4,dinner,3.0,5.0,12.0
alexandra s feta pasta,"frozen chopped spinach, diced tomatoes, onion, feta cheese, heavy whipping cream, olive oil, pasta, fresh parmesan cheese",583.7,dinner,36.0,38.0,36.0
alexandras famous brownies,"low-fat brownie mix, dark chocolate chips, milk chocolate chips, olive oil, egg whites, water",82.5,dessert,0.0,17.0,10.0
alexandria salad,"apricot gelatin, orange juice, buttermilk, mayonnaise, sour cream, orange juice concentrate, sugar, orange, zest of",329.3,unknown,13.0,59.0,25.0
alexandrian style liver  kebda eskandarani,"beef liver, garlic cloves, cumin powder, ground coriander, salt, chili powder, green chilies, vegetable oil, limes, juice of",697.1,unknown,60.0,9.0,44.0
alexis apple crunch,"apple, candy sprinkles",71.8,unknown,0.0,57.0,0.0
alfajor de maicena  cornstarch alfajor,"cornstarch, sugar, all-purpose flour, unsalted butter, baking powder, vanilla extract, egg yolks, dulce de leche",269.1,dessert,1.0,40.0,20.0
alfajores,"unsalted butter, caster sugar, egg, egg yolks, plain flour, honey, bicarbonate of soda, baking powder, vanilla extract, sweetened condensed milk, chocolate",264.1,dessert,6.0,64.0,20.0
alfajores  an argentinean dulce de leche sandwich cookie,"butter, sugar, egg, egg yolks, vanilla, lemon rind, cornstarch, flour, baking powder, salt, dulce de leche",68.3,dessert,1.0,20.0,4.0
alfajores de maizena,"cornstarch, flour, baking soda, baking powder, sugar, butter, egg yolks, vanilla extract, lemon zest",364.7,dessert,10.0,50.0,25.0
alfrado chicken enchiladas,"alfredo sauce, boneless skinless chicken breasts, olives, tortillas, cheddar cheese",419.0,unknown,41.0,5.0,29.0
alfredo and artichoke lasagna,"frozen chopped spinach, mozzarella cheese, ricotta cheese, chive & onion cream cheese, provolone cheese, eggs, pepper, alfredo sauce, artichoke hearts, parmesan cheese, mayonnaise, green onions, lasagna noodles",709.9,unknown,42.0,12.0,66.0
alfredo bacon chicken pizza,"pizza crust, alfredo sauce, cooked chicken breasts, bacon, artichoke hearts, baby spinach, sun-dried tomato, mozzarella cheese, asiago cheese, parmesan cheese, scallion",322.8,lunch,28.0,7.0,31.0
alfredo bake,"pasta, broccoli florets, mushroom, cooked chicken, alfredo sauce, garlic cloves, mozzarella cheese, parmesan cheese, butter",461.9,unknown,15.0,8.0,26.0
alfredo chicken and biscuits,"fresh broccoli, fresh carrots, onion, olive oil, cooked chicken, alfredo sauce, biscuit mix, milk, dill weed",381.8,unknown,21.0,33.0,26.0
alfredo chicken bake,"cooked chicken breasts, frozen sweet peas, swiss cheese, alfredo sauce, slivered almonds, bisquick baking mix, milk",768.7,unknown,37.0,45.0,51.0
alfredo chicken lasagna,"boneless skinless chicken breasts, fresh mushrooms, onions, garlic clove, olive oil, all-purpose flour, alfredo sauce, cottage cheese, parmesan cheese, egg, italian seasoning, dried parsley flakes, lasagna noodles, mozzarella cheese",529.4,unknown,33.0,14.0,40.0
alfredo chicken pasta toss,"rotini pasta, frozen sweet peas, carrot, vegetable oil, boneless skinless chicken breast, alfredo sauce, dried basil leaves",478.6,unknown,5.0,19.0,8.0
alfredo chicken supper,"frozen cheese ravioli, boneless chicken breast halves, olive oil, alfredo sauce, fresh mushrooms, tomatoes and green chilies, mozzarella cheese, seasoned bread crumbs",422.0,unknown,45.0,5.0,33.0
alfredo crab dip,"frozen spinach, blue crab meat, artichoke hearts, cream cheese, garlic powder, parmigiano, seasoned bread crumbs, alfredo sauce",368.4,dinner,18.0,16.0,46.0
alfredo deep dish pizza,"warm water, vegetable oil, active dry yeast, all-purpose flour, heavy cream, butter, cream cheese, parmesan cheese, garlic powder, mozzarella cheese",664.2,unknown,21.0,2.0,78.0
alfredo di roma fettucine alfredo,"pasta, unsalted butter, parmigiano-reggiano cheese",1066.7,unknown,40.0,14.0,97.0
alfredo fettuccine,"cream cheese, parmesan cheese, butter, milk, fettuccine",716.9,unknown,29.0,12.0,79.0
alfredo fettuccine a la olive garden,"cream cheese, parmesan cheese, butter, milk, nutmeg, dry fettuccine",740.1,unknown,27.0,5.0,81.0
alfredo fettuccine with chicken and broccoli,"chicken tenders, onion, red pepper, olive oil, alfredo sauce, broccoli florets, fresh ground pepper, parmesan cheese, fettuccine pasta",336.9,unknown,6.0,2.0,11.0
alfredo i know it was you  salmon w alfredo sauce  abs diet,"olive oil, part-skim ricotta cheese, 1% low-fat milk, canned salmon, whole wheat spaghetti, part-skim mozzarella cheese, salt and pepper",351.2,unknown,7.0,7.0,16.0
alfredo maui maui with crab,"butter, flour, fat-free half-and-half, parmesan cheese, minced garlic clove, pepper, canned crabmeat, olive oil, fresh basil leaf, fresh lemon juice, garlic clove, kosher salt, ground black pepper, mahi mahi fillets, basil leaves, crabmeat",418.8,dinner,27.0,12.0,34.0
alfredo noodles,"pasta, butter, heavy cream, parmesan cheese, salt and pepper",469.7,unknown,11.0,4.0,41.0
alfredo noodles mix,"instant nonfat dry milk powder, romano cheese, dried onion flakes, garlic powder, salt, white pepper",89.7,unknown,17.0,42.0,1.0
alfredo oven fried chicken,"boneless skinless chicken breasts, alfredo sauce, milk, eggs, italian seasoned breadcrumbs, flour, paprika, cayenne pepper, margarine",680.0,dinner,60.0,15.0,48.0
alfredo pasta casserole,"lean ground beef, onion, water, bay leaf, garlic clove, no yolks egg noodle substitute, spaghetti sauce, alfredo sauce, milk, parmesan cheese, salt and pepper",399.0,unknown,51.0,52.0,32.0
alfredo pasta primavera,"cream cheese, parmesan cheese, butter, milk, vegetables, fettuccine, parsley",771.2,unknown,33.0,13.0,82.0
alfredo pasta sauce,"grapeseed oil, green onion, all-purpose flour, garlic, evaporated skim milk, parmesan cheese, black pepper, salt",386.9,unknown,32.0,105.0,22.0
alfredo perfecto,"dry penne pasta, fresh broccoli, shrimp, butter, all-purpose flour, evaporated low-fat milk, low sodium chicken broth, parmesan cheese, black pepper",637.2,dinner,33.0,3.0,42.0
alfredo potato casserole,"alfredo sauce, milk, ham, swiss cheese, frozen peas, baking potatoes, parmesan cheese",469.7,dinner,31.0,20.0,23.0
alfredo potato finger fries,"fingerling potatoes, butter, garlic clove, salt, fresh ground black pepper, parmigiano-reggiano cheese",384.2,unknown,10.0,10.0,37.0
alfredo potatoes,"whipping cream, milk, garlic, salt, fresh ground black pepper, baking potatoes, swiss cheese, italian cheese blend, parmesan cheese, butter, paprika",476.7,unknown,23.0,9.0,40.0
alfredo prosciutto pizza,"pizza dough, prosciutto, green onions, alfredo sauce, fresh basil, monterey jack cheese, cornmeal",327.0,lunch,19.0,4.0,39.0
alfredo ravioli bake,"butter, boneless skinless chicken breast halves, fresh mushrooms, alfredo sauce, cheese ravioli, red bell pepper, mozzarella cheese, parmesan cheese",214.0,dinner,12.0,6.0,17.0
alfredo sauce,"butter, heavy cream, parmesan cheese, white pepper",310.9,unknown,10.0,0.0,48.0
alfredo sauce  from the pantry,"butter, cream cheese, garlic powder, milk, parmesan cheese, ground black pepper",664.7,unknown,45.0,9.0,90.0
alfredo sauce  pasta factory,"butter, cream cheese, flour, heavy whipping cream, whole milk, parmesan cheese",480.4,unknown,17.0,16.0,73.0
alfredo sauce  using soup or sauce mix,"non-fat powdered milk, cornstarch, instant chicken bouillon, dried onion flakes, italian seasoning, water, parmesan cheese, low-fat sour cream, pepper",92.3,unknown,7.0,11.0,7.0
alfredo sauce   to die for,"butter, heavy cream, parmesan cheese, pepper",516.5,unknown,25.0,1.0,80.0
alfredo sauce mix,"instant nonfat dry milk powder, cornstarch, dried onion flakes, garlic powder, salt, white pepper, parmesan cheese, butter, sour cream, milk",129.9,unknown,16.0,13.0,11.0
alfredo sauce with crab meat,"butter, all-purpose flour, half-and-half, parmesan cheese, white pepper, pepper, crabmeat, linguine",463.2,unknown,18.0,4.0,31.0
alfredo sauce with italian sausage,"italian sausage, green pepper, white onion, alfredo sauce",404.4,unknown,57.0,10.0,47.0
alfredo sauce with pasta,"butter, heavy cream, parmesan cheese, salt, pepper, noodles",1902.9,unknown,140.0,5.0,287.0
alfredo sauce,"parmesan cheese, mozzarella cheese, montasio cheese, butter, heavy cream, garlic clove, peppercorn",395.1,dinner,13.0,0.0,62.0
alfredo shrimp shells,"fresh mushrooms, butter, green onion, baby shrimp, alfredo sauce, pasta shells, lemon wedge, fresh parsley",93.2,unknown,7.0,1.0,4.0
alfredo shrimp tilapia,"tilapia fillets, alfredo sauce, shrimp, creole seasoning, sweet red pepper, olive oil, butter, garlic, romano cheese",551.0,dinner,32.0,5.0,43.0
alfredo tortellini and chicken,"chicken breasts, olive oil, garlic, alfredo sauce, cheese tortellini, pepper, fresh parmesan cheese",313.5,unknown,3.0,0.0,31.0
alfredo with angel hair pasta and chicken,"chicken breast tenders, heavy whipping cream, butter, parmesan cheese, romano cheese, cracked black pepper, angel hair pasta",1313.9,unknown,42.0,6.0,160.0
alfredo s of rome s original fettuccine alfredo,"fettuccine, unsalted butter, parmigiano-reggiano cheese",920.5,unknown,31.0,10.0,78.0
alfredo bacon  mushroom pizza  best pizza ever,"alfredo sauce, mushroom, pizza dough, bacon, mozzarella cheese",71.4,unknown,5.0,1.0,9.0
algarve oven baked codfish with cauliflower  pescada assada,"cauliflower, cod fish fillets, onion, garlic cloves, chili powder, white wine, salt, pepper, olive oil, fresh parsley",273.5,unknown,8.0,21.0,7.0
alger s homemade lithuanian kielbasa,"pork butt, stewing veal, onions, fresh garlic cloves, ground black pepper, ground allspice, salt, water, pork sausage casing",886.2,unknown,141.0,8.0,92.0
algerian  beef,"lean ground beef, onions, green bell pepper, garlic cloves, kidney beans, hominy, salt, dried basil, ground black pepper, sugar, dried oregano, red pepper flakes, water",217.0,unknown,26.0,15.0,12.0
algerian   zrodiya mcharmla    carrots with vinegar,"carrots, oil, garlic cloves, hot pepper, caraway seed, paprika, vinegar, salt and black pepper",148.3,unknown,3.0,24.0,16.0
algerian adess   traditional lentil soup   stew   family recipe,"green lentils, onion, garlic cloves, carrot, courgette, dried mint, ras el hanout spice mix, olive oil, water, lamb stock cube, salt & pepper, bicarbonate of soda, lamb, tomato puree",368.5,unknown,7.0,18.0,1.0
algerian basboussa   semolina cake with syrup,"semolina, plain flour, baking powder, unsweetened dried shredded coconut, granulated sugar, sunflower oil, lemon, yogurt, eggs, vanilla flavoring, water, orange flower water, lemon juice, whole almond",6699.1,dinner,49.0,2669.0,446.0
algerian broad beans   garlic   fves en sauce,"broad bean, fresh cilantro, garlic cloves, olive oil, paprika, cayenne, black pepper, salt, vinegar, water",277.7,unknown,47.0,0.0,16.0
algerian carrots,"carrots, hot sauce, light olive oil, garlic cloves, lemon, juice of, cumin seeds, sugar, salt, mint",189.8,unknown,21.0,55.0,11.0
algerian chicken   chickpea soup   chorba   shorba,"olive oil, chicken drumsticks, onion, garlic cloves, ras el hanout spice mix, ginger, turmeric, cinnamon, sweet paprika, chicken stock, water, canned chick-peas, canned tomatoes, preserved lemon, fresh cilantro, lemon, juice of",264.8,unknown,25.0,21.0,13.0
algerian chicken   preserved lemon bourek,"spring roll wrappers, ground chicken, brown onions, fresh cilantro, preserved lemon, ras el hanout spice mix, season-all salt, hard-boiled eggs, olive oil, plain flour, water",46.2,unknown,2.0,2.0,2.0
algerian chicken and olive stew,"olive oil, boneless skinless chicken breasts, butter, garlic cloves, saffron, cilantro, water, kalamata olives, lemon, salt & freshly ground black pepper",420.6,unknown,29.0,1.0,33.0
algerian chicken stew,"chicken broth, chicken bouillon cube, cooked chicken, onion, fresh green beans, carrots, ground cumin, basil, garlic clove, bay leaves, dried parsley, salt, pepper, tomatoes, zucchini, garbanzo beans, ground red pepper",230.9,unknown,34.0,21.0,7.0
algerian couscous,"eggplant, olive oil, onions, carrot, green bell pepper, red pepper, chicken thigh, lamb, salt, fresh ground black pepper, tomatoes, green beans, artichoke hearts, chickpeas, unsalted butter, shallots, chicken stock, couscous",775.6,unknown,21.0,42.0,53.0
algerian cucumber salad,"cucumber, red bell pepper, sweet onions, green olives, parsley, fresh mint leaves, cilantro, paprika, extra virgin olive oil, rice wine vinegar, salt, fresh ground black pepper",310.2,unknown,14.0,17.0,47.0
algerian date pudding,"dates, sugar, almonds, unsalted dry roasted peanuts, egg whites",519.5,dinner,4.0,234.0,36.0
algerian farina rolls,"active dry yeast, warm water, olive oil, farina, whole wheat flour, salt, water, sesame seeds, egg, cooking spray",88.7,unknown,3.0,0.0,3.0
algerian fish soup,"fish fillet, potatoes, green bell peppers, carrot, fennel bulb, onions, celery rib, tomato paste, water, cumin, ras el hanout spice mix, coriander, bay leaves, lemon rind, harissa, olive oil",402.6,unknown,11.0,21.0,16.0
algerian garantita   karanteta   chickpea   garbanzo souffle,"chickpea flour, water, sunflower oil, salt, black pepper, egg, cumin, harissa, french baguettes",292.2,lunch,30.0,12.0,25.0
algerian green bean and lamb tagine,"oil, boneless lamb shoulder, onion, garlic cloves, salt, fresh ground black pepper, ground cumin, cayenne pepper, saffron, water, green beans, tomatoes, parsley",787.1,unknown,31.0,25.0,91.0
algerian green beans with almonds,"fresh green beans, water, peanut oil, garlic cloves, ground cumin, paprika, ground cloves, slivered almonds",138.4,unknown,0.0,15.0,17.0
algerian haroset,"pitted prunes, dried figs, sweet red wine, cinnamon, nutmeg, confectioners' sugar",192.8,unknown,0.0,141.0,1.0
algerian harrissa    not a chilli sauce but a sweet,"ground almonds, sugar, butter, orange blossom water, cornflour, food coloring, glace cherries",87.0,dessert,0.0,30.0,7.0
algerian helouwa ta aba  lemon or sesame cookies,"plain flour, eggs, granulated sugar, baking powder, sunflower oil, lemons, zest of, egg, sesame seeds",105.2,dessert,0.0,14.0,6.0
algerian khobz el dar    semolina bread,"fine semolina, white bread flour, water, sunflower oil, yeast, egg, sugar, salt, egg yolks, sesame seeds, nigella seeds",18656.0,unknown,198.0,36.0,2770.0
algerian lamb and lentil soup,"olive oil, lean lamb, salt, pepper, chicken broth, lentils, onion, carrot, garlic clove, butter, cumin, cinnamon, orzo pasta",391.4,unknown,45.0,14.0,23.0
algerian mchewek   my traditional family recipe,"ground almonds, granulated sugar, eggs, baking powder, vanilla powder, sliced almonds, glace cherries",95.1,dessert,0.0,28.0,9.0
algerian poached eggs   chakchouka,"olive oil, cumin seed, paprika, onion, harissa, garlic cloves, tomatoes, potato, green bell pepper, red bell pepper, yellow bell pepper, chili pepper, water, kosher salt, fresh ground pepper, eggs, parsley, black olives, capers",252.8,breakfast,3.0,25.0,23.0
algerian rice salad,"vinegar, salad oil, dijon mustard, parsley, chives, green peppers, pimientos, onion, rice, salt and pepper, hard-boiled egg, mushroom, olive",487.0,dinner,0.0,5.0,42.0
algerian salad,"sweet red peppers, tomatoes, cucumber, onions, black olives, anchovy fillets, hard-boiled eggs, fresh basil, olive oil, vinegar, salt and pepper",218.4,unknown,16.0,31.0,24.0
algerian stew for couscous,"leg of lamb, carrots, yellow zucchini, chickpeas, onion, salt, ras el hanout spice mix, curry powder, cumin, ground coriander, water, oil",235.8,unknown,34.0,35.0,18.0
algerian stew with white beans   barboucha,"tripe, yellow onions, garlic, green peppers, black pepper, cumin, paprika, white beans, salt, cilantro, tomatoes",125.2,unknown,2.0,15.0,3.0
algerian stuffed dates,"dates, green food coloring, marzipan, powdered sugar",20.8,dinner,0.0,18.0,0.0
algerian tli tli b djedj   pasta with chicken,"whole chicken, canned chick-peas, ghee, black pepper, cinnamon, tomato puree, onions, garlic clove, ras el hanout spice mix, salt, eggs, orzo pasta, chicken stock cube, olive oil",918.7,unknown,19.0,13.0,67.0
algerian vegetable couscous,"olive oil, onion, mushrooms, carrot, garlic cloves, cumin, ground coriander, lemon, zest of, lemon, juice of, raisins, chicken stock, couscous",226.5,unknown,3.0,40.0,8.0
algonquin bar punch,"lemons, rind of, superfine sugar, fresh raspberries, sloe gin, fresh lemon juice, dark jamaican rum, ice cubes, ice, brut champagne, lemon slice",139.1,dinner,0.0,31.0,0.0
ali baba s oven fries,"potatoes, garlic powder, ground cumin, ground fenugreek, ground cinnamon, ground cayenne pepper, black pepper, salt, olive oil, fresh lemon juice",398.9,lunch,25.0,15.0,11.0
ali vincent s mango quinoa salad,"quinoa, mango, cilantro, black beans, red bell pepper, green onions, red wine vinegar, olive oil, fresh lime juice",383.4,unknown,0.0,35.0,16.0
ali s balsamic strawberries,"strawberry, sugar, balsamic vinegar",48.6,dessert,0.0,33.0,0.0
ali s banana cakes,"flour, sugar, baking powder, eggs, bananas, baking soda, milk, butter",250.9,dessert,8.0,94.0,12.0
ali s chicken and sausage gumbo,"chicken breasts, smoked sausage, zucchini, carrots, green pepper, celery, crushed tomatoes, onion, garlic cloves, chicken broth, cajun spices, marjoram, basil",263.0,unknown,37.0,17.0,24.0
ali s dill pickle deviled eggs,"hard-boiled egg, mayonnaise, yellow mustard, relish, salt, paprika",159.3,unknown,17.0,11.0,18.0
ali s fried rice,"eggs, vegetable shortening, onion, celery, carrot, garlic cloves, cooked rice, ground ginger, soy sauce",279.3,dinner,44.0,11.0,19.0
ali s real crab crab dip  hot or cold,"canned crabmeat, cream cheese, cayenne pepper, garlic, onion powder, black pepper",122.1,dinner,7.0,3.0,15.0
alice chicken,"boneless skinless chicken breasts, worcestershire sauce, bacon, butter, fresh mushrooms, green onion, monterey jack cheese, honey mustard dressing",565.7,dinner,37.0,10.0,62.0
alice in wonderland,"southern comfort, amaretto, grand marnier, lime juice",82.0,dinner,0.0,0.0,0.0
alice medrich s peanut butter cookies,"all-purpose flour, baking soda, unsalted butter, light brown sugar, granulated sugar, salt, egg, vanilla extract, chunky peanut butter",116.9,dessert,4.0,26.0,11.0
alice medrich s real chocolate wafers,"all-purpose flour, cocoa powder, baking soda, salt, unsalted butter, dark brown sugar, sugar, vanilla, low-fat milk",52.7,dessert,1.0,23.0,2.0
alice medrich s tiger cake,"cocoa powder, sugar, water, all-purpose flour, baking powder, salt, extra virgin olive oil, vanilla, white pepper, eggs, milk",487.7,unknown,6.0,167.0,33.0
alice pike s famous brownies,"butter, sugar, cocoa powder, eggs, vanilla, flour, baking powder, salt, icing sugar, milk",395.5,dessert,9.0,185.0,29.0
alice snelling s easy chili,"ground beef, onion, garlic clove, olive oil, tomatoes, chili powder, beans",286.1,unknown,3.0,24.0,26.0
alice springs chicken,"chicken breasts, marbled cheddar and swiss cheese, mushroom, bacon, honey mustard dressing",289.9,unknown,6.0,1.0,26.0
alice springs chicken quesadillas,"dijon mustard, honey, canola oil, lemon juice, boneless skinless chicken breasts, vegetable oil, sliced mushrooms, butter, salt, pepper, bacon, mexican blend cheese, tortilla",1033.7,lunch,104.0,301.0,90.0
alice s baked chicken breast,"chicken breasts, monterey jack cheese, cream of chicken soup, pepperidge farm herb stuffing, butter",1503.4,unknown,94.0,21.0,156.0
alice s basic fruit smoothies,"frozen unsweetened strawberries, unsweetened frozen blueberries, low-fat vanilla yogurt, reduced-fat milk, splenda granular, pure vanilla extract",156.7,lunch,1.0,90.0,2.0
alice s brownies,"sugar, margarine, eggs, flour, chocolate syrup, milk, chocolate chips, vanilla",6165.3,dessert,157.0,2796.0,383.0
alice s cheesecake,"graham crackers, butter, egg yolks, gelatin, egg whites, crushed pineapple, milk, real vanilla, white sugar, cream cheese, whipped cream, water, maraschino cherry",4566.9,dinner,136.0,1417.0,423.0
alice s chicken pot pie,"stewing chicken, salt, pepper, celery, onion, thyme, savory, bay leaf, carrot, white onions, unsalted butter, mushroom, flour, milk, chicken broth, fresh lemon juice, fresh parsley",948.4,unknown,59.0,54.0,101.0
alice s chocolate chip cookies,"shortening, brown sugar, white sugar, vanilla, eggs, flour, baking soda, salt, nuts, semi-sweet chocolate chips",181.1,dessert,5.0,55.0,16.0
alice s doughnuts,"eggs, sugar, milk, shortening, vanilla extract, flour, baking powder, salt, butter",107.3,unknown,3.0,20.0,6.0
alice s fondant filling for chocolates,"sugar, cream, light karo syrup",63.5,dessert,0.0,44.0,3.0
alice s french canadian meat pie   tourtiere,"ground beef, ground pork, potatoes, salt, pepper, allspice, ground cloves, poultry seasoning, thyme, sage, butter, ready-made pie crusts",3471.7,unknown,140.0,16.0,323.0
alice s nanaimo bars,"butter, cocoa, granulated sugar, egg, vanilla, graham cracker crumbs, nuts, coconut, icing sugar, custard powder, heavy cream, semi-sweet chocolate baking squares",100.7,dessert,2.0,32.0,9.0
alice s olympian cream chocolates,"sugar, cream, light karo syrup, cold water, dipping chocolate, peanuts",67.8,dessert,0.0,55.0,1.0
alice s pie crust,"flour, lard, sugar, salt, egg, vinegar",1524.5,dinner,25.0,14.0,161.0
alice s pistachio streusel cake  no frost,"yellow cake mix, instant pistachio pudding mix, eggs, sour cream, vegetable oil, cinnamon, sugar, walnuts",4688.4,dessert,156.0,1429.0,393.0
alice s pumpkin risotto,"garlic clove, yellow onion, vegetable oil, arborio rice, water, sugar pumpkin, chicken bouillon cube, nutmeg, gorgonzola, parmesan cheese",232.6,unknown,14.0,3.0,5.0
alice s restaurant pork burritos,"ground lean pork, fresh gingerroot, garlic, onion, coleslaw mix, sesame oil, low sodium soy sauce, lime juice, honey, ground coriander, crushed red pepper flakes, flour tortillas, fresh cilantro",711.2,lunch,51.0,35.0,52.0
alice s zucchini cheese casserole,"zucchini, onion, garlic clove, butter, flour, salt, evaporated milk, sour cream, cheddar cheese",255.2,unknown,32.0,20.0,29.0
alicha  ethiopian stew,"vegetable oil, red onions, garlic, new potatoes, carrots, cabbage, chili peppers, salt and pepper, nutmeg, cardamom, parsley, basil",259.2,unknown,3.0,46.0,8.0
alicia s deviled eggs,"eggs, reduced-fat mayonnaise, spicy brown mustard, pepper, salt, pickle juice",53.8,unknown,4.0,1.0,6.0
alicia s guacamole  allergy friendly,"avocados, key lime juice, lime juice, pico de gallo, garlic powder, sugar, coriander, vegan mayonnaise",489.9,lunch,0.0,13.0,68.0
alicia s jambalaya,"white rice, water, beef sausage, red onion, garlic cloves, jalapeno, worcestershire sauce, seasoning salt, black pepper, extra virgin olive oil",452.1,unknown,61.0,17.0,30.0
alicia s marinade,"steaks, worcestershire sauce, italian salad dressing, garlic powder, onion powder, seasoning salt, cracked pepper, liquid smoke flavoring",83.4,unknown,29.0,37.0,0.0
alicia s potato soup   2 ww points per serving,"water, potatoes, celery, milk, salt, white pepper, green onions",165.6,lunch,13.0,6.0,2.0
alicia s vashon pasta salad,"olives, pasta, yellow bell pepper, roasted red peppers, artichokes, garlic cloves, all purpose greek seasoning, parmesan cheese, olive oil, basil",441.7,unknown,22.0,4.0,32.0
alien pancakes,"bisquick baking mix, egg, milk",82.7,breakfast,7.0,7.0,5.0
alien urine sample  halloween cocktail,"ice, banana liqueur, midori melon liqueur, peach liqueur, coconut rum, blue curacao, soda water",65.1,dinner,0.0,0.0,0.0
aligot,"potatoes, garlic, butter, lancashire cheese, salt and pepper",266.8,lunch,3.0,7.0,15.0
alino spice for chilean recipes,"dried thyme, dried rosemary, dried oregano, dried sage, dried mint, dried lemon balm leaves, dried marjoram, dried tarragon",3.0,unknown,0.0,0.0,0.0
alioli   spanish style,"egg, garlic cloves, olive oil, lemon juice, salt",1435.6,unknown,51.0,4.0,240.0
alioli de limon  garlic mayonnaise with lemon,"lemon zest, fresh lemon juice, garlic, mayonnaise, salt, fresh ground black pepper",937.0,unknown,118.0,65.0,121.0
alisa s amazing frosted brownies,"flour, sugar, cocoa, eggs, margarine, milk, powdered sugar, vanilla",566.5,dessert,14.0,213.0,45.0
alison holst s hot cross buns,"active dry yeast, flour, brown sugar, salt, milk, boiling water, butter, egg, mixed fruit, mixed spice, cinnamon, oil, water, sugar",142.7,unknown,7.0,21.0,4.0
alison s colcannon,"potatoes, butter, nonfat sour cream, cabbage, green onion, garlic cloves, salt and pepper",262.5,unknown,4.0,27.0,12.0
alissa cohen s broccoli soup  raw foods,"water, raw cashews, honey, broccoli, avocado, garlic clove, olive oil, onion, sea salt, cumin, black pepper",328.9,unknown,25.0,17.0,41.0
aliya s grilled cheese eggs benedict,"white bread, honey-roasted ham, cheddar cheese, butter, eggs, lemon juice, water, salt, ground nutmeg",1207.7,breakfast,75.0,15.0,171.0
all aboard  snickerdoodle train,"flour, sugar, baking powder, baking soda, salt, cinnamon, butter, sour cream, eggs, vanilla, almond extract, vegetable shortening, powdered sugar, milk, candy, candy sprinkles, food coloring, decorator sugar, black licorice",1086.6,dinner,22.0,509.0,88.0
all about the heart salad,"romaine lettuce hearts, hearts of palm, cherry tomatoes, orange juice, orange zest, fresh lemon juice, extra virgin olive oil, fresh basil leaves, salt and pepper",322.8,unknown,13.0,39.0,34.0
all about the oatmeal cookies,"butter, brown sugar, granulated sugar, egg, vanilla, flour, baking soda, cinnamon, salt, oats, raisins",234.9,dessert,7.0,43.0,17.0
all american apple pie,"sugar, all-purpose flour, ground cinnamon, ground nutmeg, red delicious apples, butter, vanilla extract, refrigerated pie crusts",390.3,dessert,15.0,78.0,31.0
all american burgers,"lean ground beef, ketchup, seasoning, worcestershire sauce, american cheese, hamburger buns, cooked bacon",492.0,lunch,43.0,25.0,38.0
all american cheeseburger pizza,"cooked ground beef, ketchup, mustard, caramelized onion, cheddar cheese, mozzarella cheese, tomatoes, dill pickle slices, pizza dough, romaine lettuce, thousand island dressing, onion, kosher salt, vegetable oil, fresh ground black pepper, sugar",151.1,unknown,24.0,23.0,16.0
all american cheeseburgers,"ground beef, salt, pepper, catsup, garlic powder, process american cheese, tomatoes, bermuda onions, hamburger buns",469.0,lunch,56.0,25.0,39.0
all american chicken fried steak with cream gravy,"all-purpose flour, salt and pepper, cayenne pepper, buttermilk, egg, baking powder, baking soda, cube steaks, vegetable oil, onion, dried thyme, garlic cloves, flour, chicken broth, whole milk, salt, pepper",1617.3,unknown,25.0,28.0,230.0
all american chili,"ground sirloin, hot italian sausage, onion, red bell pepper, garlic cloves, jalapeno pepper, chili powder, brown sugar, ground cumin, tomato paste, dried oregano, fresh ground pepper, salt, bay leaves, merlot, diced tomatoes, kidney beans, pinto beans, sharp cheddar cheese",367.0,unknown,38.0,46.0,21.0
all american chili  mccormick,"lean ground beef, onion, chili powder, cumin, garlic salt, oregano leaves, kidney beans, diced tomatoes, low-sodium tomato sauce",294.1,unknown,21.0,32.0,16.0
all american club,"mayonnaise, dijon-style mustard, whole wheat bread, lettuce leaves, american cheese, ham, tomatoes, turkey breast, cooked bacon",801.1,lunch,91.0,31.0,71.0
all american county fair prize winning chili,"tomatoes, tomato sauce, tomato paste, water, onion, garlic cloves, celery, green pepper, sweet red pepper, chili peppers, jalapeno peppers, zucchini, eggplant, baby carrots, button mushrooms, frozen corn, steak, ground beef, dark red kidney beans, black turtle beans, lentils, oregano, basil, nutmeg, cinnamon, black pepper, cocoa powder",154.8,unknown,11.0,23.0,5.0
all american fruit pie,"butter, sugar, flour, nutmeg, ginger, sour cream, fruit salad",472.2,dessert,5.0,125.0,36.0
all american hamburgers,"lean ground beef, hamburger buns, pepper, garlic powder, dried parsley, dried onion flakes, powdered milk, beef bouillon",513.8,lunch,20.0,83.0,34.0
all american jambalaya,"butter, ground beef, onion, green pepper, tomatoes, bay leaf, salt, sugar, minute rice",319.0,unknown,19.0,18.0,24.0
all american jello salad,"raspberry gelatin powder, berry blue gelatin mix, boiling water, crushed pineapple, unsweetened blueberries, unsweetened raspberry, banana",197.0,lunch,7.0,169.0,0.0
all american macaroni and cheese,"elbow macaroni, butter, cheese, egg, evaporated milk",766.9,dinner,39.0,8.0,62.0
all american molasses baked beans,"white beans, bay leaves, onion, salt pork, ketchup, dark brown sugar, molasses, dry mustard, fresh ground black pepper",313.0,unknown,20.0,114.0,18.0
all american olive burgers,"ripe olives, lean ground beef, onion, seasoned dry bread crumbs, garlic salt, light mayonnaise, diced tomato, hamburger buns",458.1,lunch,31.0,17.0,33.0
all american ranch spinach shrimp pizza  rsc,"pizza dough, oil, hidden valley original ranch dressing and seasoning mix, olive oil, shallot, baby spinach, roasted garlic cloves, sun-dried tomatoes packed in oil with herbs, shrimp, smoked paprika, cracked black pepper, oregano, cheese, parmesan cheese, sour cream",425.2,unknown,44.0,9.0,49.0
all american steak sandwich,"sour cream, mayonnaise, fresh basil, vegetable oil, fingerling potatoes, kosher salt, butter, garlic cloves, rolls, swiss cheese, green bell pepper, sweet onion, beef tips, salt and black pepper, portabella mushroom",770.3,lunch,24.0,23.0,93.0
all american tuna sandwiches,"american cheese, tuna, sweet pickles, onions, hardboiled egg, green peppers, stuffed olives, miracle whip, hot dog buns",318.5,lunch,25.0,23.0,22.0
all american wraps,"bacon, flour tortillas, bacon dip, lettuce leaves, cooked turkey breast, tomatoes",393.2,lunch,25.0,8.0,35.0
all around marinade,"oil, garlic salt, prepared mustard, worcestershire sauce, hot sauce, lemon juice, soy sauce, italian dressing, sherry wine, garlic",1172.2,unknown,125.0,44.0,180.0
all beef swedish meatballs,"ground beef, onions, butter, eggs, salt, pepper, ground allspice, ground nutmeg, plain breadcrumbs, flour, milk, water, beef bouillon cubes, wide egg noodles",1287.2,unknown,55.0,18.0,109.0
all bran apple cake,"all-purpose flour, whole wheat flour, baking soda, salt, cinnamon, nutmeg, margarine, sugar, eggs, apples, kellogg's all-bran cereal",353.1,dessert,26.0,131.0,20.0
all bran banana bread,"all-bran cereal, whole wheat flour, baking powder, bicarbonate of soda, 1% low-fat milk, caster sugar, egg, water, banana",109.0,breakfast,5.0,52.0,1.0
all bran muffins,"all-bran cereal, skim milk, flour, sugar, baking powder, cinnamon, unsweetened applesauce, egg white, raisins",126.1,unknown,7.0,37.0,1.0
all bran pancake,"egg whites, all-bran cereal, cinnamon, splenda sugar substitute, pam cooking spray",149.2,breakfast,12.0,23.0,2.0
all butter english flapjacks,"butter, light brown sugar, golden syrup, oats, salt",177.0,dessert,3.0,40.0,12.0
all butter pie crust,"unbleached all-purpose flour, cake flour, baking powder, salted butter, ice water",1331.1,dessert,35.0,1.0,143.0
all butter pie crust   pastry,"unbleached all-purpose flour, table salt, granulated sugar, unsalted butter, sour cream, ice water",360.6,dessert,12.0,7.0,37.0
all canadian turkey cheeseburger,"lean ground turkey, red onion, green bell pepper, ketchup, brown mustard, salt, thyme, canola oil, low-fat cheddar cheese, tomatoes, lettuce leaves, hamburger buns",376.6,unknown,34.0,30.0,24.0
all chocolate boston cream pie,"all-purpose flour, sugar, butter, water, cocoa, eggs, buttermilk, baking soda, pure vanilla extract, instant chocolate pudding mix, milk, frozen whipped topping, half-and-half, confectioners' sugar",591.4,dinner,17.0,210.0,48.0
all clammed up clam chowder,"bacon, onion, flour, salt, pepper, clams, clam juice, powdered milk, water, potatoes, parsley",329.7,unknown,25.0,28.0,13.0
all day beef stew,"beef stew meat, carrots, onion, celery, potatoes, turnip, whole tomatoes, thyme, oregano, salt, low-sodium beef bouillon cube, water",196.6,unknown,6.0,24.0,5.0
all day macaroni   cheese,"elbow macaroni, sharp cheddar cheese, evaporated milk, milk, eggs, salt, pepper",888.5,unknown,60.0,9.0,77.0
all day macaroni and cheese,"elbow macaroni, evaporated milk, milk, eggs, salt, black pepper, sharp cheddar cheese",438.4,unknown,30.0,3.0,38.0
all day mushrooms,"button mushrooms, butter, burgundy wine, worcestershire sauce, garlic, dried dill, pepper, chicken bouillon cubes, beef bouillon cubes",198.0,unknown,18.0,13.0,18.0
all day pea soup  crock pot,"dried split green peas, onion, carrot, celery, bay leaf, chicken stock, kosher salt, black pepper, bouquet garni, andouille sausages",548.7,unknown,32.0,72.0,8.0
all day ravioli stew,"carrots, onion, chicken broth, italian-style diced tomatoes, cannellini beans, dried basil, sausage-filled ravioli",224.1,unknown,46.0,50.0,3.0
all day roast,"pork roast, dry ranch dressing mix, italian salad dressing mix, brown gravy mix, water, carrot, potato",55.5,unknown,30.0,0.0,2.0
all day slow cooker chicken,"frozen orange juice, chicken stock, salt, pepper, tomato paste, soy sauce, brown sugar, garlic, allspice, chicken, mushroom, margarine, mandarin orange sections, bell pepper, ground ginger, cornstarch, milk, water",426.5,dinner,37.0,57.0,38.0
all day soup,"beef flank steak, onion, olive oil, carrots, cabbage, red potatoes, celery ribs, diced tomatoes, beef broth, condensed tomato soup, sugar, italian seasoning, dried parsley flakes",345.0,unknown,26.0,48.0,16.0
all day spaghetti and meatballs,"tomatoes, tomato sauce, tomato paste, water, sugar, garlic clove, onion, dried basil, parmesan cheese, olive oil, salt and pepper, baking soda, meatballs, ground chuck, egg, bread, oregano",445.3,unknown,39.0,57.0,38.0
all fruit  popsicles  melons and berries,"cantaloupe, honeydew melon, strawberries",15.9,lunch,0.0,13.0,0.0
all gone onion burgers,"ground round, dry onion soup mix, beef bouillon cubes, granulated garlic, lemon pepper, salt, cayenne pepper, beer, hamburger buns",413.6,lunch,24.0,11.0,37.0
all grown up chewy chocolate chip cookies,"unsalted butter, light brown sugar, granulated sugar, golden syrup, egg, vanilla extract, instant malted milk powder, instant espresso powder, all-purpose flour, salt, baking powder, baking soda, bittersweet chocolate chips",3229.4,dessert,74.0,624.0,330.0
all hallows eve soup,"navel orange, olive oil, onions, carrots, salt, black pepper, dried marjoram, plum tomatoes, tomato paste, brown sugar, nonfat chicken broth, dried red lentils, parsley",209.7,unknown,31.0,46.0,3.0
all i want is meat and potatoes sirloin,"roast, salt, fresh ground black pepper, olive oil, sweet onions, dried thyme, beef broth, worcestershire sauce, yukon gold potatoes, unsalted butter, all-purpose flour",846.3,unknown,27.0,29.0,30.0
all in one breakfast,"onion, eggs, bacon, sausage, bell pepper, cheddar cheese, hash browns",672.5,breakfast,47.0,8.0,83.0
all in one breakfast casserole,"eggs, salt, pepper, bacon, prepared stuffing, hash brown potatoes, cheese",940.5,breakfast,78.0,9.0,111.0
all in one corn and beef dish,"light olive oil, garlic, onion, green pepper, ground sirloin, no-salt-added diced tomatoes, whole kernel corn, salt substitute, chili powder, macaroni",432.1,lunch,18.0,44.0,33.0
all in one pan cake  aka wacky cake,"all-purpose flour, unsweetened cocoa, sugar, salt, baking soda, water, canola oil, vanilla extract, cider vinegar",257.9,dessert,11.0,100.0,15.0
all in one pork chops bake,"pork chops, shake-n-bake for pork, potato, italian dressing, barbecue sauce, mozzarella cheese",520.4,unknown,51.0,12.0,36.0
all in one pot saucy pasta,"extra lean ground beef, onion, rotini pasta, water, spaghetti sauce, fresh mushrooms, red pepper, part-skim mozzarella cheese",696.0,unknown,34.0,54.0,28.0
all in one warm artichoke bread dip,"monterey jack cheese, cheddar cheese, kraft 100% parmesan cheese, onion, garlic, artichoke hearts, mayonnaise, sourdough bread",1486.1,unknown,134.0,33.0,103.0
all meat casserole,"beef gravy, skirt steaks, plain flour, sugar, tomato sauce, malt vinegar, pepper, salt, ground ginger, dry mustard, curry powder, mixed spice, beef stock",2046.6,unknown,81.0,10.0,156.0
all mixed up bacon cheese burgers,"lean ground beef, worcestershire sauce, cheddar cheese, cooked bacon",325.4,unknown,23.0,7.0,31.0
all most mashed potatoes,"cauliflower, chicken stock, butter, salt and pepper, garlic, onion powder",94.9,unknown,8.0,15.0,7.0
all natural carrot dogs,"carrots, rice vinegar, water, sesame oil, soy sauce, garlic powder, liquid smoke, pepper",61.1,unknown,22.0,12.0,5.0
all natural granola bars,"honey, smooth peanut butter, rolled oats, ground pecans, whole wheat flour, ground cinnamon, nuts",257.7,breakfast,5.0,62.0,20.0
all natural hot chocolate mix,"non-fat powdered milk, icing sugar, cocoa, cornstarch, salt",429.1,unknown,21.0,284.0,2.0
all pro appetizer,"potatoes, frozen chopped spinach, eggs, nutmeg, cayenne pepper, monterey jack pepper cheese, flour, salt and pepper",63.6,unknown,1.0,1.0,3.0
all pumpkins  night stew,"canola oil, garlic clove, onions, beef stew meat, salt, pepper, caraway seeds, all-purpose flour, beef broth, bay leaves, white sugar, nutmeg, potatoes, carrots, cornstarch, water, fresh parsley",466.6,unknown,25.0,13.0,44.0
all purpose barbecue rub,"coarse salt, dark brown sugar, sweet paprika, fresh ground black pepper",427.6,dinner,1573.0,298.0,8.0
all purpose bbq rub,"coarse salt, brown sugar, mustard powder, chili powder, paprika, cayenne, fresh ground black pepper",280.1,unknown,1192.0,71.0,16.0
all purpose blueberry sauce,"fresh blueberries, water, honey, lemon juice, cinnamon, nutmeg, cornstarch",177.6,dessert,0.0,162.0,0.0
all purpose bread stuffing,"dry bread, ground sage, salt, black pepper, celery, onion, egg, water, chicken soup base",71.6,unknown,19.0,3.0,6.0
all purpose chicken   broth from the crock pot,"onion, carrot, celery rib, chicken, chicken broth",510.5,unknown,9.0,5.0,53.0
all purpose cole slaw,"coleslaw mix, milk, white vinegar, sugar, mayonnaise, green bell pepper",160.9,unknown,9.0,34.0,15.0
all purpose crab stuffing,"green onion, roasted red peppers, crabmeat, fresh breadcrumb, egg, old bay seasoning, mayonnaise, fresh parsley, paprika",434.1,unknown,68.0,20.0,27.0
all purpose dinner crepes batter,"eggs, salt, flour, milk, butter",140.2,breakfast,4.0,0.0,9.0
all purpose freezer meatballs,"ground beef, yellow onion, panko breadcrumbs, egg, powdered ginger, allspice, molasses, salt",113.2,lunch,2.0,6.0,9.0
all purpose gluten free flour,"rice flour, potato starch, tapioca flour, xanthan gum",512.5,unknown,0.0,5.0,2.0
all purpose gluten free flour mix,"rice flour, cornstarch, tapioca flour, xanthan gum",1481.8,unknown,0.0,1.0,6.0
all purpose greek seasoning,"dried oregano, dried mint, dried thyme, dried basil, dried marjoram, dried onion, dried garlic",146.1,unknown,1.0,14.0,3.0
all purpose green tea sauce,"hot water, matcha green tea powder, fresh chives, extra virgin olive oil, lemon juice, low sodium soy sauce, honey, minced ginger, red chili pepper, garlic cloves, salt",20.1,unknown,1.0,2.0,2.0
all purpose ground beef mixture  also oamc,"ground beef, onions, green peppers, red peppers, bell peppers",1012.5,lunch,12.0,15.0,104.0
all purpose ground meat mix,"ground beef, celery, garlic clove, onions, green pepper, pepper, salt",420.3,unknown,5.0,5.0,43.0
all purpose hawaiian marinade,"unsweetened pineapple juice, soy sauce, dry sherry, rice vinegar, brown sugar, fresh gingerroot, sesame oil, garlic cloves, green onions, garlic salt, chinese five spice powder, red pepper flakes, black pepper, meat",192.6,unknown,112.0,67.0,1.0
all purpose house seasoning,"kosher salt, cracked black pepper, instant minced onion, celery seed, instant minced garlic, old bay seasoning",1.2,unknown,90.0,0.0,0.0
all purpose marinade mixture,"good seasons italian dressing, wine, water",39.6,unknown,0.0,1.0,0.0
all purpose marinade mop dipping sauce,"beef brisket, beef stock, red wine vinegar, worcestershire sauce, dried chipotle powder, onion powder, garlic powder, brown sugar, cumin powder, oil, bourbon, marinade, beer, tomato sauce, white vinegar, catsup, mustard powder, garlic cloves",940.7,unknown,23.0,34.0,116.0
all purpose quiche,"eggs, cheese, milk, vegetables",959.2,unknown,68.0,4.0,100.0
all purpose quick mix with 28 variations,"whole wheat flour, flour, baking powder, salt, butter",529.3,unknown,36.0,1.0,37.0
all purpose quick spaghetti sauce,"lean ground beef, onions, garlic, tomato paste, tomatoes, dried oregano, dried basil, dried thyme, fresh ground pepper",196.0,lunch,11.0,33.0,12.0
all purpose relish,"green bell pepper, onions, water, garlic, salt, tomato sauce, catsup, sugar, oregano",252.3,unknown,72.0,157.0,1.0
all purpose salt free seasoning,"onion powder, garlic powder, paprika, dry mustard, dried basil, pepper, celery seed, ground coriander, nutmeg",560.1,unknown,2.0,131.0,23.0
all purpose seasoning salt,"kosher salt, granulated garlic, granulated onion, ground black pepper",294.4,unknown,1180.0,11.0,2.0
all purpose spray cleaner   dr  oz  show,"borax, white vinegar, tap water, liquid dish soap",9.4,unknown,0.0,0.0,0.0
all purpose sun dried tomato sauce,"onions, garlic clove, red chile, sun-dried tomatoes, tomatoes, olive oil, sugar, tomato paste, vegetable broth, salt, pepper",1.9,unknown,0.0,0.0,0.0
all recipes white chocolate blondies,"white chocolate, vanilla extract, butter, all-purpose flour, eggs, salt, white sugar, semi-sweet chocolate chips",320.9,dessert,9.0,98.0,29.0
all saints summer supper maryland crab cakes,"crabmeat, egg, worcestershire sauce, mustard powder, dried parsley, salt, black pepper, old bay seasoning, breadcrumbs, mayonnaise",107.1,dinner,25.0,4.0,5.0
all season bread,"flour, baking soda, salt, baking powder, cinnamon, eggs, white sugar, vegetable oil, real vanilla, raw carrots, raisins, walnuts",198.8,unknown,18.0,70.0,11.0
all seasons grilled steak,"steak seasoning, balsamic vinegar, olive oil, ground mustard, boneless sirloin",359.6,unknown,4.0,4.0,25.0
all seasons potatoes,"red potatoes, butter, onion, cheddar cheese, sour cream, oregano, salt, garlic",391.6,unknown,8.0,10.0,35.0
all the frills egg sandwiches,"eggs, onion, cooked ham, hot pepper sauce, salt, pepper, butter, bread",235.3,lunch,22.0,10.0,12.0
all the greens tossed salad,"endive, iceberg lettuce, spinach, romaine lettuce, kirby cucumbers, green onion, frozen peas, alfalfa sprout, green olives, italian parsley, olive oil, red wine vinegar, salt, cracked pepper, sugar, oregano, garlic clove",518.4,lunch,19.0,35.0,68.0
all time favourite rajma burgers,"rajma, cilantro, onion, pomegranate seeds, salt, oil, garlic, buns, green chili, bread, tomatoes",1089.2,breakfast,125.0,83.0,23.0
all to myself cheesecake,"oreo cookies, cream cheese, sugar, vanilla, eggs, chocolate chips, shortening",268.5,dessert,8.0,72.0,28.0
all white bean salad,"cannellini beans, navy beans, green onion, italian parsley, celery, balsamic vinegar, olive oil, fresh ground pepper",162.0,dinner,12.0,12.0,6.0
all you can eat lower carb diet soup,"vegetable oil, celery ribs, onions, salt, pepper, garlic clove, tomato juice, chicken bouillon cubes, water, dry onion soup mix, balsamic vinegar, cauliflower, zucchini, cabbage, fresh spinach leaves, frozen cut green beans",69.4,unknown,23.0,23.0,2.0
all american apple pie,"all-purpose flour, sugar, salt, unsalted butter, vegetable shortening, ice water, golden brown sugar, lemon juice, lemon peel, ground cinnamon, ground ginger, ground nutmeg, granny smith apples, milk",428.3,dessert,7.0,127.0,29.0
all american apple pie spread,"cream cheese, apple juice, brown sugar, apple pie spice, apple, pecans",60.9,unknown,1.0,10.0,7.0
all american baked beans,"dried navy beans, smoked bacon, onion, garlic cloves, dark brown sugar, ketchup, maple syrup, dark molasses, worcestershire sauce, salt, fresh ground black pepper",526.5,unknown,52.0,239.0,15.0
all american bbq  bacon cheeseburgers,"barbecue sauce, lean ground beef, american cheese, kaiser rolls, lettuce leaves, tomatoes, sweet onions, bacon",507.9,unknown,35.0,41.0,32.0
all american beef burgers,"lean ground beef, quick-cooking oats, paprika, salt, pepper, cumin, dried hot pepper, tomato sauce, egg",246.8,lunch,6.0,2.0,20.0
all american beef chili with kidney beans,"vegetable oil, onions, red bell pepper, garlic cloves, chili powder, ground cumin, ground coriander, red pepper flakes, dried oregano, cayenne pepper, ground beef, dark red kidney beans, diced tomatoes, tomato puree, salt, limes",411.5,unknown,6.0,32.0,27.0
all american burgers,"85% lean ground beef, sharp cheddar cheese, bacon, yellow mustard, worcestershire sauce, table salt, ground black pepper",690.9,unknown,41.0,1.0,85.0
all american cheese bread,"italian bread, butter, poppy seed, garlic salt, cheddar cheese, monterey jack cheese, fresh parsley",396.1,unknown,26.0,2.0,39.0
all american cheeseburger chowder,"extra lean ground beef, bacon, potatoes, onion, celery, green bell pepper, salt, water, reduced-fat milk, unbleached all-purpose flour, cheddar cheese",392.0,unknown,25.0,26.0,34.0
all american chewy chocolate chip cookies,"all-purpose flour, baking soda, salt, unsalted butter, granulated sugar, light brown sugar, egg yolk, vanilla extract, water, semi-sweet chocolate chips",1824.4,dessert,21.0,668.0,138.0
all american cowboy salad,"corn kernels, cooked ham, tomatoes, monterey jack cheese, red onion, low-fat ranch dressing, parsley, boston lettuce, smoked almonds",547.2,unknown,27.0,22.0,52.0
all american fruit smoothies,"apricot nectar, plain yogurt, bananas, strawberry, honey",153.2,breakfast,0.0,110.0,2.0
all american grilled cheese with a twist,"white bread, sharp cheddar cheese, plum tomatoes, fresh basil, cooking spray",367.0,lunch,28.0,13.0,31.0
all american hamburgers,"85% lean ground beef, dry onion soup mix, worcestershire sauce, american cheese, barbecue sauce, buns, lettuce, pickle, tomatoes, cooked bacon",435.4,lunch,33.0,20.0,34.0
all american hot dish,"lean ground beef, onion, whole kernel corn, tomato sauce, ripe olives, noodles, water, oregano leaves, salt, pepper, cheddar cheese",303.9,unknown,25.0,10.0,23.0
all american loaded burgers,"dry breadcrumbs, onion, italian salad dressing, eggs, ground beef, kaiser rolls, lettuce, cheese slice, tomatoes, ketchup, mustard, french fried onion rings",650.3,dinner,37.0,17.0,51.0
all american macaroni   cheese,"macaroni, butter, onion, garlic clove, flour, milk, black pepper, extra-sharp cheddar cheese, sharp cheddar cheese, mild cheddar cheese",374.3,unknown,14.0,5.0,33.0
all american pancakes,"eggs, milk, vegetable oil, all-purpose flour, sugar, baking powder, salt",300.9,breakfast,28.0,17.0,21.0
all american pizza crust,"all-purpose flour, fast rise yeast, salt, water, vegetable oil",124.4,unknown,12.0,0.0,4.0
all american potato salad,"red potatoes, white vinegar, dijon mustard, canola oil, sweet onion, celery, salt, pepper",272.9,unknown,8.0,14.0,22.0
all american sloppy joes  vegetarian,"olive oil, onion, celery, boiling water, tomato sauce, mild chili powder, dried mustard, brown sugar, textured vegetable protein, salt, molasses, cider vinegar, hamburger buns",88.5,lunch,25.0,44.0,4.0
all american sub,"bread, turkey, ham, salami, american cheese, swiss cheese, lettuce leaf, tomatoes, yellow sweet onion, mayonnaise, honey mustard, salt & fresh ground pepper",386.7,lunch,48.0,16.0,25.0
all american turkey   apple picnic sandwich,"turkey breast, cheddar cheese, honey mustard, granny smith apple, potato bread",364.1,lunch,10.0,57.0,27.0
all bran apple oatmeal,"water, rolled oats, all-bran cereal, cinnamon, salt, walnuts, apple, milk",255.9,breakfast,11.0,64.0,8.0
all bran muffins master mix,"all-bran cereal, buttermilk, vegetable oil, brown sugar, eggs, salt, flour, baking soda, cinnamon, nuts, fruit",369.9,breakfast,23.0,94.0,24.0
all bran muffins or bread,"milk, dried fruit, light brown sugar, all-bran cereal, self rising flour",260.3,unknown,10.0,110.0,2.0
all bran oatmeal,"water, rolled oats, all-bran cereal, cinnamon, salt, walnut pieces, strawberry, milk",212.3,breakfast,11.0,26.0,7.0
all bran seed loaf,"whole wheat flour, flour, baking powder, salt, sesame seeds, poppy seeds, orange juice, honey, eggs, vegetable oil, all-bran cereal",200.6,unknown,10.0,36.0,14.0
all bran  original jumbo raisin spice cookies,"all-purpose flour, baking soda, ground cinnamon, ground ginger, ground cloves, salt, all-bran cereal, raisins, shortening, brown sugar, eggs, molasses, granulated sugar",168.5,lunch,4.0,67.0,9.0
all butter pie crust,"all-purpose flour, salt, unsalted butter, ice water",172.8,unknown,6.0,0.0,18.0
all chocolate blackout cake from ebinger s,"cocoa powder, boiling water, unsweetened chocolate, milk, sweet butter, sugar, eggs, vanilla extract, flour, baking powder, baking soda, salt, bittersweet chocolate, cornstarch, water, semisweet chocolate, hot water, light corn syrup",889.6,dinner,21.0,231.0,91.0
all chocolate boston cream pie,"all-purpose flour, sugar, cocoa, baking soda, butter, milk, egg, vanilla extract, cornstarch, light cream, water, corn syrup, powdered sugar",510.2,dinner,9.0,197.0,35.0
all day applesauce with frozen yogurt,"granny smith apples, sugar, ground cinnamon, fresh lemon juice, non-fat vanilla frozen yogurt, nutmeg",112.9,dessert,0.0,96.0,0.0
all day beef stew  no wine,"stewing beef, flour, salt, pepper, olive oil, white onions, potatoes, garlic, carrots, celery, water, beef bouillon cubes, basil, oregano, cornstarch",306.8,unknown,70.0,16.0,16.0
all day spaghetti sauce,"lean ground beef, diced tomatoes, tomato sauce, tomato paste, bay leaves, garlic cloves, basil, oregano, onion powder, salt, pepper",111.0,unknown,29.0,39.0,4.0
all fruit  mincemeat,"currants, raisins, granny smith apple, dark brown sugar, candied peel, almonds, walnuts, lemons, juice and zest of, orange, juice and zest of, nutmeg, clove, cinnamon, mace, ginger, dark rum, cognac",2001.3,dessert,10.0,1488.0,55.0
all fruit breakfast smoothie,"honeydew melon, orange, apple, peach, strawberries, oranges",237.7,breakfast,1.0,197.0,1.0
all in one bolognaise,"olive oil, onion, steak, pasta sauce, mushroom, red wine, seasoning, small shell pasta",612.2,unknown,22.0,43.0,51.0
all in one breakfast,"english muffins, bulk pork sausage, eggs, sour cream, diced green chilies, cheddar cheese",333.2,breakfast,17.0,7.0,31.0
all in one broccoli macaroni and cheese,"skim milk, water, macaroni and cheese mix, frozen broccoli, butter, salt and pepper, cheddar cheese",276.7,unknown,20.0,26.0,7.0
all in one chocolate chip cookies,"butter, granulated sugar, light brown sugar, vanilla extract, salt, eggs, all-purpose flour, baking soda, milk chocolate chips",927.9,dessert,33.0,312.0,65.0
all in one crock pot chicken dinner,"red potatoes, baby carrots, boneless skinless chicken breast halves, condensed cream of chicken soup, condensed cream of mushroom soup, black pepper, garlic salt, potato flakes",597.4,unknown,50.0,40.0,17.0
all in one egg casserole,"bacon, fresh mushrooms, green onion, butter, all-purpose flour, salt, pepper, milk, shredded cheddar cheese, eggs, english muffins, fresh parsley",772.1,breakfast,52.0,13.0,78.0
all in one hot dog mustard,"yellow mustard, ketchup, sweet pickle relish",243.8,unknown,139.0,91.0,14.0
all in one magic non toxic bathroom cleaner,"spray bottle, distilled white vinegar, lemon juice, liquid soap, baking soda, water",3.4,unknown,5.0,0.0,0.0
all in one pot saucy pasta,"ground beef, onion, water, pasta sauce, pasta, sliced mushrooms, cheese",491.5,unknown,32.0,47.0,29.0
all in one roast chicken dinner,"chicken, salt, bell peppers, tomatoes, zucchini, broccoli floret, cauliflower floret, onion, cucumbers, potatoes, garlic cloves, rosemary, lemon, olive oil, lemon juice, honey, dijon mustard, coarse black pepper",1583.4,unknown,13.0,183.0,140.0
all in one spaghetti,"ground beef, onion, garlic cloves, tomato sauce, tomato paste, tomato juice, water, salt, chili powder, dried oregano, pepper, spaghetti, parmesan cheese",353.6,unknown,50.0,45.0,18.0
all in one spaghetti frittata,"spaghetti, olive oil, onion, fresh mushrooms, zucchini, diced tomatoes, eggs, part-skim mozzarella cheese",577.5,unknown,26.0,30.0,36.0
all in one sponge cake,"butter, caster sugar, eggs, self-raising flour, baking powder",479.6,dinner,31.0,133.0,39.0
all in one tuna casserole,"onion soup mix, milk, frozen peas and carrot, egg noodles, tuna, cheddar cheese, cream of mushroom soup",551.2,unknown,46.0,12.0,33.0
all in one veggie mac and cheese,"milk, water, cheese, frozen mixed vegetables, butter",359.7,unknown,28.0,0.0,30.0
all in one pan roast and vegetables,"red bell peppers, yellow bell peppers, onions, new potato, garlic cloves, olive oil, coarse salt, pepper, eye of round roast, thyme",537.4,unknown,4.0,18.0,49.0
all in one quiche,"milk, bisquick, margarine, eggs, bacon, green onions, canned mushrooms, cheese",351.5,breakfast,29.0,5.0,42.0
all natural all purpose cleaning spray,"water, white vinegar, baking soda, essential oils, lavender oil",1.0,unknown,6.0,0.0,0.0
all occasion cookies,"butter, flour, white cake mix",76.1,dessert,3.0,15.0,9.0
all occasion white bread  bread machine,"water, nonfat dry milk powder, salt, sugar, vegetable oil, bread flour, bread machine yeast",228.1,unknown,13.0,20.0,6.0
all purpose barbecue rub,"coarse salt, brown sugar, mustard powder, chili powder, paprika, cayenne, fresh ground black pepper",280.1,unknown,1192.0,71.0,16.0
all purpose cornbread,"unbleached all-purpose flour, yellow cornmeal, baking powder, baking soda, table salt, light brown sugar, splenda sugar substitute, frozen corn, buttermilk, eggs, unsalted butter",167.7,unknown,8.0,16.0,10.0
all purpose cornbread  best of both regions,"unbleached all-purpose flour, yellow cornmeal, baking powder, baking soda, table salt, light brown sugar, frozen corn, buttermilk, eggs, unsalted butter",313.0,unknown,17.0,33.0,21.0
all purpose cream sauce mix,"non-fat powdered milk, instant chicken bouillon granules, cornstarch, dried onion flakes, pepper",455.8,unknown,209.0,168.0,2.0
all purpose cream style soup base,"unsalted butter, onion, carrot, celery rib, garlic powder, thyme, dried parsley, flour, chicken broth, milk, heavy cream, salt and pepper, sour cream",329.4,unknown,19.0,6.0,42.0
all purpose crock pot chicken,"chicken, cajun-louisiana seasoning blend, lemon pepper, salt, bell pepper, celery, carrot, green onion, garlic, water",247.2,unknown,4.0,0.0,26.0
all purpose easy shortening pie dough,"all-purpose flour, salt, vegetable shortening, water",397.1,dinner,12.0,0.0,40.0
all purpose gravy,"carrot, celery, onion, butter, all-purpose flour, low sodium chicken broth, low sodium beef broth, bay leaf, dried thyme, whole black peppercorns, salt, ground black pepper",288.6,unknown,9.0,18.0,29.0
all purpose grilling rub   dairy free,"brown sugar, sweet paprika, black pepper, kosher salt, celery salt, celery seed, ground mustard, garlic powder, cayenne powder",434.5,unknown,874.0,229.0,13.0
all purpose herbed butter,"butter, fresh parsley, fresh chives, garlic clove, fresh thyme, lemon juice, fresh ground white pepper",1630.0,unknown,54.0,0.0,283.0
all purpose marinade for fish  salmon  swordfish or shark,"sweet sherry, salad oil, soy sauce, brown sugar, garlic clove, worcestershire sauce, ground pepper",151.4,dinner,21.0,14.0,20.0
all purpose mexican seasoning,"chili powder, paprika, cornmeal, cumin, oregano, onion powder, ground coriander, cayenne pepper",14.2,unknown,1.0,1.0,0.0
all purpose mild brine for poultry and pork,"kosher salt, sugar, water",97.5,unknown,1180.0,100.0,0.0
all purpose red rub,"paprika, kosher salt, light brown sugar, granulated garlic, granulated onion, chili powder, black pepper, ground cumin, cayenne pepper",54.7,unknown,119.0,23.0,1.0
all purpose seasoning mix,"dried coriander, dill weed, dried rosemary, dried thyme, mustard powder, celery seed, dried basil, dried bay leaf, dried marjoram, spearmint, dried parsley flakes, sesame seeds, onion powder, dried oregano, garlic powder",17.6,unknown,0.0,1.0,1.0
all purpose shake and bake,"all-purpose flour, dry breadcrumbs, chicken soup base, paprika, poultry seasoning, salt",461.8,unknown,147.0,16.0,6.0
all purpose stir fry sauce  brown garlic sauce,"soy sauce, chicken broth, rice wine, sugar, sesame oil, white pepper, cooking oil, garlic, minced ginger, cornstarch, water",212.5,unknown,115.0,47.0,16.0
all purpose vegan cheese sauce,"water, raw cashews, pimentos, paprika, garlic powder, onion powder, salt, yellow mustard, nutritional yeast",126.9,unknown,19.0,6.0,13.0
all round insecticide,"onions, garlic cloves, hot chili peppers, water",64.2,unknown,0.0,27.0,0.0
all star breakfast rice,"ground cinnamon, brown sugar, milk, cooked rice, fresh blueberries",399.5,breakfast,3.0,53.0,9.0
all the fixins curried chicken salad,"skinless chicken thighs, celery ribs, onions, apple, raisins, curry powder, mango chutney, hot sauce, salt, mayonnaise",172.8,unknown,7.0,59.0,11.0
all time best sweet potatoes,"sweet potatoes, butter, apple cider, brown sugar, fresh cranberries, salt and pepper, orange marmalade, pecans",229.3,unknown,4.0,100.0,10.0
alla checca,"tomatoes, garlic cloves, fresh basil leaf, olive oil, salt and pepper",272.3,unknown,0.0,16.0,42.0
alla s avocado salad,"avocados, hard-boiled eggs, tomatoes, onion, fresh cilantro, lemon juice, mayonnaise, salt, pepper",197.0,unknown,1.0,8.0,25.0
alla s cranberry scones  raw foods,"apples, carrots, raisins, cranberries, almonds, flax seed, agave nectar, olive oil",167.9,unknown,2.0,38.0,16.0
allan s bread,"water, lemon juice, powdered milk, oil, whole wheat flour, unbleached white flour, salt, flax seeds, millet, sunflower seeds, sesame seeds, sugar, instant yeast",1761.0,unknown,291.0,120.0,104.0
allegedly original cobb salad dressing,"egg yolks, olive oil, lemon, worcestershire sauce, dijon mustard, garlic, water, salt and pepper",332.4,unknown,2.0,2.0,56.0
allegheny applesauce bread,"butter, honey, eggs, unsweetened applesauce, maple extract, whole wheat flour, wheat germ, baking powder, baking soda, ground cinnamon, ground nutmeg, raisins",204.7,lunch,8.0,45.0,14.0
allegra s new favorite     cocacola cake,"flour, sugar, butter, cocoa, coca-cola, mini marshmallows, baking soda, eggs, salt, buttermilk, vanilla, pecans, powdered sugar",682.6,dessert,16.0,315.0,47.0
allegria  non alcoholic,"mango, carrot juice, pineapple juice, fresh orange juice, fresh lemon juice, ice cube, mineral water, orange slice, maraschino cherry",138.0,unknown,0.0,105.0,0.0
allen frey s tuna steaks,"tamari soy sauce, lemon juice, lime juice, ginger, garlic, tuna steaks, wood chips",387.0,unknown,174.0,6.0,17.0
allen s loaded potato soup,"potatoes, onions, carrot, celery, condensed chicken broth, water, white pepper, flour, butter, whipping cream, velveeta cheese, bacon, green onion",536.3,unknown,51.0,19.0,59.0
allendale dip,"sour cream, mayonnaise, lemon juice, fresh parsley, sugar, garlic powder, parmesan cheese, mozzarella cheese, onion flakes, salt, red pepper flakes",93.3,unknown,8.0,5.0,12.0
allergen free soup base  previously called gluten free mushroom,"onion, butter, fresh mushrooms, cornstarch, rice flour, chicken broth, evaporated milk, salt, pepper",157.3,unknown,30.0,5.0,12.0
allergen free gluten free bread,"sorghum flour, potato starch, millet flour, xanthan gum, salt, yeast, warm water, olive oil, honey, egg beaters egg substitute, rice vinegar",1210.1,unknown,100.0,92.0,65.0
allergen free mini cupcakes,"gluten-free flour, baking powder, sugar, banana, olive oil, rice milk, vanilla extract, flax seed, water",452.7,dessert,8.0,130.0,45.0
allergic to my ex double peanut candies,"peanut butter chips, shortening, salted peanuts",71.2,dessert,3.0,8.0,8.0
allergy free fruitcake,"sultana, currants, raisins, cold water, pumpkin, vegetable oil, lemon rind, soy flour, rice flour, baking powder, ground cinnamon, ground nutmeg, ground cloves, sugar-free apricot jam",390.9,dessert,6.0,120.0,17.0
allergy free vanilla frosting,"extra firm tofu, sugar, lemon juice, margarine, vanilla, butter flavor extract, salt, xanthan gum",4.1,dessert,0.0,1.0,0.0
allergy friendly double chocolate brownies,"mashed banana, unsweetened applesauce, pitted dates, agave nectar, pure vanilla extract, chocolate chips, buckwheat flour, brown rice flour, unsweetened cocoa powder, baking powder, xanthan gum, sea salt",406.4,dessert,6.0,178.0,22.0
allergy friendly trail mix,"dried banana, dried cranberries, sunflower seeds, carob chips",82.9,lunch,0.0,17.0,7.0
allergy relief  drink,"honey, apple cider vinegar, warm water",67.0,unknown,0.0,69.0,0.0
allessio s frittata   tomatoes and sweet peppers,"extra virgin olive oil, onion, sweet red pepper, hot red pepper, fresh tomato, eggs, parmigiano-reggiano cheese, salt, parmesan cheese",215.2,lunch,9.0,13.0,25.0
alli s antifreeze,"vodka, blue curacao, sour mix, sprite",104.0,unknown,0.0,0.0,0.0
alli s crunchy ranch chicken  rsc,"hidden valley original ranch dips mix, boneless skinless chicken breasts, greek yogurt, milk, panko breadcrumbs, fresh chives, cooking spray",347.7,unknown,22.0,13.0,9.0
alli s fruity champagne punch,"pineapple juice, orange juice, champagne, strawberry, orange",91.3,unknown,0.0,37.0,0.0
alli s microwave cashew brittle,"sugar, light corn syrup, salt, butter, vanilla, cashews, baking soda",348.1,dessert,23.0,168.0,17.0
alli s oriental salad,"cabbage, green onions, sunflower seeds, slivered almonds, ramen noodles, apple cider vinegar, extra virgin olive oil, pepper, sugar",366.3,unknown,7.0,14.0,47.0
alli s renegade cocktail sauce,"ketchup, mayonnaise, ginger, lemon juice, salt & fresh ground pepper",99.6,dinner,18.0,32.0,7.0
alli s rob roy,"scotch, sweet vermouth, cherries",146.9,dinner,0.0,4.0,0.0
alli s rum punch,"orange juice, pineapple juice, light rum, grenadine, sprite, orange slices",146.2,unknown,0.0,56.0,0.0
alli s singapore sling,"gin, lemon juice, grenadine, soda water, cherry brandy, orange slice, maraschino cherry",183.1,dinner,0.0,45.0,0.0
allie s simple vinaigrette,"balsamic vinegar, sugar, garlic powder, dried basil, salt, ground black pepper, extra virgin olive oil",1303.6,unknown,48.0,19.0,221.0
alligator,"midori melon liqueur, orange juice, ice",54.1,dinner,0.0,40.0,0.0
alligator claws  avocado fritters  with chipotle lime dip,"creme fraiche, lime, zest of, lime, juice of, ground chipotle chile pepper, flour, water, hass avocadoes, olive oil, salt",478.3,lunch,1.0,1.0,70.0
alligator hush puppies,"vegetable oil, alligator meat, creamed corn, eggs, onion, jalapeno pepper, self rising flour, seasoning salt",342.0,unknown,48.0,16.0,5.0
alligator piss,"midori melon liqueur, peach schnapps, southern comfort, amaretto, sweet and sour sauce",20.9,dinner,0.0,0.0,0.0
alligator sausage   crawfish casserole,"alligator sausage, crayfish tail, smoked sausage, converted rice, tomatoes and green chilies, onion soup, beef consomme, green onion, mushroom, garlic, bay leaves, creole seasoning, black pepper, butter",590.5,unknown,68.0,10.0,48.0
alligirl s caribbean cocktail,"fresh pineapple, mango, jalapeno, molasses, ice, coconut rum",483.5,unknown,0.0,113.0,0.0
allison   diana s orange custard,"cream cheese, sugar, eggs, orange juice, oranges, zest of",430.5,dessert,9.0,212.0,33.0
allison s banana bread,"flour, baking soda, salt, sugar, butter, eggs, mashed bananas, plain yogurt, vanilla",216.7,unknown,9.0,82.0,7.0
allison s creamy veggie pasta salad,"shell pasta, cheddar cheese, red pepper, yellow pepper, cucumber, tomatoes, red onion, plain yogurt, sour cream, mayonnaise, salt, sugar, balsamic vinegar, dijon mustard",176.0,unknown,17.0,18.0,20.0
allison s taco wings,"chicken wings, taco seasoning, vinegar, oil, cayenne pepper",97.4,unknown,11.0,2.0,10.0
allo aloe,"lebanese cucumber, granny smith apple, lemon, juice of, liquid aloe vera",53.0,unknown,0.0,35.0,0.0
allrighty then scrambled eggs   paula deen,"eggs, sour cream, water, salt & freshly ground black pepper, butter, cheddar cheese",262.4,breakfast,11.0,2.0,32.0
allrighty then  the fluffiest scrambled eggs,"eggs, sour cream, milk, baking powder, salt, ground black pepper, margarine, sharp cheddar cheese",409.4,unknown,44.0,3.0,57.0
allspice cream cheese frosting,"cream cheese, butter, ground allspice, confectioners' sugar, vanilla extract, milk",913.8,dessert,9.0,627.0,47.0
allspice meatball stew,"meatballs, fresh green beans, baby carrots, beef broth, worcestershire sauce, ground allspice, ground cinnamon, stewed tomatoes",63.9,unknown,28.0,28.0,1.0
allspice orange nut bread,"butter, sugar, eggs, orange rind, all-purpose flour, baking soda, baking powder, salt, allspice, nuts, orange juice",3177.2,unknown,151.0,911.0,198.0
allspice substitute,"cinnamon, cloves, nutmeg",12.9,unknown,0.0,1.0,1.0
allspice sweet potato pie  bh g,"sweet potatoes, flour, brown sugar, allspice, salt, butter, ice water, eggs, whipping cream, vanilla, orange peel",2451.4,dessert,59.0,317.0,221.0
allspice wonder,"allspice, instant vanilla pudding, milk, eggs, cinnamon, flour, sugar, cooking oil",381.6,dessert,15.0,113.0,27.0
ally style pasta carbonara,"tagliatelle pasta noodles, cooked ham, cheddar cheese, milk, cornflour",550.9,unknown,13.0,5.0,37.0
ally s low cal margarita,"diet sprite, tequila, sugar-free lemonade-flavored drink mix, lime juice",7.7,unknown,0.0,2.0,0.0
allysha s really awesome ramen,"egg, ramen noodles, spinach, meat",520.5,unknown,86.0,11.0,29.0
allysun s spicy tomato and corn salsa,"garlic cloves, lime juice, honey, salt, pepper, tomatoes, black beans, frozen corn, jalapenos, red onion, cilantro",141.3,unknown,32.0,16.0,1.0
almas pite  hungarian apple cake,"self raising flour, dry yeast, sugar, butter, egg yolks, sour cream, red delicious apples, walnuts, caster sugar, cinnamon",403.2,dessert,4.0,41.0,34.0
almendrado the mexican flag,"unflavored gelatin, cold water, egg whites, salt, sugar, almond extract, lime, zest of, red food coloring, green food coloring",64.3,dessert,3.0,50.0,0.0
almendras saladas  salted almonds   tapas,"blanched almonds, sea salt, sweet paprika, olive oil",428.6,unknown,24.0,13.0,58.0
almesan   vegan parmesan,"slivered almonds, sesame seeds, salt, lemon zest",41.4,unknown,2.0,0.0,5.0
almond   cake with  meringue and whipped cream filling,"vanilla cake mix, ground almonds, eggs, vegetable oil, milk, sugar, sliced almonds, whipping cream, pure vanilla extract, semisweet chocolate, butter",951.4,dinner,21.0,265.0,91.0
almond   poppy seed muffins,"flour, baking powder, baking soda, salt, egg, sugar, butter, buttermilk, poppy seeds, almond extract",165.5,unknown,8.0,39.0,7.0
almond   sesame nut roast with mushroom onion sauce,"sesame, onion, risotto rice, vegetable stock, carrot, leek, sesame seeds, almonds, ground almonds, sharp cheddar cheese, eggs, dried herbs, salt, pepper, butter, mushrooms, all-purpose flour",512.6,unknown,37.0,22.0,58.0
almond  feta cheese  spread with herb oil  vegan,"blanched almond, lemon juice, olive oil, garlic clove, salt, fresh thyme leave, fresh rosemary leaf",171.2,dinner,12.0,3.0,26.0
almond   glazed poppy seed bread,"flour, salt, baking powder, eggs, milk, butter, oil, sugar, poppy seeds, almond extract, vanilla, orange juice, powdered sugar",2919.4,breakfast,106.0,1098.0,183.0
almond   pecan bark,"white chocolate, pecans, almonds, almond extract",985.9,dessert,9.0,216.0,119.0
almond  crusted chicken breasts,"sliced almonds, boneless skinless chicken breast halves, flour, egg, water, butter, lemon juice, fresh basil, salt and pepper",478.1,dinner,7.0,7.0,48.0
almond amaretto coffee,"slivered almonds, amaretto, brewed coffee, whipped cream, brown sugar",18.7,unknown,0.0,17.0,0.0
almond and apricot tart,"cake flour, salt, butter, superfine sugar, egg yolks, vanilla, apricot jam, eggs, almond essence, ground almonds, lemon zest, apricot halves",3872.0,dessert,157.0,1139.0,314.0
almond and chocolate sandwich cookies,"whole almond, sugar, all-purpose flour, baking powder, salt, unsalted butter, egg, almond extract, bittersweet chocolate",69.7,dessert,0.0,19.0,6.0
almond and fig filling,"sugar, orange rind, orange juice, all-purpose flour, water, grand marnier, figs, salt, slivered almonds, vanilla",651.6,dessert,8.0,305.0,42.0
almond and ginger matzo balls,"unsalted margarine, slivered almonds, kosher salt, sugar, ground ginger, ground black pepper, eggs, ginger ale, matzo meal, fresh ginger",93.4,unknown,8.0,3.0,9.0
almond and lemon biscotti,"all-purpose flour, cornmeal, baking powder, salt, sugar, eggs, lemon zest, whole almond",716.9,dessert,32.0,208.0,28.0
almond and lime lemonade,"cold water, frozen lemonade concentrate, frozen orange juice concentrate, pineapple juice, lime juice, pure vanilla extract, almond extract",676.4,unknown,1.0,626.0,1.0
almond and pear cake,"butter, caster sugar, lemon zest, eggs, all-purpose flour, baking powder, almond meal, pears, cinnamon, sliced almonds",428.0,dessert,12.0,111.0,34.0
almond and pistachio rice with chicken,"onions, olive oil, garlic cloves, cinnamon, star anise, ground coriander, converted rice, chicken broth, cooked chicken, roasted pistachios, toasted almond, cilantro",392.5,unknown,18.0,11.0,21.0
almond and plum tart,"butter, sugar, eggs, warm water, almond essence, flour, baking powder, slivered almonds, plum",226.3,dessert,6.0,56.0,19.0
almond and raisin pilaf,"sliced almonds, onion, raisins, vermicelli, long grain rice, vegetable stock, olive oil",394.6,unknown,0.0,43.0,12.0
almond and strawberry bread,"flour, baking soda, salt, sugar, butter, egg, almond extract, plain yogurt, slivered almonds, strawberry, confectioners' sugar, milk, red food coloring",1922.2,lunch,69.0,603.0,130.0
almond and sugar powder,"almonds, confectioners' sugar",144.7,unknown,2.0,58.0,12.0
almond anise biscotti,"butter, sugar, eggs, vanilla extract, ground aniseed, unbleached all-purpose flour, salt, baking powder, toasted almond",139.1,lunch,3.0,34.0,8.0
almond apricot bread,"all-purpose flour, granulated sugar, light brown sugar, baking powder, salt, apricot baby food, egg, milk, canola oil, almond extract, sliced almonds, dried apricot, powdered sugar",212.3,unknown,9.0,76.0,8.0
almond asparagus,"asparagus spears, margarine, lemon juice, almonds, salt, pepper",77.5,unknown,2.0,7.0,7.0
almond bacon cheese spread,"unsalted almonds, bacon, american cheese, green onion, mayonnaise, salt",128.6,unknown,10.0,6.0,17.0
almond baked halibut,"halibut steaks, salt, pepper, limes, juice of, garlic, olive oil, sliced almonds, butter",397.6,unknown,54.0,2.0,30.0
almond balls,"blanched slivered almond, unsalted butter, confectioners' sugar, salt, almond extract, flour, white chocolate, flaked coconut",128.4,lunch,1.0,30.0,12.0
almond banana bars,"natural almonds, whole wheat flour, all-purpose flour, wheat germ, dark brown sugar, baking powder, salt, ginger, cinnamon, buttermilk, vegetable oil, bananas, eggs, icing",234.9,dinner,8.0,57.0,17.0
almond banana bread,"almond meal, eggs, oil, brown sugar, bananas, vanilla extract, cinnamon, nutmeg, baking powder, salt, walnuts, chocolate chips",255.4,unknown,7.0,84.0,22.0
almond banana shake,"banana, almond milk, ground cinnamon",111.5,unknown,0.0,57.0,0.0
almond bar cookies,"almond paste, salt, sugar, butter, egg, flour, almond extract",135.3,dessert,4.0,30.0,13.0
almond bark candy,"white almond bark, chunky peanut butter, rice krispies, miniature marshmallows, dry roasted peanuts",192.7,dessert,9.0,16.0,21.0
almond bark cookies,"almond bark, peanut butter, dry roasted peanuts, miniature marshmallows, rice krispies",869.3,dessert,39.0,75.0,102.0
almond bark crispy drops,"almond bark, peanut butter, dry roasted peanuts, crisp rice cereal, miniature marshmallows",1598.1,dessert,77.0,142.0,182.0
almond bark mix,"white almond bark, chex cereal, cereal, peanuts, pretzel sticks, m&m's plain chocolate candy, pecans",429.0,dessert,0.0,74.0,51.0
almond bark popcorn,"popped popcorn, rice, dry roasted peanuts, almond bark, peanut butter",276.9,lunch,8.0,4.0,19.0
almond bars,"butter, flour, sugar, egg, baking powder, salt, almond extract",257.1,dessert,10.0,90.0,16.0
almond bars    final,"granulated sugar, salt, butter, almond paste, egg, almond extract, toasted sliced almonds, all-purpose flour, milk chocolate, shortening",252.4,dinner,2.0,61.0,23.0
almond bear claws,"almond paste, almonds, white sugar, salt, butter, egg whites, almond extract, amaretto liqueur, puff pastry, egg, water, sliced almonds, confectioners' sugar",458.8,breakfast,9.0,30.0,49.0
almond biscotti,"egg, sugar, vanilla, all-purpose flour, baking powder, cinnamon, dark chocolate, slivered almonds, pine nuts",104.5,dessert,0.0,17.0,8.0
almond biscotti toscani  gluten free,"butter, white sugar, eggs, vanilla extract, almond extract, orange zest, soy flour, rice flour, potato starch, tapioca flour, xanthan gum, ground nutmeg, salt, almonds",174.9,breakfast,5.0,39.0,12.0
almond biscotti  quaresimale,"sugar, brown sugar, flour, baking powder, cinnamon, unsalted butter, whole almonds, eggs, pure vanilla extract, egg, water",156.5,dessert,0.0,48.0,11.0
almond blackberry tart,"blackberry, almond meal, all-purpose flour, salt, unsalted butter, honey, eggs, vanilla extract, almond extract",260.6,dessert,4.0,76.0,25.0
almond blueberry cobbler,"frozen blueberries, salted butter, self rising flour, sugar, evaporated milk, almond extract, ground cinnamon, pam cooking spray",497.9,dessert,18.0,232.0,29.0
almond blueberry cookies,"all-purpose flour, baking powder, salt, unsalted butter, sugar, egg yolk, whole milk, almond extract, lemon zest, almonds, frozen blueberries",533.4,dessert,15.0,168.0,35.0
almond bread,"egg whites, flour, sugar, whole almonds",154.9,unknown,0.0,42.0,9.0
almond bread  cookie biscotti,"egg whites, caster sugar, vanilla essence, plain flour, almonds",61.0,lunch,0.0,17.0,3.0
almond bread   mandelbrod,"eggs, sugar, baking powder, flour, blanched almond",1715.9,unknown,40.0,420.0,82.0
almond bread pudding,"raisins, dark rum, white bread, unsalted butter, whole milk, eggs, sugar, almonds",370.4,dessert,16.0,75.0,26.0
almond bread pudding with strawberry caramel sauce,"plain croissants, eggs, milk, granulated sugar, vanilla extract, almond extract, almond paste, almonds, whipping cream, strawberry",659.5,dinner,13.0,290.0,47.0
almond breakfast bread,"flour, sugar, eggs, baking powder, salt, milk, vegetable oil, vanilla, almond extract, slivered almonds",323.1,breakfast,11.0,101.0,21.0
almond brickle coffee cake,"sugar, butter, eggs, almond extract, flour, sour cream, baking powder, baking soda, salt, dried apricot, sliced almonds, toffee pieces, icing sugar, milk",364.0,breakfast,13.0,102.0,28.0
almond brickle  easy,"butter, light brown sugar, slivered almonds, semi-sweet chocolate chips",5749.7,dessert,61.0,2053.0,608.0
almond brittle,"water, sugar, corn syrup, sliced almonds, salt, butter, vanilla extract, baking soda",1849.2,dinner,58.0,981.0,89.0
almond brittle  croccante,"almond oil, sliced almonds, sugar, water",4930.8,dessert,0.0,2468.0,370.0
almond brittle bar cookies,"all-purpose flour, baking soda, salt, butter, granulated sugar, eggs, vanilla extract, chocolate-covered english toffee bars, almonds, semisweet chocolate morsel",315.0,dessert,8.0,86.0,27.0
almond broccoli in sherry sauce,"fresh broccoli, boiling water, chicken bouillon cube, butter, all-purpose flour, half-and-half, sherry wine, lemon juice, salt, pepper, parmesan cheese, slivered almonds",431.3,dinner,33.0,32.0,32.0
almond brown rice,"slivered almonds, light margarine, onion, celery, poultry seasoning, dried thyme, pepper, brown rice",384.2,unknown,0.0,7.0,8.0
almond brown sugar brownies,"shortening, unsweetened chocolate, sugar, brown sugar, flour, almonds, almond paste, baking powder, salt, eggs",156.1,lunch,6.0,52.0,14.0
almond brownies,"flour, baking soda, salt, butter, sugar, water, chocolate chips, vanilla, eggs, almonds",216.9,dessert,4.0,72.0,20.0
almond brussels sprouts,"fresh brussels sprout, chicken broth, sliced almonds, butter, salt, pepper",128.2,unknown,5.0,12.0,11.0
almond burgers,"ground almonds, tahini, onion, carrot, tamari, lemon, juice of",165.7,lunch,28.0,8.0,19.0
almond butter,"almonds, salt",1094.8,unknown,34.0,36.0,147.0
almond butter   dairy free,"roasted almonds, sea salt, vegetable oil",1255.1,unknown,32.0,36.0,175.0
almond butter and jam sandwich,"bread, almond butter, strawberry jam",231.2,breakfast,12.0,11.0,16.0
almond butter and jelly sandwich,"whole grain bread, almond butter, fruit spread",239.0,lunch,15.0,15.0,18.0
almond butter and ras el hanout pasta,"pasta, almond butter, mixed spice, salt",320.9,unknown,1.0,9.0,15.0
almond butter blossoms,"butter, almond butter, sugar, brown sugar, baking soda, cream of tartar, salt, egg, milk, vanilla, whole wheat flour, all-purpose flour, granulated sugar, almonds, chocolate kisses with almonds",76.1,dessert,2.0,21.0,6.0
almond butter buckeyes,"butter, almond butter, dark rum, almond extract, confectioners' sugar, bittersweet chocolate",115.7,dessert,2.0,38.0,12.0
almond butter cake,"eggs, sour cream, pure vanilla extract, cake flour, toasted almond, superfine sugar, baking powder, baking soda, salt, unsalted butter",448.6,dessert,11.0,102.0,39.0
almond butter cake with buttercrunch glaze,"butter, unsalted butter, sliced almonds, sugar, light brown sugar, light corn syrup, almond extract, fine dry breadcrumbs, cake flour, baking powder, salt, eggs, vanilla, milk",581.9,dinner,4.0,174.0,44.0
almond butter cake with crunchy almond topping,"sugar, sweet creamy butter, eggs, almond extract, vanilla extract, salt, all-purpose flour, sliced almonds",327.7,dessert,5.0,125.0,21.0
almond butter chocolate chip cookies,"almond butter, sucanat, egg, baking soda, sea salt, dark chocolate",87.5,dessert,3.0,2.0,12.0
almond butter cinnamon vanilla oatmeal,"quick-cooking oats, almond butter, skim milk, vanilla extract, ground cinnamon",338.7,breakfast,7.0,5.0,14.0
almond butter cookies,"sugar, butter, cream cheese, egg, vanilla, almond extract, flour, baking powder, icing sugar, milk, maraschino cherry",159.2,dessert,2.0,53.0,11.0
almond butter cookies with cream cheese,"sugar, butter, cream cheese, egg, vanilla, almond extract, all-purpose flour, baking powder",913.9,dessert,19.0,206.0,69.0
almond butter cookies with frosting,"butter, sugar, egg, almond extract, all-purpose flour, confectioners' sugar, milk, sliced almonds",227.5,dessert,3.0,66.0,17.0
almond butter crunch,"butter, slivered almonds, sugar, light corn syrup",125.8,lunch,1.0,29.0,15.0
almond butter crunch candy,"butter, granulated sugar, light corn syrup, water, almonds, milk chocolate candy bars",1182.9,dessert,20.0,365.0,122.0
almond butter cups,"almond butter, salt, vanilla extract, bittersweet chocolate",67.8,dessert,2.0,2.0,9.0
almond butter frosting,"butter, almond butter, vanilla extract, molasses, powdered sugar",123.7,dessert,2.0,38.0,13.0
almond butter honey nut o s bars,"honey nut cheerios, sugar, honey, almond butter, chocolate chips",177.9,dessert,2.0,83.0,12.0
almond butter icing,"shortening, butter, confectioners' sugar, milk, almond extract",1458.4,dessert,14.0,588.0,150.0
almond butter raisin cookies  vegan  gluten free,"raisins, oat flour, rolled oats, ground flax seeds, baking powder, ground cinnamon, salt, almond butter, water, maple syrup",268.8,dessert,11.0,59.0,24.0
almond butter sauce,"sliced almonds, butter, lemon juice",1234.1,dinner,27.0,22.0,195.0
almond butter yeast cake,"skim milk, flour, sugar, salt, yeast, butter, eggs, lemons, zest of, cinnamon, almonds",178.4,unknown,5.0,19.0,14.0
almond buttercrunch candy,"milk chocolate chips, butter, brown sugar, blanched slivered almond",166.5,dessert,2.0,55.0,17.0
almond buttermilk scones,"unbleached all-purpose flour, sugar, salt, baking powder, baking soda, butter, buttermilk, heavy cream, almonds",379.8,breakfast,31.0,40.0,24.0
almond butterscotch latte,"butterscotch sundae sauce, chocolate fudge topping, almond syrup, espresso, milk",85.9,unknown,4.0,18.0,2.0
almond cake,"granulated sugar, unsalted butter, almond paste, eggs, kirsch, almond extract, salt, cake flour, baking powder",343.2,dessert,5.0,113.0,31.0
almond cake from albufeira  portugal,"all-purpose flour, granulated sugar, baking powder, baking soda, salt, egg, buttermilk, vanilla extract, butter, sliced almonds, water, almond extract",440.8,dessert,14.0,205.0,25.0
almond cakes,"unsalted butter, all-purpose flour, salt, granulated sugar, almond paste, pure vanilla extract, egg, confectioners' sugar",69.8,dessert,1.0,20.0,6.0
almond caramel shortbreads,"sweet cream, sugar, egg yolks, nutmeg, cinnamon, flour, slivered almonds, butter, honey, milk",163.8,dinner,1.0,53.0,12.0
almond caramels,"caster sugar, cream, golden syrup, sliced almonds, orange",220.0,dessert,0.0,94.0,13.0
almond cardamom cookies,"flour, toasted almond, butter, sugar, vanilla, ground cardamom, orange zest, salt, powdered sugar",1048.2,dinner,16.0,111.0,113.0
almond celery,"butter, blanched almond, celery, salt, pepper, sherry wine",170.1,unknown,21.0,9.0,21.0
almond celery bake,"celery, cheddar cheese, paprika, pepper, condensed cream of celery soup, soft breadcrumbs, slivered almonds",89.3,unknown,9.0,5.0,9.0
almond champagne fondue,"gruyere cheese, swiss cheese, cornstarch, brie cheese, champagne, almond extract, ground nutmeg, apple, french bread cubes, breadstick",207.3,dinner,7.0,2.0,22.0
almond cheddar appetizers,"mayonnaise, worcestershire sauce, sharp cheddar cheese, onion, slivered almonds, bacon, french bread",78.3,unknown,5.0,2.0,7.0
almond cheddar bacon bites,"mayonnaise, worcestershire sauce, sharp cheddar cheese, onion, slivered almonds, bacon, french bread",105.6,unknown,7.0,4.0,6.0
almond cheesecake,"graham cracker crumbs, sugar, butter, cream cheese, sweetened condensed milk, eggs, almond extract",529.3,dessert,16.0,157.0,53.0
almond cheesecake brownies,"flour, baking powder, salt, butter, semisweet chocolate, sugar, eggs, vanilla, cream cheese, almond extract",235.9,dessert,6.0,67.0,22.0
almond cherry crisp,"cherry pie filling, flour, rolled oats, brown sugar, ground cinnamon, almond extract, margarine, slivered almonds",374.9,dessert,6.0,95.0,18.0
almond cherry energy bar,"granola cereal, wheat germ, almond butter, vanilla extract, whole wheat pastry flour, honey, dried cherries, slivered almonds",259.6,breakfast,3.0,51.0,24.0
almond cherry fudge,"semi-sweet chocolate chips, sweetened condensed milk, almonds, candied red cherries, almond extract",3309.6,dessert,32.0,1611.0,263.0
almond chicken,"tamari soy sauce, ground ginger, garlic powder, boneless skinless chicken breasts, whole wheat flour, almonds, salt, fresh ground black pepper, peanut oil",310.5,unknown,43.0,2.0,19.0
almond chicken and vegetables,"egg white, soy sauce, cornstarch, sugar, salt, white pepper, boneless skinless chicken breasts, peanut oil, slivered almonds, bamboo shoots, green onions with tops, green pepper, fresh gingerroot, white wine, green onion top",351.2,dinner,17.0,11.0,36.0
almond chicken appetizers,"boneless skinless chicken breast, vegetable oil, egg white, soy sauce, salt, sugar, white pepper, ground cinnamon, ground cloves, flour, chicken broth, cornstarch, baking soda, slivered almonds, almond extract",529.8,dinner,73.0,11.0,31.0
almond chicken breasts with creamy tarragon mustard sauce,"boneless skinless chicken breast, all-purpose flour, egg white, water, almonds, seasoned bread crumbs, vegetable oil, light mayonnaise, light sour cream, dijon mustard, dried tarragon",367.3,unknown,22.0,8.0,26.0
almond chicken casserole,"boneless skinless chicken breasts, mayonnaise, plain yogurt, cream of mushroom soup, chicken broth, white pepper, salt, lemon juice, onions, cooked rice, sliced water chestnuts, sliced almonds, celery, butter, corn flakes",925.2,unknown,81.0,33.0,83.0
almond chicken kabobs,"a.1. original sauce, dijon mustard, honey, vegetable oil, lemon juice, garlic clove, boneless chicken breast halves, slivered almonds",70.6,unknown,1.0,4.0,5.0
almond chicken mole sauce,"red onions, almonds, chipotle chiles, dried plum, corn tortillas, pumpkin seeds, mexican chocolate, ground cinnamon, ground cloves, olive oil, fat-free low-sodium chicken broth, fresh tomato, tomato sauce, green bell pepper, garlic, salt and pepper",223.0,unknown,13.0,43.0,18.0
almond chicken salad,"cooked chicken, green seedless grapes, celery, green onion, hard-cooked eggs, mayonnaise, sour cream, prepared mustard, salt, pepper, onion powder, celery salt, ground mustard, paprika, slivered almonds, kiwi fruit",376.8,unknown,28.0,34.0,33.0
almond chicken salad for dips   sandwiches,"cooked chicken, celery, golden raisin, almonds, mayonnaise, frozen orange juice concentrate, garlic powder, ground black pepper, ground ginger, salt",269.0,lunch,9.0,35.0,26.0
almond chicken vegetable stir fry,"vegetable oil, salt, bamboo shoots, celery, boneless skinless chicken breasts, mushrooms, red pepper, onion, gingerroot, garlic clove, chicken broth, soy sauce, water, cornstarch, almonds",285.6,unknown,30.0,17.0,27.0
almond chicken with asparagus,"asparagus tips, plain nonfat yogurt, curry powder, fresh lemon juice, salt, fresh ground pepper, cooked chicken breasts, red bell pepper, fresh cilantro, sliced almonds, spinach leaves",192.2,lunch,9.0,18.0,11.0
almond chicken with savory plum sauce,"egg, cornstarch, soy sauce, garlic clove, chicken breast halves, almonds, parsley, romaine lettuce, sugar snap pea, plums, sugar, fresh ginger",1310.2,unknown,98.0,125.0,135.0
almond chickpea flour cookies,"almonds, chickpea flour, brown sugar, egg yolk, butter, cardamom",66.7,dessert,1.0,17.0,6.0
almond chinese chews,"granulated sugar, eggs, almond filling, all-purpose flour, baking powder, salt, powdered sugar",74.3,dessert,2.0,44.0,1.0
almond chocolate bark,"almonds, semi-sweet chocolate chips",295.0,dessert,1.0,105.0,31.0
almond chocolate biscotti,"flour, baking powder, unsweetened cocoa powder, sliced almonds, butter, sugar, almond extract, eggs",153.8,dessert,2.0,45.0,6.0
almond chocolate biscotti  using cake mix,"chocolate cake mix, all-purpose flour, butter, chocolate syrup, eggs, vanilla extract, almond extract, almonds, miniature semisweet chocolate chips, vanilla, shortening",164.5,dessert,6.0,35.0,11.0
almond chocolate cake  no flour,"eggs, blanched almonds, sugar, butter, semisweet chocolate, brewed espresso, baking cocoa, orange juice, espresso granules, vanilla extract, confectioners' sugar, chocolate curls, coffee beans",411.1,dinner,4.0,98.0,45.0
almond chocolate cake with ganache,"flour, baking soda, salt, blanched almond, unsalted butter, sugar, eggs, bittersweet chocolate, honey, buttermilk, heavy cream",291.8,dinner,4.0,86.0,22.0
almond chocolate chip bars,"sugar, butter, almond extract, egg, all-purpose flour, baking powder, salt, chocolate chips, powdered sugar, milk, sliced almonds",107.1,dinner,2.0,33.0,9.0
almond chocolate chip cookies,"butter, white sugar, brown sugar, eggs, vanilla, almond extract, flour, salt, baking powder, baking soda, ground almonds, chocolate chips",90.2,dessert,2.0,31.0,7.0
almond chocolate chip cookies  no baking powder soda,"whole wheat flour, soft brown sugar, salt, oil, egg, chocolate chips, whole almond",89.5,unknown,1.0,25.0,7.0
almond chocolate chippers  favorite chocolate chip cookies,"slivered almonds, flour, baking soda, salt, butter, sugar, brown sugar, egg, almond flavored liqueur, chocolate chips",86.3,dessert,2.0,25.0,7.0
almond chocolate coffee,"amaretto, dark creme de cacao, hot coffee",2.4,unknown,0.0,0.0,0.0
almond chocolate cookies,"butter, brown sugar, sugar, baking cocoa, almond extract, vanilla extract, eggs, all-purpose flour, baking soda",52.2,dinner,1.0,15.0,4.0
almond chocolate fudge,"dry roasted salted peanuts, semi-sweet chocolate chips, german chocolate, white chocolate bark",706.4,dinner,28.0,118.0,83.0
almond chocolate pudding cake,"nonstick cooking spray, sugar, unsifted flour, salt, unsweetened cocoa, oil, low-fat milk, vanilla extract, almond extract, baking powder, boiling water",260.4,dinner,7.0,136.0,11.0
almond chocolate toffee crunchies,"butter, brown sugar, white sugar, egg, almond extract, all-purpose flour, oats, baking soda, salt, toffee pieces, milk chocolate chips, slivered almonds",1494.3,dinner,41.0,400.0,126.0
almond cigar,"golden rum, amaretto liqueur, lime juice, lime peel, cinnamon stick",139.1,unknown,0.0,1.0,0.0
almond cinnamon braid,"refrigerated crescent dinner rolls, sugar, ground cinnamon, slivered almonds, butter, almond extract, confectioners' sugar, milk",165.3,breakfast,4.0,58.0,8.0
almond cinnamon crescents,"butter, confectioners' sugar, cinnamon, almonds, flour",80.6,dinner,1.0,19.0,7.0
almond cinnamon rolls,"butter, milk, fresh yeast, ground cardamom, cinnamon, salt, sugar, all-purpose flour, almond paste, egg, slivered almonds",381.6,unknown,7.0,44.0,25.0
almond citrus olive oil cake,"all-purpose flour, baking powder, salt, sugar, eggs, orange zest, lemon zest, whole milk, extra virgin olive oil, sliced almonds, powdered sugar, orange peel, orange blossom water, oranges, pink grapefruit",489.2,dessert,11.0,139.0,40.0
almond citrus tart,"plain flour, caster sugar, butter, lemon zest, egg yolks, fresh ricotta, eggs, blanched almond, sliced almonds, icing sugar",648.6,dinner,8.0,114.0,55.0
almond cloud cookies,"almond paste, sugar, egg whites, almond extract, bitter almond oil, confectioners' sugar",104.3,dessert,0.0,58.0,6.0
almond coated basa,"ground almonds, parmesan cheese, dried parsley, lemon pepper, cayenne pepper, egg, buttermilk, basa fillets, flour, oil",525.6,unknown,9.0,12.0,51.0
almond coconut 3 layer cake with coconut frosting,"eggs, white sugar, butter, crisco shortening, almond extract, all-purpose flour, baking soda, buttermilk, flaked coconut, nuts, cream cheese, confectioners' sugar, vanilla, half-and-half cream",1177.0,dinner,26.0,419.0,98.0
almond coconut brownies,"butter, unsweetened chocolate squares, sugar, eggs, all-purpose flour, slivered almonds, vanilla extract, milk, marshmallows, flaked coconut, semi-sweet chocolate chips",234.4,dessert,3.0,97.0,20.0
almond coconut christmas balls,"confectioners' sugar, coconut, cream, almond extract, butter, red food coloring, green food coloring",821.1,dessert,1.0,371.0,71.0
almond coconut joy,"light coconut milk, chocolate sorbet, bananas, coconut, coconut extract, almond extract",169.5,unknown,0.0,60.0,8.0
almond coconut macaroons,"almond paste, egg whites, sugar, coconut, maraschino cherries",70.3,dessert,0.0,41.0,4.0
almond coffee cheesecake for anna,"chocolate wafer cookies, almonds, butter, coffee, cream cheese, sugar, whipping cream, cornstarch, eggs, egg yolk, amaretto, almond extract, water, instant coffee, coffee liqueur, whipped cream",470.9,dessert,14.0,80.0,53.0
almond coffee creamer mix,"powdered sugar, coffee-mate, ground cinnamon, almond extract",210.4,unknown,0.0,202.0,0.0
almond cookie bites,"all-purpose flour, fisher chef's naturals whole almonds, ground allspice, ground cinnamon, salt, butter, powdered sugar, almond extract, granulated sugar",40.1,dessert,1.0,4.0,3.0
almond cookie cups,"all-purpose flour, sliced almonds, dark brown sugar, light corn syrup, butter, vanilla, ice cream",243.3,dessert,3.0,70.0,17.0
almond cookies,"eggs, sugar, canola oil, orange juice, almond extract, ground almonds, baking powder, flour, icing sugar, whole almonds",41.2,dessert,0.0,10.0,2.0
almond cookies  gluten free,"almond flour, coconut flour, eggs, butter, honey, vanilla extract, almond extract, dried cranberries, pistachios",42.1,dessert,1.0,11.0,4.0
almond coriander couscous,"couscous, olive oil, garlic, spring onion, coriander, black currants, almonds",143.7,unknown,2.0,3.0,19.0
almond cow,"kahlua, amaretto, milk, ice",146.6,unknown,1.0,36.0,5.0
almond cracked wheat bread  abm,"water, unsalted butter, almond paste, granulated sugar, salt, cracked wheat, wheat flour, unbleached bread flour, nonfat dry milk powder, instant yeast",2040.7,unknown,151.0,214.0,66.0
almond cranberry apricot biscotti,"flour, baking powder, dried apricot, dried cranberries, sliced almonds, eggs, granulated sugar, butter, vanilla, orange, rind of",94.2,dessert,2.0,29.0,4.0
almond cranberry bread,"flour, sugar, baking powder, salt, egg, 1% low-fat milk, butter, almond extract, almonds, fresh cranberries",230.4,unknown,14.0,42.0,17.0
almond cranberry bundt,"all-purpose flour, whole wheat flour, baking powder, salt, unsalted butter, applesauce, almond filling, sugar, splenda granular, egg whites, egg, vanilla, skim milk, cranberries",108.3,dinner,2.0,26.0,5.0
almond cream  crema di mandorle,"butter, sugar, blanched almond, whipping cream, brandy",510.2,dessert,2.0,57.0,66.0
almond cream cheese balls,"cream cheese, almonds, dried apricot, raisins",120.0,unknown,2.0,17.0,14.0
almond cream cheese glaze,"butter, cream cheese, amaretto, powdered sugar",164.0,dinner,4.0,23.0,23.0
almond cream cheese pound cake,"butter recipe cake mix, cream cheese, eggs, sugar, water, vegetable oil, almond extract, pure vanilla extract",290.4,dessert,11.0,82.0,25.0
almond cream puff ring,"water, butter, flour, salt, eggs, vanilla instant pudding mix, milk, heavy cream, almond extract, semi-sweet chocolate chips, white corn syrup, sliced almonds",414.8,dessert,13.0,58.0,47.0
almond cream spritz cookies,"butter, cream cheese, sugar, almond extract, vanilla, all-purpose flour, almonds",89.7,dessert,1.0,11.0,9.0
almond cream with fruit,"french vanilla instant pudding, milk, whipping cream, almond extract, mixed fruit",385.9,dinner,12.0,59.0,28.0
almond creme,"cold water, unflavored gelatin, sugar, boiling water, evaporated milk, vanilla, almond extract, kiwi fruits, fresh strawberries",211.2,dessert,3.0,100.0,9.0
almond creme bars,"butter, flour, powdered sugar, cream cheese, sugar, eggs, almond flavoring, milk",365.1,dessert,6.0,105.0,33.0
almond crescent cookies,"almonds, confectioners' sugar, all-purpose flour, almond extract, egg, ground cinnamon, butter, sesame seeds",141.5,dessert,2.0,13.0,15.0
almond crescent puffs,"margarine, water, all-purpose flour, eggs, almond extract, pillsbury refrigerated crescent dinner rolls, powdered sugar, milk, candy sprinkles",125.8,breakfast,5.0,17.0,9.0
almond crescent rolls,"refrigerated crescent dinner rolls, almond filling, powdered sugar",107.5,unknown,7.0,6.0,3.0
almond crescents,"sliced almonds, sugar, unsalted butter, all-purpose flour, salt, superfine sugar, cinnamon",52.9,dessert,0.0,10.0,5.0
almond crescents  kourabiedes,"ground almonds, sweet butter, powdered sugar, egg yolk, brandy, all-purpose flour, baking powder",122.2,dessert,0.0,25.0,10.0
almond crescents  mandlove rohlicky,"flour, almonds, powdered sugar, salt, butter, vanilla extract, almond extract",941.0,dessert,31.0,246.0,85.0
almond crowned kugel,"medium noodles, butter, sugar, sour cream, milk, cottage cheese, salt, vanilla essence, farmer cheese, cream cheese, eggs, brown sugar, slivered almonds",395.7,dinner,17.0,72.0,38.0
almond crumb crust,"almond meal, sugar, salt, unsalted butter",121.9,dessert,2.0,10.0,17.0
almond crumbed chicken schnitzel with avocado salad,"olive oil, chicken tenderloins, plain flour, egg, breadcrumbs, sliced almonds, lime, sweet chili sauce, salt, rocket, red capsicum, lebanese cucumber, avocado",503.9,unknown,13.0,26.0,46.0
almond crunch,"almonds, butter, sugar, light corn syrup",521.7,unknown,11.0,112.0,63.0
almond crunch candy,"graham wafers, slivered almonds, brown sugar, butter",143.7,dessert,2.0,32.0,18.0
almond crusted catfish,"breadcrumbs, parmesan cheese, almonds, garlic, salt, ground black pepper, extra virgin olive oil, catfish fillets",357.7,unknown,27.0,5.0,35.0
almond crusted cherry cream pie,"pie crust mix, slivered almonds, sweetened condensed milk, lemon juice, vanilla, almond extract, heavy whipping cream, cherry pie filling",281.1,dessert,2.0,94.0,16.0
almond crusted chicken,"almonds, brown sugar, garlic salt, boneless skinless chicken breast halves, fresh parsley",250.2,unknown,5.0,55.0,11.0
almond crusted chicken breasts,"boneless skinless chicken breast halves, slivered almonds, dry breadcrumbs, salt, egg white, water, vegetable oil, lemon juice, dry white wine",393.2,unknown,23.0,6.0,28.0
almond crusted chicken fingers,"sliced almonds, whole wheat flour, paprika, garlic powder, dry mustard, salt, fresh ground black pepper, extra virgin olive oil, egg whites, chicken tenders, canola oil cooking spray",254.4,dinner,11.0,4.0,14.0
almond crusted chicken tender salad,"teriyaki marinade, olive oil, honey, vinegar, orange peel, chicken breast tenders, fresh ground black pepper, egg, all-purpose flour, panko breadcrumbs, smoked almonds, vegetable oil, mixed baby greens, oranges",619.3,unknown,43.0,78.0,50.0
almond crusted chicken with a strawberry balsamic sauce,"boneless skinless chicken breasts, almonds, egg white, fresh strawberries, sugar, balsamic vinegar, cornstarch, chicken broth, fresh rosemary",278.1,dinner,9.0,25.0,18.0
almond crusted orange mustard pork chops,"pork chop, ground almonds, salt, cayenne pepper, black pepper, egg, water, onion, garlic cloves, mandarin oranges, dijon mustard, soy sauce, fresh parsley, olive oil",446.4,unknown,55.0,42.0,43.0
almond crusted pork,"dry breadcrumbs, sliced almonds, garlic powder, kosher salt, fresh ground pepper, egg white, pork tenderloin",252.9,unknown,14.0,3.0,16.0
almond crusted pork with honey dijon dipping sauce,"whole wheat bread crumbs, sliced almonds, garlic powder, kosher salt, fresh ground pepper, egg white, pork tenderloin, honey, reduced sodium soy sauce, dijon mustard",423.4,unknown,37.0,85.0,18.0
almond crusted salmon,"sliced almonds, fresh parsley, lemon peel, salt, ground black pepper, all-purpose flour, skinless salmon fillet, eggs, olive oil",536.0,unknown,6.0,6.0,52.0
almond crusted salmon with capers and lemon,"vegetable oil, sliced almonds, eggs, salmon fillets, fresh lemon juice, capers, butter, lemon slices, parsley",723.5,dinner,20.0,10.0,68.0
almond crusted salmon with leek and lemon cream,"butter, leeks, dry sherry, fresh lemon juice, whipping cream, salt & freshly ground black pepper, sliced almonds, fresh parsley, lemon rind, salt, ground black pepper, all-purpose flour, skinless salmon fillet, egg, olive oil",610.6,dinner,16.0,9.0,63.0
almond crusted tilapia with caramelized onions  rsc,"onions, extra virgin olive oil, honey, balsamic vinegar, salt, tilapia fillets, toasted almond, lemon zest, garlic powder, lemon pepper, fresh lemon juice, fresh basil, reynolds wrap foil",376.2,unknown,26.0,101.0,35.0
almond cupcakes,"butter, sugar, eggs, almond extract, vanilla extract, baking powder, salt, flour, milk",162.0,dessert,5.0,50.0,10.0
almond custard,"cornstarch, milk, egg, cream, ground almonds, sugar, vanilla essence",330.5,dessert,3.0,42.0,32.0
almond cutout cookies ww,"granulated sugar, sliced almonds, unsalted butter, vanilla extract, egg, flour, confectioners' sugar, salt, colored crystal sugar",46.4,dinner,0.0,11.0,3.0
almond danish puff,"butter, all-purpose flour, water, almond extract, eggs, powdered sugar, warm water, sliced almonds",367.4,breakfast,8.0,71.0,34.0
almond danish swirls,"cream cheese, almond extract, confectioners' sugar, slivered almonds, refrigerated crescent dinner rolls, flour, egg white, water, milk",101.4,unknown,4.0,23.0,6.0
almond delight chicken,"cereal, boneless skinless chicken breasts, butter, garlic salt, sweet and sour sauce",369.0,dinner,18.0,59.0,31.0
almond delite  cheesecake w raspberry sauce,"sugar, butter, cashews, graham cracker, neufchatel cheese, eggs, almond extract, vanilla yogurt, flour, raspberries, water, milk",228.7,dessert,7.0,67.0,19.0
almond deviled eggs,"hard-boiled eggs, mayonnaise, dijon mustard, garlic salt, roasted almonds, parsley",71.0,lunch,2.0,2.0,8.0
almond dip,"cream cheese, sugar, sour cream, vanilla, almonds, almond liqueur",795.2,unknown,18.0,80.0,108.0
almond disaronno truffles,"chocolate chips, butter, fat-free sweetened condensed milk, almond liqueur, almonds, cocoa",138.3,dinner,0.0,55.0,13.0
almond dream coffee cake,"sugar, butter, eggs, all-purpose flour, sour cream, baking powder, baking soda, salt, almond extract, sliced almonds, flaked coconut, ground cinnamon, powdered sugar",254.9,unknown,9.0,80.0,18.0
almond dream coffeecake,"sugar, butter, eggs, flour, nonfat sour cream, baking powder, baking soda, almond extract, sliced almonds, coconut, cinnamon, powdered sugar",233.8,unknown,6.0,85.0,12.0
almond dukkah,"sesame seeds, coriander seed, cumin seeds, ground cumin, fennel seed, flaked sea salt, black peppercorns, blanched almonds",790.2,unknown,1.0,17.0,104.0
almond energizer,"almond milk, bananas, raisins, sesame seeds, nutritional yeast",176.9,breakfast,0.0,100.0,1.0
almond energy blast smoothie  south beach diet,"soymilk, plain low-fat yogurt, firm silken tofu, almonds",278.9,breakfast,8.0,53.0,22.0
almond fig baklava,"fresh figs, slivered almonds, ground cinnamon, phyllo dough, butter, warm water, honey, water, sugar, vanilla extract, orange rind",140.2,dessert,3.0,54.0,8.0
almond filled cookie cake,"flour, sugar, butter, salt, egg, almonds, lemon peel, blanched almonds",241.5,dinner,6.0,62.0,21.0
almond filled crescent rolls,"almond paste, sugar, butter, egg, all-purpose flour, crescent rolls, slivered almonds",169.2,dinner,7.0,28.0,10.0
almond filo snake,"ground almonds, sliced almonds, confectioners' sugar, egg, lemon zest, almond extract, rose water, olive oil, almond oil, phyllo pastry, cinnamon",278.6,dessert,4.0,80.0,22.0
almond fingers,"butter, sugar, egg yolk, almond filling, vanilla, flour, cinnamon, salt, semisweet chocolate",58.6,dessert,1.0,6.0,6.0
almond float asian dessert,"water, unflavored gelatin, white sugar, milk, almond extract, fruit cocktail, lychees, mandarin oranges, maraschino cherries",159.2,dinner,0.0,127.0,2.0
almond florentines,"graham cracker, butter, brown sugar, sliced almonds",124.7,dessert,2.0,36.0,14.0
almond flour applesauce muffins,"eggs, plain yogurt, honey, applesauce, cinnamon, ground almonds, baking soda, salt",185.2,breakfast,9.0,23.0,20.0
almond flour banana pancakes,"eggs, splenda sugar substitute, vanilla extract, banana, plain nonfat yogurt, baking soda, baking powder, salt, almond flour, flour",166.3,breakfast,23.0,33.0,5.0
almond flour berry muffins,"blueberries, water, almond meal, baking soda, ground cinnamon, pure vanilla extract, honey, eggs",189.7,breakfast,2.0,59.0,17.0
almond flour blueberry muffins best ever,"almond flour, baking soda, salt, nutmeg, sugar, eggs, walnut oil, honey, almond extract, vanilla extract, blueberries",96.8,breakfast,5.0,45.0,7.0
almond flour cake  muffins,"butter, splenda sugar substitute, eggs, almond flour, baking powder, lemon extract, vanilla extract",2087.8,unknown,86.0,10.0,333.0
almond flour german pancakes,"butter, salt, baking soda, ascorbic acid, almond flour, eggs, almond milk, vanilla extract, stevia powder, lemon rind",86.7,unknown,6.0,0.0,12.0
almond flour pound cake   sugar free,"butter, splenda granular, eggs, sour cream, almond flour, baking powder, cinnamon, nutmeg, ground cloves, ginger, allspice, vanilla butternut flavoring",179.7,dessert,9.0,1.0,28.0
almond flour stevia cookies,"butter, almond flour, stevia, salt, vanilla extract, egg",113.7,dessert,10.0,0.0,18.0
almond french toast,"eggs, half-and-half, sugar, vanilla, salt, sliced almonds, challah, butter",665.0,breakfast,26.0,30.0,64.0
almond fudge banana cake,"dole banana, sugar, margarine, eggs, amaretto liqueur, vanilla extract, all-purpose flour, unsweetened cocoa powder, baking soda, salt, dole almond",224.8,dessert,10.0,87.0,14.0
almond fudge topped shortbread,"butter, powdered sugar, salt, unsifted flour, semi-sweet chocolate chips, eagle brand condensed milk, almond extract, sliced almonds",180.1,dessert,3.0,63.0,16.0
almond fudge truffles,"unsweetened cocoa, powdered sugar, light cream cheese, vanilla extract",37.1,dessert,0.0,19.0,2.0
almond ginger biscotti,"flour, sugar, baking powder, lemon zest, salt, unblanched whole almonds, crystallized ginger, eggs, vanilla extract",82.9,breakfast,1.0,18.0,5.0
almond glazed cherry chip sugar cookies,"butter, sugar, almond extract, all-purpose flour, baking powder, salt, cherry chips, powdered sugar, water",5475.2,unknown,149.0,1666.0,430.0
almond glazed popcorn,"popped popcorn, powdered sugar, almond extract, water",212.3,dessert,0.0,148.0,1.0
almond glazed sugar cookies,"butter, sugar, almond extract, flour, baking powder, powdered sugar, water, sliced almonds",91.5,dessert,1.0,31.0,6.0
almond graham cracker cookies,"graham cracker squares, butter, brown sugar, sliced almonds",387.8,dessert,11.0,90.0,38.0
almond graham squares,"nonstick cooking spray, graham cracker crumbs, sweetened condensed milk, salt, sliced almonds",179.1,dessert,4.0,65.0,13.0
almond granola,"apple cider, almond butter, liquid honey, cinnamon, vanilla, salt, rolled oats, sliced almonds, dried blueberries",129.6,breakfast,6.0,23.0,7.0
almond grapes,"seedless grapes, sour cream, brown sugar, almond extract, pecans",649.6,breakfast,2.0,332.0,49.0
almond green bean salad,"green beans, cherry tomatoes, red onion, balsamic vinegar, vegetable oil, salt and pepper, lettuce leaf, sliced almonds",113.1,dinner,0.0,12.0,11.0
almond half moons,"butter, granulated sugar, egg, almond extract, all-purpose flour, ground almonds, powdered sugar",50.4,dessert,0.0,6.0,5.0
almond halibut fillets  you can also use sole or perch,"halibut fillet, butter, slivered almonds, lemon juice, dill weed, salt, pepper, paprika",336.0,unknown,13.0,2.0,34.0
almond ham roll ups,"cream cheese, instant minced onion, dry mustard, hot sauce, ham, mayonnaise, worcestershire sauce, paprika, almonds, green onion",102.8,unknown,12.0,0.0,13.0
almond honey butter,"butter, liqueur, honey, orange rind",1651.5,unknown,36.0,185.0,188.0
almond honey carrots,"carrots, chicken stock, liquid honey, salt, pepper, nutmeg, sliced almonds, butter",122.2,unknown,9.0,41.0,9.0
almond honey granola,"oil, honey, almond extract, old fashioned oats, wheat germ, almonds, natural bran, raisins",229.6,breakfast,0.0,46.0,14.0
almond honey whole wheat bread  1 1 2 pound recipe,"water, honey, margarine, bread flour, whole wheat flour, slivered almonds, salt, bread machine yeast",155.3,unknown,9.0,18.0,5.0
almond horns,"almond paste, confectioners' sugar, egg, all-purpose flour, almonds, bittersweet chocolate",187.8,dessert,1.0,57.0,17.0
almond hot chocolate,"almond milk, bittersweet chocolate, unsweetened cocoa, vanilla extract, almonds",213.3,unknown,4.0,7.0,27.0
almond hummus,"chickpeas, almond butter, lemon juice, garlic, salt, lemon zest, red pepper flakes, water, salt and pepper",700.7,unknown,113.0,15.0,63.0
almond ice cream  dairy free,"blanched almond, water, sugar, lemon zest, cinnamon stick",771.7,dessert,1.0,347.0,61.0
almond iced shortbread balls  gluten free,"salted butter, white sugar, eggs, gluten-free flour, icing sugar, almond extract, water, food coloring",68.9,dessert,1.0,26.0,7.0
almond jello,"evaporated milk, sugar, unflavored gelatin, almond extract, fruit cocktail",343.9,dessert,5.0,171.0,14.0
almond jelly chunks with sweet tangy longan,"milk, gelatin powder, sugar, almond extract, longans in heavy syrup, lemon zest, lemon, juice of",136.0,dessert,2.0,39.0,6.0
almond jelly with fruit salad,"caster sugar, gelatin powder, almond essence, sweetened condensed milk, lychees",264.6,dinner,3.0,176.0,8.0
almond joy,"amaretto, white creme de cacao, heavy cream, ice",154.2,unknown,0.0,0.0,25.0
almond joy balls,"potato, sweetened coconut, powdered sugar, almond extract, chocolate",163.3,dessert,1.0,114.0,7.0
almond joy bars,"graham crackers, sugar, margarine, flaked coconut, sweetened condensed milk, toasted almonds, semi-sweet chocolate chips",345.8,dinner,6.0,140.0,30.0
almond joy bread,"eggs, sugar, canola oil, unsalted butter, vanilla, coconut extract, flour, baking soda, baking powder, salt, cocoa powder, buttermilk, sweetened coconut, almonds, chocolate chips, water, butter",765.8,unknown,12.0,296.0,55.0
almond joy brownie bites,"batter, sweetened flaked coconut, sweetened condensed milk, almonds, chocolate almond bark",87.2,dessert,1.0,41.0,7.0
almond joy brownies,"almond joy candy bars, butter, sugar, vanilla, eggs, all-purpose flour, salt, almonds",197.3,dessert,6.0,64.0,16.0
almond joy brownies   jar recipe,"granulated sugar, cocoa powder, flaked coconut, almond extract, whole almond, flour, baking powder, salt, butter, eggs",209.6,dessert,7.0,82.0,15.0
almond joy butter,"almonds, unsweetened dried shredded coconut, dark chocolate, vanilla extract, sea salt",1493.0,unknown,33.0,53.0,212.0
almond joy cake,"dark chocolate cake mix, butter, sugar, evaporated milk, marshmallows, coconut, almonds",611.7,unknown,20.0,157.0,61.0
almond joy cake with creamy coconut butter frosting,"coconut pudding mix, water, white cake mix, vegetable oil, eggs, coconut rum, devil's food cake mix, instant pistachio pudding mix, almond liqueur, butter, salt, vanilla extract, coconut extract, confectioners' sugar, coconut milk, flaked coconut",558.7,dinner,19.0,256.0,40.0
almond joy candies,"karo syrup, coconut, almond extract, almonds, chocolate bark",80.0,dessert,0.0,11.0,8.0
almond joy challah,"coconut milk, water, butter, egg, salt, coconut extract, almond extract, coconut flakes, brown sugar, sugar, unbleached bread flour, fast rising yeast, mini chocolate chip, warm water, powdered sugar, almonds",487.6,unknown,11.0,147.0,20.0
almond joy cheesecake,"graham cracker crumbs, sliced almonds, sweetened flaked coconut, unsalted butter, golden brown sugar, cream cheese, sugar, almond extract, cream of coconut, all-purpose flour, eggs, whipping cream, light corn syrup, semi-sweet chocolate chips",797.0,dessert,14.0,207.0,88.0
almond joy chocolate bark,"dark chocolate, almonds, shredded coconut",379.8,dessert,3.0,15.0,56.0
almond joy chocolate pie,"miniature almond joy bars, graham cracker crumbs, granulated sugar, cornstarch, cocoa powder, salt, milk, vanilla extract, whipped cream",548.5,dessert,11.0,225.0,39.0
almond joy cookies,"butter, granulated sugar, light brown sugar, egg, vanilla extract, almond extract, baking soda, salt, flour, semi-sweet chocolate chips, sweetened coconut",121.9,dessert,3.0,40.0,10.0
almond joy dark,"malibu rum, dark creme de cacao, creme de noyaux, pineapple juice, grenadine",65.5,unknown,0.0,0.0,0.0
almond joy drop cookies,"butter, white sugar, brown sugar, eggs, vanilla extract, flour, baking soda, salt, semi-sweet chocolate chips, flaked coconut, almonds",2080.3,dessert,66.0,708.0,155.0
almond joy fudge,"chocolate chips, sweetened condensed milk, vanilla extract, almond joy candy bars",162.0,dessert,1.0,89.0,11.0
almond joy fudge brownies,"duncan hines chewy fudge brownie mix, vegetable oil, eagle brand condensed milk, miniature almond joy bars, toasted almond",407.4,dessert,7.0,96.0,30.0
almond joy latte,"almond syrup, chocolate syrup, coconut syrup, espresso, milk",33.9,unknown,1.0,12.0,1.0
almond joy layer cake,"unsweetened cocoa powder, unsalted butter, semisweet chocolate, granulated sugar, pure vanilla extract, salt, eggs, flour, baking powder, baking soda, sweetened flaked coconut, sliced almonds, heavy cream, confectioners' sugar",811.4,dessert,15.0,224.0,84.0
almond joy macaroons,"sweetened flaked coconut, flour, sugar, light corn syrup, cream of coconut, egg whites, unsalted butter, vanilla extract, salt, chocolate kisses with almonds",92.1,dessert,1.0,31.0,8.0
almond joy muffins,"all-purpose flour, sugar, baking powder, salt, egg, milk, vegetable oil, sour cream, vanilla extract, semi-sweet chocolate chips, sweetened flaked coconut, toasted almond",577.7,breakfast,17.0,203.0,35.0
almond kahlua frosty,"kahlua, vanilla ice cream, half-and-half cream, almond extract, ice",873.9,unknown,7.0,301.0,46.0
almond kiss,"malibu rum, hot cocoa",65.5,unknown,0.0,0.0,0.0
almond kiss cookies,"butter, sugar, brown sugar, egg, almond extract, all-purpose flour, baking soda, salt, chocolate kisses with almonds, powdered sugar, milk, raspberry jam",79.1,dinner,2.0,33.0,3.0
almond kowadjik,"ground almonds, dried coconut, long-grain rice, whole milk, oranges, zest of, salt, ground cardamom, unsalted butter, light brown sugar",112.3,dessert,2.0,22.0,8.0
almond kulfi,"ground almonds, sliced almonds, blanched almonds, evaporated milk, superfine sugar, vanilla extract, chocolate",178.2,dinner,2.0,28.0,17.0
almond lace cookies,"granulated sugar, flour, sliced almonds, egg whites, butter, vanilla extract",87.1,dessert,0.0,21.0,9.0
almond latt,"amaretto, kahlua, cream, milk",242.4,unknown,1.0,37.0,23.0
almond legend cake,"sliced almonds, pillsbury plus yellow cake mix, orange juice, water, oil, almond extract, eggs, almonds, apricot preserves",237.9,dessert,10.0,76.0,15.0
almond lemon and anise biscotti,"eggs, granulated sugar, vegetable oil, lemon zest, anise seeds, baking powder, vanilla extract, salt, all-purpose flour, whole almond, coarse sugar",96.1,dessert,1.0,17.0,8.0
almond lemon cake,"unsalted butter, light brown sugar, lemon zest, vanilla extract, baking powder, salt, egg yolks, egg whites, ground almonds, all-purpose flour, lemon juice, cream of tartar, confectioners' sugar",325.0,dessert,9.0,84.0,31.0
almond lemon cake with lemon mascarpone frosting,"all-purpose flour, almond meal, baking powder, baking soda, salt, unsalted butter, sugar, pure vanilla extract, almond extract, lemon zest, egg, buttermilk, mascarpone cheese, heavy whipping cream, powdered sugar, lemon, vanilla",177.6,dessert,5.0,61.0,12.0
almond lemon chocolate chews  rsc,"reynolds wrap foil, all-purpose flour, whole wheat pastry flour, baking powder, baking soda, sea salt, almond paste, sugar, honey, unsalted butter, egg, fresh lemon zest, lemon juice, dark chocolate chips, ground almonds, nonstick cooking spray",772.7,dessert,9.0,234.0,65.0
almond lemon punch,"tea bag, tea, frozen concentrated lemonade, sugar, almond extract",138.6,unknown,0.0,139.0,0.0
almond lemon tart,"butter, plain flour, icing sugar, almond extract, sliced almonds, caster sugar, eggs, double cream, lemons, juice of",606.9,dinner,6.0,99.0,64.0
almond lemon zucchini bread,"eggs, egg whites, sugar, oil, nonfat vanilla yogurt, almond extract, lemon juice, lemon zest, vanilla extract, zucchini, sliced almonds, flour, whole wheat flour, baking powder, baking soda, salt, turbinado sugar",117.9,unknown,6.0,35.0,5.0
almond lemonade tea,"brewed tea, water, frozen lemonade, sugar, almond extract",70.9,dinner,0.0,65.0,0.0
almond macaroon cake,"eggs, butter, flour, sugar, almond extract, slivered almonds",328.7,dessert,4.0,121.0,23.0
almond macaroon cherry pie,"pie shell, salt, cherry pie filling, lemon juice, cinnamon, coconut, milk, almonds, butter, sugar, almond extract, egg",497.1,dessert,10.0,40.0,43.0
almond macaroons,"egg whites, icing sugar, ground almonds, cinnamon",33.6,dessert,0.0,9.0,3.0
almond macaroons  makroul el louse,"ground almonds, granulated sugar, lemon zest, eggs, all-purpose flour, water, orange juice, powdered sugar",120.7,dessert,0.0,58.0,8.0
almond macaroons    the passover cookies,"almonds, sugar, almond extract, salt, fresh lemon rind, egg whites, slivered almonds",87.5,dessert,2.0,19.0,9.0
almond mandarin salad,"bacon, white wine vinegar, honey, hot dry mustard, celery salt, ground paprika, olive oil, red leaf lettuce, mandarin oranges, green onion, almonds",660.7,unknown,24.0,106.0,82.0
almond marmalade spread,"orange juice, orange marmalade, cream cheese, blanched almond",947.9,lunch,17.0,273.0,98.0
almond meatballs  spain,"ground veal, ground pork, egg, breadcrumbs, garlic, blanched almond, salt, pepper, extra virgin olive oil, all-purpose flour",233.0,lunch,7.0,2.0,22.0
almond meltaways,"unsalted butter, confectioners' sugar, almond extract, all-purpose flour, blanched slivered almond",60.1,dessert,0.0,13.0,5.0
almond meringue cookies,"egg whites, cream of tartar, almond extract, splenda sugar substitute, blanched almond",11.6,dinner,0.0,0.0,1.0
almond meringue tartlets,"prepared tart shells, jam, ground almonds, icing sugar, almond flavoring, egg",88.8,dinner,0.0,46.0,4.0
almond milk,"whole almond, fresh water, dates",166.7,unknown,0.0,15.0,20.0
almond milk  almond drink base,"almonds, water, honey",281.6,unknown,6.0,16.0,37.0
almond milk  vegan  raw  gluten free,"almonds, water, molasses",293.0,unknown,6.0,23.0,36.0
almond milk hot chocolate   martha stewart,"almond milk, cinnamon stick, sugar, cocoa, semisweet chocolate, salt",282.0,unknown,12.0,100.0,24.0
almond milk pancakes,"flour, baking powder, splenda sugar substitute, salt, unsweetened almond milk, canola oil, vanilla, eggs",321.2,breakfast,32.0,8.0,20.0
almond mocha,"coffee, almond syrup, chocolate syrup, cream",158.4,unknown,3.0,25.0,16.0
almond mocha cake,"almonds, strong coffee, margarine, semi-sweet chocolate chips, sugar, amaretto, all-purpose flour, baking soda, vanilla, eggs, powdered sugar",293.7,unknown,7.0,97.0,23.0
almond muffins with gooey fig center,"lemon, zest of, almond meal, all-purpose flour, oat flour, sugar, baking powder, salt, cinnamon, ground nutmeg, figs, egg, honey, skim milk, almond oil, sliced almonds",244.7,breakfast,7.0,69.0,16.0
almond mushroom pate,"margarine, garlic, tarragon, lemon juice, white pepper, onion, mushrooms, almonds, soy sauce, cream cheese",799.2,dinner,41.0,32.0,108.0
almond orange cake,"slivered almonds, all-purpose flour, granulated sugar, butter, fresh orange juice, almond extract, baking powder, salt, eggs, orange marmalade, orange liqueur, whipping cream, orange rind twists",393.0,dessert,10.0,116.0,30.0
almond orange cookies,"shortening, granulated sugar, orange, eggs, all-purpose flour, baking powder, ground almonds, confectioners' sugar, ground cinnamon",134.8,dessert,0.0,19.0,12.0
almond orange couscous,"couscous, chicken broth, butter, sliced almonds, cilantro, orange zest, kosher salt",191.8,dinner,18.0,1.0,9.0
almond orange macaroons,"granulated sugar, confectioners' sugar, orange, zest of, salt, almond paste, egg whites",42.1,dessert,0.0,27.0,1.0
almond orange muffins,"unbleached all-purpose flour, baking powder, cinnamon, salt, wheat germ, eggs, plain soymilk, fresh orange juice, sugar, almond oil, orange, zest of, slivered almonds",279.2,unknown,8.0,39.0,24.0
almond oreo truffles balls  and other flavors,"oreo cookies, cream cheese, almond extract, dipping chocolate, white chocolate",75.7,dinner,2.0,22.0,6.0
almond pancake mix,"non-fat powdered milk, all-purpose flour, whole wheat flour, almonds, baking powder, granulated sugar, salt",533.9,breakfast,116.0,139.0,16.0
almond pancakes,"almond meal, almond milk, baking powder, sea salt, flax seed meal, cinnamon",148.7,breakfast,13.0,3.0,19.0
almond pancakes   hcg p3,"almond meal, egg, water, oil, salt, stevia, almond extract",464.9,breakfast,15.0,8.0,64.0
almond paste,"almonds, icing sugar, egg white",2332.3,dessert,36.0,935.0,192.0
almond paste   make your own,"confectioners' sugar, almonds, eggs, orange flower water",2256.0,dessert,34.0,913.0,187.0
almond paste or marzipan,"ground almonds, caster sugar, powdered sugar, eggs, egg yolks, brandy, vanilla extract, lemon juice, food coloring",6539.3,dessert,6.0,3810.0,379.0
almond paste twirl coffee cake,"flour, yeast, milk, butter, granulated sugar, salt, egg, powdered sugar, ground almonds, almond extract",212.3,unknown,5.0,54.0,14.0
almond pastry,"refrigerated crescent dinner rolls, cream cheese, egg, sugar, almond extract, sliced almonds",71.5,breakfast,1.0,24.0,7.0
almond pastry sticks,"sugar, almond extract, butter, cream cheese, flour, baking powder, salt",64.8,dessert,1.0,16.0,5.0
almond peach clafouti,"granulated sugar, amaretto liqueur, firm ripe peach, sliced almonds, eggs, egg yolk, unsalted butter, all-purpose flour, milk, almond extract, confectioners' sugar, lightly sweetened whipped cream",425.2,dinner,1.0,132.0,33.0
almond peach crisp,"flour, sugar, nutmeg, salt, butter, sliced almonds, peaches, lemon juice, cornstarch, almond extract",499.4,dessert,12.0,211.0,30.0
almond peach muffins,"all-purpose flour, sugar, salt, baking soda, eggs, vegetable oil, vanilla extract, almond extract, fresh peaches, almonds",254.7,unknown,9.0,73.0,20.0
almond peach smoothie,"skim milk, peach, almond extract, non-fat vanilla frozen yogurt",173.2,unknown,6.0,58.0,1.0
almond peach yogurt bread,"all-purpose flour, salt, baking soda, baking powder, eggs, vegetable oil, sugar, peach yogurt, almond extract, sliced almonds",2606.0,unknown,88.0,793.0,186.0
almond peaches with amaretti filling,"peaches, amaretti cookies, superfine sugar, butter, egg yolk, fresh lemon rind, sliced almonds, light cream",234.6,dessert,3.0,94.0,17.0
almond peachy pie,"blanched almonds, coconut, sugar, butter, sour cream, salt, icing sugar, orange juice, orange rind, vanilla, peaches, cream",654.9,dinner,6.0,153.0,77.0
almond pear flan,"all-purpose flour, butter, sugar, egg yolks, eggs, ground almonds, pears, apricot jam",463.5,dessert,8.0,97.0,43.0
almond pepper green beans,"green beans, extra virgin olive oil, red bell pepper, onion, butter, slivered almonds",109.7,unknown,1.0,22.0,10.0
almond pesto pasta,"pasta, light cream, parmesan cheese, frozen peas, blanched almond, garlic cloves, olive oil, mint, rock salt, fresh ground pepper",892.6,unknown,3.0,24.0,61.0
almond pie bars,"butter, icing sugar, flour, white sugar, eggs, almond extract, light corn syrup, almonds",136.3,dessert,2.0,40.0,11.0
almond pie crust,"butter, brown sugar, xanthan gum, rice flour, vanilla, almonds",1464.2,dessert,29.0,224.0,133.0
almond pistachio macaroons,"almond paste, granulated sugar, powdered sugar, egg whites, vanilla, salt, unsalted pistachio nuts",141.8,dessert,0.0,68.0,9.0
almond popcorn crunch,"granulated sugar, brown sugar, light corn syrup, water, salt, whole almonds, butter, popped popcorn",907.5,lunch,46.0,398.0,61.0
almond poppy seed bars,"eggs, sugar, milk, vegetable oil, almond extract, vanilla extract, butter flavoring, all-purpose flour, poppy seeds, baking powder, salt, butter, confectioners' sugar",1512.0,lunch,41.0,643.0,97.0
almond poppy seed bread,"flour, sugar, eggs, baking powder, salt, poppy seeds, milk, vegetable oil, vanilla, almond extract, butter flavoring",351.7,unknown,13.0,115.0,22.0
almond poppy seed cake,"yellow cake mix, vanilla instant pudding mix, eggs, cooking oil, hot water, poppy seed, almond extract, butter, cinnamon, sugar",288.8,dessert,13.0,90.0,24.0
almond poppy seed muffins,"flour, sugar, baking powder, salt, milk, vegetable oil, eggs, almond extract, poppy seeds",271.9,unknown,7.0,75.0,23.0
almond poppy seed pound cake,"all-purpose flour, baking soda, salt, butter, sugar, vanilla extract, almond extract, eggs, sour cream, poppy seed filling",433.9,dessert,11.0,101.0,35.0
almond poppy seed scones,"all-purpose flour, granulated sugar, poppy seed, baking powder, salt, unsalted butter, sour cream, egg, egg yolk, almond extract, milk, egg white, sliced almonds",148.4,unknown,5.0,17.0,12.0
almond poppy seed shortbread,"flour, unsalted butter, sugar, poppy seeds, almond extract, cream cheese, sliced almonds",380.1,dessert,0.0,57.0,35.0
almond pork tenderloin with dried cranberry apple conserve,"pork tenderloin, breadcrumbs, sliced almonds, dried rosemary, fresh coarse ground black pepper, salt, egg whites, cooking spray, dried sweetened cranberries, boiling water, dried apple, raisins, crystallized ginger, white wine vinegar, sugar, ground red pepper, ground allspice, ground cinnamon, ground ginger, strawberry jam",447.2,unknown,17.0,153.0,13.0
almond pound cake,"sugar, butter, eggs, almond extract, water, flour, ground almonds, baking powder, salt",403.3,dinner,13.0,102.0,38.0
almond power bar,"almonds, flax seed meal, unsweetened dried shredded coconut, almond butter, sea salt, coconut oil, stevia, agave nectar, vanilla extract, chocolate chips",333.4,lunch,8.0,8.0,48.0
almond praline cake with mascarpone frosting and chocolate bark,"heavy whipping cream, dark brown sugar, semisweet chocolate, cake flour, baking powder, salt, unsalted butter, almond paste, eggs, vanilla extract, almond extract, sugar, whole almonds, mascarpone, bittersweet chocolate",1059.0,dessert,12.0,247.0,113.0
almond pudding,"milk, long grain rice, ground cardamom, sugar, almonds, rose water, ground nutmeg, strawberries",288.9,dessert,6.0,58.0,20.0
almond puff loaf,"butter, flour, water, eggs, almond extract, jam, sliced almonds, confectioners' sugar, vanilla, milk",243.0,unknown,4.0,41.0,21.0
almond puffs,"almonds, milk, sugar, salt, yeast, egg, shortening, flour",100.8,dinner,4.0,13.0,7.0
almond raisin granola,"whole almonds, quaker oats, oat bran, cinnamon, honey, molasses, vegetable oil, maple syrup, red raisins",424.7,breakfast,0.0,87.0,29.0
almond raisin pudding  pudin de almendras,"seedless raisin, dry sherry, eggs, sugar, light cream, blanched almonds, ground cinnamon, nutmeg, whipped cream",723.1,breakfast,3.0,175.0,65.0
almond raspberry cream roll,"flour, baking powder, salt, eggs, granulated sugar, water, vanilla, almond extract, powdered sugar, heavy cream, amaretto, slivered almonds, seedless raspberry jam",591.8,dinner,7.0,200.0,50.0
almond raspberry tassies,"butter, cream cheese, flour, sugar, milk, raspberry preserves, almond paste, egg yolks, orange juice",121.5,dessert,1.0,30.0,10.0
almond raspberry torte,"all-purpose flour, baking powder, salt, butter, sugar, vanilla, eggs, milk, seedless raspberry jam, whipping cream, sliced almonds, almond paste",440.9,dinner,9.0,105.0,44.0
almond red tea custard,"almond milk, eggs, egg whites, sugar, salt, tea bags, orange peel, whole almond",73.3,dessert,3.0,45.0,2.0
almond rhubarb coffee cake,"brown sugar, vegetable oil, egg, vanilla, flour, salt, baking soda, milk, rhubarb, sliced almonds, sugar, butter",294.1,breakfast,10.0,97.0,20.0
almond rice,"chicken stock, dry parsley flakes, instant minced onion, oregano leaves, long grain rice, butter, slivered almonds",392.6,unknown,11.0,15.0,11.0
almond rice casserole,"olive oil, celery, green onions, green bell pepper, sliced mushrooms, fresh parsley, thyme, oregano, pepper, brown rice, vegetable broth, slivered almonds",246.5,unknown,0.0,8.0,14.0
almond rice cookies,"rice flour, ground almonds, sugar, egg white, clear honey, almond extract, blanched almonds",33.1,dessert,0.0,14.0,0.0
almond rice custard with berries,"milk, ground almonds, salt, rice, whipping cream, superfine sugar, almond essence, raspberries, sliced almonds, powdered sugar",583.2,dinner,5.0,63.0,55.0
almond rice mix,"slivered almonds, dried parsley, dill weed, dried onion, salt, garlic powder, celery seed, pepper, chicken bouillon cubes, rice",818.0,unknown,75.0,9.0,15.0
almond rice pilaf  instant rice,"onion, slivered almonds, butter, chicken broth, instant rice",315.8,dinner,16.0,9.0,16.0
almond rice pudding  arroz almendrado,"water, long-grain rice, orange rind, salt, milk, sugar, blanched almond, egg yolks, ground cinnamon",511.4,dessert,6.0,201.0,24.0
almond rice pudding tart  3 ww points,"slivered almonds, skim milk, arborio rice, ground cinnamon, table salt, sugar, almond extract, cherries",204.4,breakfast,9.0,50.0,2.0
almond rice pudding with dried cherries,"nonfat milk, almond extract, egg, egg white, brown sugar, salt, butter, lemon juice, dried cherries, cooked rice",152.6,dinner,3.0,61.0,3.0
almond roasted duck with chinese spices,"soy sauce, chinese five spice powder, salt, fresh ground pepper, duck, garlic cloves, almond syrup, oranges",1870.2,unknown,57.0,18.0,274.0
almond roca,"butter, vanilla, brown sugar, slivered almonds, chocolate chips, soda cracker",4226.4,dessert,32.0,1617.0,422.0
almond roca  english toffee,"butter, almonds, sugar, water, milk chocolate candy bars",147.9,dessert,3.0,43.0,16.0
almond roca bars,"butter, sugar, brown sugar, egg, flour, vanilla, chocolate chips, slivered almonds",303.5,dessert,4.0,80.0,27.0
almond roca cookies,"all-purpose flour, baking soda, salt, brown sugar, sugar, butter, eggs, vanilla extract, toffee pieces, almonds, milk chocolate, vegetable oil",224.4,dessert,5.0,72.0,19.0
almond roca fruit pie  a k a  toffee crumb fruit pie,"unbaked pie shells, cherry pie filling, sugar, flour, butter, almonds",3139.1,dessert,68.0,411.0,225.0
almond roca gourmet popcorn,"popped popcorn, butter, brown sugar, sugar, salt, light corn syrup, natural almonds, baking soda, butter flavoring",1096.4,unknown,33.0,344.0,85.0
almond salad dressing,"salad oil, sugar, vinegar, salt, almond extract",58.2,unknown,2.0,10.0,8.0
almond sandwich cookies,"refrigerated sugar cookie dough, all-purpose flour, almond extract, granulated sugar, powdered sugar, butter, milk, red food coloring",490.4,lunch,12.0,186.0,29.0
almond scones,"ground almonds, all-purpose flour, baking powder, baking soda, salt, sugar, unsalted butter, milk, plain yogurt, egg, almond extract, powdered sugar",127.6,lunch,6.0,18.0,8.0
almond sesame mounds,"sliced almonds, sesame seeds, butter, vanilla extract, honey, semi-sweet chocolate chips",36.9,dessert,0.0,7.0,4.0
almond shake paleo and gluten free,"ice, almond milk, plain yogurt, slivered almonds, ground cardamom, ground fennel, ground star anise",158.9,unknown,2.0,24.0,16.0
almond sherry bundt cake,"yellow cake mix, eggs, cream sherry, vegetable oil, vanilla instant pudding mix, nutmeg, brown sugar, flour, cinnamon, firm butter, almonds, powdered sugar, butter, hot water, sliced almonds",762.4,dinner,26.0,260.0,62.0
almond shortbread,"real butter, sugar, vanilla, almond extract, flour, almonds, salt",80.8,dessert,2.0,11.0,7.0
almond shortbread cookies,"flour, butter, salt, sugar, ground almonds, lemon zest, powdered sugar",180.3,dessert,4.0,23.0,20.0
almond shortbreads,"almonds, sugar, unsalted butter, pure vanilla extract, almond extract, fine salt, all-purpose flour, egg white",171.1,dessert,3.0,30.0,17.0
almond shrimp with amaretto butter,"butter, onion, large shrimp, amaretto liqueur, slivered almonds, salt",561.4,dinner,43.0,9.0,53.0
almond smoothie   steak shake,"almonds, water, soymilk, carob powder, bananas, ice cubes",318.8,breakfast,5.0,64.0,29.0
almond snack mix,"rice chex, sliced almonds, sugar, light corn syrup, butter, almond extract",1217.8,lunch,44.0,266.0,83.0
almond snowball cookies,"egg whites, kosher salt, sugar, flaked coconut, almond extract, nutmeg, all-purpose flour, candied red cherries",90.9,dessert,2.0,46.0,5.0
almond snowballs,"ground almonds, icing sugar, egg white",38.2,dessert,0.0,15.0,3.0
almond softies,"butter, sugar, eggs, almond filling, milk, flour, baking soda, salt, blanched almond",148.7,dessert,4.0,29.0,12.0
almond spice rice pudding from leftover rice,"cooked rice, sugar, milk, almond extract, vanilla extract, ground cardamom, ground flax seeds",204.6,dessert,1.0,50.0,7.0
almond spiced chicken,"unsalted margarine, sliced almonds, curry powder, apple, onion, white button mushrooms, flour, chicken bouillon granule, boiling water, 2% low-fat milk, fresh lemon juice, cooked chicken breast",131.5,unknown,5.0,20.0,9.0
almond sponge cake,"egg whites, baking soda, salt, sugar, cornstarch, almond meal",135.6,dessert,5.0,91.0,4.0
almond sponge cake    spain bizcocho de almendras,"blanched almond, eggs, cake flour, salt, sugar, powdered sugar",455.5,dessert,4.0,158.0,27.0
almond sponge cake filled with almond cream,"cake flour, almonds, eggs, egg yolk, sugar, pure vanilla extract, cream of tartar, heavy whipping cream, granulated sugar, ground almonds",277.9,dessert,2.0,65.0,29.0
almond spritz press cookies,"shortening, sugar, egg, sifted flour, salt, baking powder, almond extract, food coloring",48.6,dinner,0.0,8.0,4.0
almond squares,"all-purpose flour, baking powder, salt, vegetable shortening, granulated sugar, egg, milk, almond extract, almonds",151.9,dessert,4.0,35.0,12.0
almond stuffed baked apple halves,"apples, almonds, sugar, water, butter, dry breadcrumbs, brown sugar, whipping cream",397.6,dessert,5.0,88.0,44.0
almond stuffed dates,"dates, blanched almonds, honey, cinnamon, black pepper",57.9,lunch,0.0,49.0,1.0
almond stuffed mushrooms,"mushrooms, yellow onion, olive oil, garlic clove, fresh thyme, red wine, water, fresh spinach leaves, sea salt, almonds, black pepper, nutritional yeast",56.3,unknown,8.0,5.0,4.0
almond stuffed tofu cubes,"slivered almonds, firm tofu, dry breadcrumbs, parmesan cheese, garlic powder, salt, black pepper, water, egg",18.5,lunch,1.0,0.0,1.0
almond sugar cookies,"flour, butter, sugar, milk, baking powder, almond extract, salt, eggs",127.3,dessert,4.0,22.0,9.0
almond sunshine citrus,"navel oranges, red grapefruit, white grapefruit, lemon, lime, sugar, almond extract, sliced almonds",172.0,breakfast,0.0,137.0,0.0
almond syrup for flavored coffee,"sugar, water, almond extract",774.0,unknown,0.0,799.0,0.0
almond tabbouli salad,"cracked wheat, boiling water, chopped tomatoes, parsley, green onion, toasted almond, almond oil, fresh lemon juice, of fresh mint, salt, pepper",1070.2,unknown,50.0,39.0,142.0
almond tahini date balls,"sliced almonds, cinnamon, tahini, dried dates",98.8,dinner,0.0,23.0,9.0
almond tarragon chicken salad,"boneless skinless chicken breast, mayonnaise, dried tarragon, sliced almonds",143.8,lunch,6.0,6.0,16.0
almond tart,"margarine, granulated sugar, egg, flour, baking powder, almond extract",424.2,dessert,13.0,100.0,36.0
almond tart with cranberry topping,"almond paste, butter, unsweetened cocoa powder, bleached all purpose flour, confectioners' sugar, egg, ice water, cream cheese, sugar, amaretto liqueur, fresh cranberries, cranberry juice, orange zest, cornstarch, grand marnier",502.4,dinner,6.0,154.0,42.0
almond tea,"water, tea bags, sugar, vanilla extract, almond extract, lemons, juice of",419.8,unknown,0.0,409.0,0.0
almond tea cake,"butter, sugar, eggs, flour, salt, almond extract, slivered almonds",87.1,dessert,1.0,33.0,6.0
almond tea cookies,"sugar, butter, vegetable oil, almond extract, baking soda, salt, flour, almonds, powdered sugar",88.6,dessert,2.0,10.0,8.0
almond tea latte,"tea bags, water, almond syrup, whole milk, ground nutmeg",36.6,unknown,1.0,12.0,3.0
almond thins,"slivered almonds, light brown sugar, all-purpose flour, baking soda, kosher salt, unsalted butter, egg, pure vanilla extract, almond extract",43.8,dessert,0.0,10.0,3.0
almond tilapia and peas and carrots rice,"chicken broth, butter, long-grain rice, carrots, frozen peas, scallions, flat leaf parsley, fresh dill, extra virgin olive oil, tilapia fillets, salt and pepper, flour, lemon, toasted almonds",529.7,unknown,22.0,17.0,27.0
almond tile cookies,"egg white, sugar, flour, butter, water, vanilla, sliced almonds",37.6,dessert,0.0,8.0,3.0
almond toffee bars,"butter, brown sugar, egg yolk, almond extract, vanilla extract, all-purpose flour, salt, semi-sweet chocolate chips, almonds",138.4,dessert,2.0,40.0,13.0
almond toffee cookies,"butter, sugar, icing sugar, vegetable oil, eggs, almond extract, whole wheat flour, white flour, baking soda, cream of tartar, salt, toffee pieces, almonds",264.4,dessert,7.0,48.0,26.0
almond toffee crunch,"saltine crackers, butter, brown sugar, chocolate chips, walnuts",536.5,dessert,11.0,160.0,57.0
almond toffee in 17 minutes,"butter, sugar, semi-sweet chocolate chips, slivered almonds",4635.3,dessert,56.0,1553.0,522.0
almond toffee popcorn,"sugar, butter, white corn syrup, water, toasted almond, vanilla, popcorn",2900.2,lunch,31.0,1010.0,254.0
almond toffee rugelach,"refrigerated pie crusts, almond paste, ground cinnamon, sugar, english toffee bits, egg",111.6,dessert,3.0,19.0,10.0
almond toffee triangles,"brown sugar, margarine, karo light corn syrup, egg, vanilla, all-purpose flour, salt, whipping cream, sliced almonds",98.6,dessert,2.0,21.0,7.0
almond tofu,"boiling water, gelatin, sugar, milk, almond essence, fruit salad in syrup, raw sugar, hot water",98.7,dinner,1.0,68.0,2.0
almond topped chicken,"boneless skinless chicken breast halves, butter, slivered almonds, lemon juice",311.9,unknown,7.0,2.0,31.0
almond torta,"almonds, flour, salt, egg yolks, amaretto, vanilla extract, sugar, egg whites, cream of tartar, strawberry, whipped cream",205.3,dessert,5.0,48.0,17.0
almond torte with mocha whipped cream frosting,"eggs, sugar, whole almond, flour, baking powder, amaretto liqueur",220.5,dessert,6.0,79.0,17.0
almond tres leches muffins,"butter, sugar, almond extract, eggs, all-purpose flour, baking powder, sweetened condensed milk, heavy whipping cream, milk, slivered almonds, sliced almonds",311.7,dinner,6.0,78.0,24.0
almond triangles   trigona,"blanched almonds, sugar, water, rose water, lemon juice, phyllo pastry, unsalted butter, confectioners' sugar",105.0,dessert,1.0,22.0,10.0
almond truffle brownies,"fudge brownie mix, water, vegetable oil, egg, almonds, almond extract, semisweet chocolate, cream cheese, confectioners' sugar, semi-sweet chocolate chips, heavy whipping cream, sliced almonds",371.4,dinner,6.0,82.0,38.0
almond tuiles,"heavy cream, unsalted butter, vanilla, almonds, sugar, flour, orange, zest of, bittersweet chocolate",55.8,dinner,0.0,15.0,6.0
almond vanilla bean biscotti,"butter, granulated sugar, egg, egg white, pure vanilla extract, vanilla bean, salt, buttermilk, all-purpose flour, baking powder, baking soda, almonds",107.1,dessert,6.0,27.0,5.0
almond vanilla breakfast bread,"light brown sugar, butter, almond extract, frozen yeast dinner roll dough, vanilla instant pudding mix, sliced almonds",95.8,breakfast,1.0,42.0,8.0
almond vanilla cookies,"ground almonds, flour, baking powder, salt, butter, sugar, vanilla, almond extract, almonds",77.8,dessert,2.0,8.0,8.0
almond vanilla yogurt loaf,"flour, sugar, salt, baking soda, baking powder, cinnamon, egg, yogurt, oil, almond extract, vanilla extract",179.0,dessert,7.0,54.0,11.0
almond vegetable slaw,"broccoli stem, zucchini, celery, red onion, red bell pepper, slivered almonds, extra virgin olive oil, lemon juice, rice vinegar, sugar, toasted sesame oil, fresh parsley, of fresh mint, lemon zest, salt and pepper",355.8,dinner,1.0,31.0,51.0
almond veloute sauce,"margarine, all-purpose flour, chicken broth, salt, pepper, ground nutmeg, toasted almond",31.5,dinner,4.0,0.0,4.0
almond vodka,"vodka, skim milk, sugar-free almond syrup, ice",162.1,unknown,1.0,0.0,0.0
almond wheat germ muffins,"butter, honey, eggs, powdered milk, wheat germ, baking powder, salt, almond extract, vanilla, slivered almonds, raisins, coconut",231.2,unknown,7.0,65.0,19.0
almond white chocolate fudge,"white chocolate, sweetened condensed milk, toasted almond, dried cranberries, orange zest",71.3,dessert,0.0,27.0,6.0
almond yogurt cake,"cake flour, baking powder, baking soda, salt, granulated sugar, egg, butter, nonfat plain yogurt, almond extract, slivered almonds",311.8,dessert,14.0,110.0,12.0
almond zucchini burritos,"flour tortillas, zucchini, onion, vegetable oil, salsa, water, sliced almonds, cheddar cheese, chilies, sour cream",370.3,unknown,27.0,21.0,36.0
almond  apricot and white chocolate decadence bars  cookie mix,"sugar cookie mix, butter, almond extract, egg, almond paste, sugar, dried apricot, cream cheese, eggs, lemon juice, vanilla baking chips, whipping cream, sliced almonds",165.2,dinner,2.0,50.0,17.0
almond  chicken   apricot rice,"almonds, cooked chicken, dried apricot, celery, sour cream, cream cheese, fresh cilantro, dijon mustard, honey, cooked rice",500.2,unknown,8.0,43.0,35.0
almond  citrus   coconut tart   with gluten free option,"eggs, caster sugar, plain flour, slivered almonds, desiccated coconut, orange, orange juice, lemon juice, butter, milk",419.0,dessert,8.0,122.0,39.0
almond  sunflower and berries shake,"almonds, sunflower seeds, flax seeds, water, fresh apple juice, bananas, vanilla extract, nutmeg",243.2,breakfast,1.0,60.0,21.0
almond  flax butter,"almonds, flax seed oil, salt",193.2,unknown,4.0,3.0,29.0
almond amaretto cheesecake,"vanilla wafers, toasted almond, sugar, butter, nonstick cooking spray, cream cheese, eggs, whipping cream, amaretto, vanilla extract, sour cream",452.8,dessert,10.0,80.0,52.0
almond anise biscotti,"butter, sugar, eggs, almond extract, anise oil, flour, baking powder, salt, roasted almonds, milk chocolate",138.9,dessert,3.0,42.0,9.0
almond blueberry cookies,"all-purpose flour, baking powder, salt, unsalted butter, sugar, egg, whole milk, almond extract, lemon zest, almonds, frozen blueberries",215.8,dessert,6.0,67.0,14.0
almond butter cake,"sugar, butter, eggs, almond extract, flour, sliced almonds",271.6,dessert,2.0,104.0,17.0
almond cherry cereal,"bran flakes, almond butter, banana, cherries, soymilk",381.3,breakfast,15.0,87.0,25.0
almond cherry lavender crunch,"butter, honey, dried lavender, rolled oats, dried cherries, sliced almonds, salt",355.7,lunch,8.0,107.0,28.0
almond chive salmon,"sliced almonds, fresh chives, fresh parsley, lemon rind, white bread, salt, salmon fillets, fresh ground black pepper, cooking spray, lemon wedges",283.4,unknown,20.0,3.0,16.0
almond chocolate coffee cake,"almonds, brown sugar, semi-sweet chocolate chips, cocoa powder, instant coffee powder, dried apricot, cinnamon, flour, baking soda, baking powder, salt, butter, sugar, vanilla, eggs, plain yogurt",424.9,unknown,17.0,142.0,28.0
almond chocolate marble muffins,"flour, sugar, baking powder, salt, toasted almond, milk, vegetable oil, egg, unsweetened cocoa powder, almonds",233.6,unknown,12.0,35.0,18.0
almond cinnamon bars,"all-purpose flour, cinnamon, fresh lemon rind, salt, brown sugar, butter, egg, sliced almonds, granulated sugar",94.3,dessert,2.0,21.0,7.0
almond cinnamon cookies,"butter, sugar, baking soda, cream of tartar, ground cinnamon, egg, vanilla, blanched almond, all-purpose flour, powdered sugar, milk",118.6,dessert,2.0,48.0,7.0
almond coconut bars,"all-purpose flour, brown sugar, margarine, eggs, sugar, corn syrup, butter, vanilla, cinnamon, nutmeg, almonds, unsweetened coconut",233.5,lunch,3.0,52.0,19.0
almond coffee delight,"amaretto, kahlua, vanilla ice cream, ice cubes",324.3,unknown,3.0,136.0,18.0
almond cranberry biscotti,"flour, sugar, eggs, baking powder, salt, vanilla, almonds, dried cranberries",149.1,lunch,1.0,57.0,6.0
almond crusted catalan chicken,"broiler-fryer chicken, mayonnaise, garlic cloves, fresh orange juice, orange rind, honey, cinnamon, salt, pepper, plain breadcrumbs, sliced almonds, olive oil",517.4,dinner,22.0,15.0,53.0
almond crusted chicken breast,"orange juice, lemon juice, extra virgin olive oil, salt and pepper, boneless skinless chicken breasts, almonds, canola oil, fresh spinach",618.5,dinner,5.0,6.0,82.0
almond crusted chicken fingers,"canola oil cooking spray, sliced almonds, whole wheat flour, paprika, garlic powder, dry mustard, salt, fresh ground pepper, extra virgin olive oil, egg whites, chicken tenders",254.4,dinner,11.0,4.0,14.0
almond crusted chicken with scallion rice,"brown rice, boneless chicken breast halves, salt, black pepper, all-purpose flour, low-fat buttermilk, honey mustard, sliced almonds, dry breadcrumbs, cooking spray, green onion",515.3,unknown,29.0,18.0,29.0
almond crusted salmon,"almond meal, panko breadcrumbs, ground coriander, ground cumin, salmon fillets, lemon juice, kosher salt, black pepper, lemon wedges",260.6,unknown,15.0,3.0,14.0
almond crusted shrimp,"ground almonds, flour, fresh parsley, seafood seasoning, salt, black pepper, shrimp, egg white, corn oil, lemon",226.7,dinner,17.0,2.0,14.0
almond dusted strawberry balsamic chicken breasts,"boneless skinless chicken breast halves, salt, black pepper, almonds, shallots, chicken broth, strawberry preserves, balsamic vinegar, fresh rosemary, fresh spinach, butter-flavored cooking spray, light olive oil, fresh parsley",331.5,unknown,22.0,55.0,17.0
almond encrusted english toffee,"almonds, unsalted butter, sea salt, vanilla extract, granulated sugar, chocolate",370.5,dessert,6.0,68.0,48.0
almond lemon tea cake,"cake flour, baking powder, salt, eggs, vanilla extract, almond paste, sugar, unsalted butter, lemon zest, orange zest, lemon juice, fresh orange juice",568.6,dessert,4.0,209.0,49.0
almond oat bars,"oats, sliced almonds, almond meal, whole wheat flour, brown sugar, baking powder, ground cinnamon, salt, plain fat-free yogurt, honey, sweet apple",205.8,breakfast,2.0,81.0,6.0
almond orange chicken,"lemon juice, dijon mustard, garlic, olive oil, white pepper, boneless skinless chicken breast halves, chicken broth, cornstarch, water, orange marmalade, light margarine, salt, fresh ground black pepper, dry crushed red pepper, fresh parsley, sliced almonds",254.0,dinner,36.0,17.0,15.0
almond orange shortbread,"unsalted butter, confectioners' sugar, almond extract, salt, all-purpose flour, orange, zest of, sliced almonds",85.3,dessert,1.0,12.0,8.0
almond orange tossed salad,"sugar, sliced almonds, iceberg lettuce, romaine lettuce, mandarin oranges, avocado, celery, green onions, vegetable oil, cider vinegar, fresh parsley, salt, pepper",197.7,unknown,3.0,47.0,22.0
almond pea pesto pasta,"penne, frozen peas, blanched almond, salt, lemon, olive oil",186.1,dinner,7.0,8.0,9.0
almond pear tart,"refrigerated pie crusts, butter, almond paste, sugar, brandy, all-purpose flour, egg, vanilla extract, almond extract, pears, apricot preserves, whipping cream, cream, sliced almonds, ground cinnamon",597.5,dinner,14.0,120.0,46.0
almond pecan brittle,"blanched almonds, pecans, sugar, brown sugar, golden syrup, water, butter, bicarbonate of soda",200.6,dessert,1.0,89.0,15.0
almond raisin winter cookies,"almonds, butter, sugar, egg, flour, baking soda, cinnamon, nutmeg, clove, salt, raisins, dried cranberries",86.8,dessert,2.0,12.0,8.0
almond raspberry croissant breakfast pudding,"plain croissants, butter, raspberry jam, amaretto, eggs, milk, sugar, vanilla extract, almond extract, almond paste, sliced almonds",633.5,breakfast,19.0,185.0,48.0
almond raspberry jalousie,"puff pastry sheet, almond paste, raspberry preserves, confectioners' sugar, flour",326.4,breakfast,3.0,64.0,29.0
almond rose pound cake,"unsalted butter, slivered almonds, granulated sugar, eggs, all-purpose flour, salt, rose water, jam, almond extract, powdered sugar",382.2,breakfast,5.0,125.0,28.0
almond toffee bars,"butter, quick-cooking rolled oats, graham cracker crumbs, semisweet chocolate piece, almond toffee bits, almonds, sweetened condensed milk",98.3,dessert,1.0,29.0,8.0
almond toffee mocha squares,"toffee pieces, instant coffee granules, butter, water, eggs, chocolate-covered english toffee bar, slivered almonds, cream cheese, brown sugar, whipping cream, vanilla",538.9,dessert,10.0,136.0,64.0
almond topped pear pie,"cornstarch, ground ginger, salt, dark corn syrup, butter, lemon juice, lemon rind, pears, unbaked 9-inch pie shell, unbleached flour, brown sugar, almonds",519.9,dessert,13.0,109.0,41.0
almond topped pumpkin cheesecake,"graham cracker crumbs, almonds, sugar, pumpkin pie spice, butter, cream cheese, canned pumpkin, eggnog, all-purpose flour, maple syrup, ground ginger, cinnamon, nutmeg, eggs, sour cream, vanilla extract, sliced almonds",465.2,dessert,14.0,94.0,51.0
almond vanilla pudding,"almond milk, cornstarch, agave nectar, vanilla",34.5,dessert,0.0,0.0,0.0
almond cheese rounds low carb,"cheese, almond flour, butter, egg, garlic, salt",108.9,unknown,13.0,0.0,14.0
almond riesling savarin with fig compote,"all-purpose flour, compressed yeast, milk, unsalted butter, eggs, orange zest, salt, sugar, riesling wine, oranges, juice of, cornstarch, honey, almonds, 35% cream, dried figs, cloves",902.6,dinner,11.0,307.0,62.0
almond walnut coconut granola,"old fashioned oats, sliced almonds, walnuts, coconut, sunflower seeds, salt, unsalted butter, honey, dried fruit",321.9,breakfast,4.0,39.0,27.0
almonds   great appetizer with drinks,"almonds, butter, fresh rosemary, brown sugar, salt, ground red pepper",216.0,unknown,8.0,10.0,29.0
almonds  mushrooms  raisins and red pepper pilaf,"long grain rice, butter, baby portabella mushrooms, onion, red pepper, orange bell pepper, chicken broth, fresh thyme, salt, fresh ground black pepper, almonds, golden raisin, green onions",376.2,unknown,32.0,39.0,22.0
almost a candy bar,"refrigerated chocolate chip cookie dough, trail mix bars, butterscotch chips, miniature marshmallows, walnuts, miniature pretzels, peanut butter chips, light corn syrup, butter, milk chocolate chips",778.6,dessert,10.0,209.0,63.0
almost alice chicken,"boneless skinless chicken breasts, honey mustard, bacon, season-all salt, sliced mushrooms, colby, parsley, grey poupon mustard, yellow mustard, honey, light corn syrup, mayonnaise",915.8,dinner,41.0,99.0,94.0
almost another dump cake  just better,"yellow cake mix, instant chocolate pudding mix, eggs, vegetable oil, sugar, water, sour cream, semi-sweet chocolate chips",6324.5,dessert,262.0,2168.0,508.0
almost apple pie,"margarine, white sugar, flour, sliced apples, cinnamon",435.7,dessert,7.0,171.0,24.0
almost apple pie for one,"apple, flour, cinnamon, nutmeg, splenda sugar substitute, light margarine",82.5,breakfast,0.0,57.0,0.0
almost as simple pasta with parmesan  herbs  and fresh garlic,"pasta, butter, garlic cloves, fresh herbs, parmesan cheese, salt and pepper",352.3,unknown,4.0,8.0,12.0
almost authentic cincinnati chili,"water, ground beef, cinnamon, ground cumin, worcestershire sauce, garlic cloves, chili powder, black pepper, red pepper, salt, ground allspice, tomato paste, cider vinegar, bay leaves",219.2,unknown,38.0,9.0,21.0
almost blue box macaroni and cheese,"macaroni noodles, butter, milk, cheddar cheese powder, salt",316.1,lunch,4.0,3.0,20.0
almost boston baked beans,"dried white pea beans, bacon, white onion, garlic, water, molasses, maple syrup, chili sauce, dijon mustard, worcestershire sauce, black pepper, kosher salt, apple cider vinegar",344.2,unknown,18.0,33.0,12.0
almost breadmaker bread,"milk, sugar, salt, margarine, whole wheat flour, white flour, yeast",1417.7,unknown,110.0,37.0,47.0
almost cabbage rolls,"cabbage, raw rice, water, bell pepper, onion, creole seasoning, rotel tomatoes, ground beef",434.0,unknown,15.0,5.0,26.0
almost cake mix vanilla cupcakes,"butter, crisco shortening, sugar, eggs, pure vanilla extract, almond extract, salt, cake flour, baking powder, half-and-half cream",218.0,dinner,5.0,67.0,15.0
almost candy bars,"devil's food cake mix, butter, butterscotch chips, semi-sweet chocolate chips, coconut, nuts, condensed milk",144.3,dessert,5.0,53.0,12.0
almost cheese danish turnovers,"whole grain bread, part-skim ricotta cheese, low-fat cream cheese, sugar, cinnamon, butter",372.6,breakfast,21.0,29.0,35.0
almost cheesecake  low fat sugar,"fat free sugar-free instant cheesecake pudding mix, skim milk, fat free cream cheese, lemon juice, prepared graham cracker crust",55.7,dessert,8.0,0.0,0.0
almost cherry garcia cookies,"dried sour cherries, cherry brandy, unsalted butter, white sugar, light brown sugar, egg, vanilla extract, almond extract, salt, baking soda, all-purpose flour, white chocolate, semisweet chocolate, macadamia nuts",113.7,dessert,2.0,37.0,8.0
almost chocolate   no egg  banana muffins,"margarine, sugar, bananas, flour, baking soda, salt, cocoa",202.1,lunch,6.0,81.0,6.0
almost companion bread s baked eggs,"red potatoes, light olive oil, rosemary, butter, flour, skim milk, eggs, fresh mozzarella cheese, ricotta cheese, parmesan cheese, dijon mustard, kosher salt, black pepper, cooking spray",233.3,breakfast,38.0,5.0,19.0
almost core chicken biryani,"skim milk, saffron thread, olive oil, cardamom pods, cinnamon, bay leaf, black peppercorns, brown basmati rice, water, salt & pepper, onions, tomatoes, garlic, ginger paste, garam masala, cayenne pepper, turmeric, ground cloves, curry powder, boneless chicken thighs, cilantro, ghee",418.2,unknown,3.0,9.0,29.0
almost crab cakes,"zucchini, dry breadcrumbs, old bay seasoning, egg",54.4,unknown,3.0,5.0,2.0
almost deerhead chili dogs,"ground beef, onions, chili powder, crushed red pepper flakes, cayenne pepper, tomato paste, tomato sauce, beef broth, yellow mustard, onion, hot dog, hot dog bun, cheddar cheese",261.3,unknown,39.0,22.0,23.0
almost egg white salad,"egg whites, egg, light mayonnaise, mustard, relish, salt and pepper",81.5,lunch,8.0,5.0,7.0
almost famous chimichangas,"unsalted butter, canola oil, white onion, garlic cloves, jalapeno pepper, chili powder, ground cumin, ground cinnamon, kosher salt, tomatoes, fresh cilantro, chicken, sour cream, flour tortillas, refried beans, monterey jack cheese, lettuce, onion, sugar, salt, green chilies, chicken broth, cilantro",694.1,unknown,56.0,34.0,59.0
almost fat   free spaghetti bolognese,"spaghetti, onion, garlic, 95% lean ground beef, tomatoes with juice, tomato paste, celery, carrot, mushrooms, dried oregano, dried basil, salt and pepper, cooking spray",617.2,unknown,16.0,36.0,10.0
almost fat free  tuna helper    healthy,"whole wheat pasta, garbanzo beans, salt, tuna, pepper, onion, olive oil",205.6,unknown,28.0,1.0,4.0
almost fat free banana pudding,"reduced-fat vanilla wafers, bananas, fat free cream cheese, fat-free sweetened condensed milk, sugar free fat free french vanilla pudding and pie filling mix, 1% low-fat milk, fat-free whipped topping",486.7,dessert,19.0,185.0,21.0
almost fat free chocolate cupcakes,"all-purpose flour, unsweetened cocoa powder, baking powder, baking soda, salt, dark brown sugar, applesauce, egg substitute, egg white, oil, vanilla extract, skim milk, confectioners' sugar",141.4,dessert,25.0,53.0,2.0
almost fat free rice krispies treats,"rice krispies, corn syrup, marshmallows",88.8,dessert,3.0,40.0,0.0
almost fat free strawberry muffins,"all-purpose flour, baking soda, baking powder, splenda sugar substitute, salt, egg whites, skim milk, strawberries",96.3,unknown,12.0,2.0,0.0
almost fat free asian cole slaw,"white corn syrup, orange, juice of, toasted sesame oil, low sodium soy sauce, apple cider vinegar, ground cayenne pepper, coleslaw mix",162.3,unknown,5.0,65.0,1.0
almost fat free cheesecake,"graham cracker crumbs, fat free sour cream, sugar, vanilla, fat free cream cheese, egg whites",196.0,dinner,19.0,107.0,2.0
almost fat free chinese salad,"cauliflower, cucumber, fresh spinach, fresh mushrooms, carrots, green onions, green pepper, celery, beef broth, soy sauce, sake, ground black pepper, garlic powder, sugar",82.6,unknown,49.0,18.0,0.0
almost fat free fudge brownies,"all-purpose flour, granulated sugar, cocoa powder, baking soda, pecans, plain fat-free yogurt, water, semi-sweet chocolate chips",109.0,unknown,2.0,41.0,6.0
almost fat free oatmeal cookies,"cookies, quick oats, whole wheat flour, baking soda, salt, baking powder, ground cinnamon, vanilla, brown sugar, agave nectar, unsweetened coconut, ground walnuts, dark chocolate chips, applesauce, powdered egg substitute, water",108.3,dessert,4.0,30.0,6.0
almost fat free vegetarian butternut squash soup,"vegetable broth, butternut squash, zucchini, red lentil, red bell pepper, curry powder, nutmeg, black pepper",144.2,unknown,0.0,14.0,1.0
almost flourless chocolate cake,"bittersweet chocolate, unsalted butter, eggs, white sugar, salt, all-purpose flour, baking powder, powdered sugar",394.1,dessert,10.0,132.0,40.0
almost flourless chocolate chocolate chip peanut butter cookies,"peanut butter, light brown sugar, eggs, vanilla extract, brown rice flour, unsweetened cocoa powder, baking soda, semi-sweet chocolate chips",139.6,dessert,3.0,40.0,13.0
almost flourless peanut butter cookies,"peanut butter, brown sugar, granulated sugar, whole wheat pastry flour, egg, vanilla",159.9,dessert,3.0,57.0,13.0
almost fried plantains   virtually fat free,"plantain, water, cooking spray",109.2,unknown,0.0,53.0,0.0
almost green scrambled eggs with spinach,"flour, milk, sour cream, eggs, salt & pepper, cheddar cheese, fresh spinach, thyme, lite olive oil",425.7,breakfast,16.0,7.0,43.0
almost guacamole,"reduced-sodium asparagus spears, tomatoes, onion, fresh cilantro, fat-free mayonnaise, lime juice, red pepper sauce, pepper, garlic clove, baked corn tortilla chips",10.8,unknown,0.0,4.0,0.0
almost guilt free pineapple orange cake,"yellow cake mix, mandarin oranges, egg whites, unsweetened applesauce, crushed pineapple, sugar-free instant vanilla pudding mix, reduced-fat whipped topping",84.0,dessert,1.0,51.0,3.0
almost hal s hearty vegetable soup,"carrot, celery, seasoning, diced tomatoes, kidney beans, green beans, whole wheat macaroni, condensed chicken broth",235.0,unknown,28.0,20.0,2.0
almost healthy and surprisingly good chocolate chip cookies,"coconut flour, oat flour, powdered milk, food-grade diatomaceous earth, unsweetened cocoa powder, stevia powder, butter, sea salt, eggs, yogurt, honey, vanilla, chia seeds, chocolate chips, walnuts",161.7,dessert,2.0,42.0,16.0
almost healthy chili,"ground turkey, v8 vegetable juice, onion, chili sauce, cooked macaroni, diced tomatoes, chili powder, jack daniels whiskey, worcestershire sauce, brown sugar, cumin, ground red pepper, salt",207.9,unknown,57.0,51.0,7.0
almost heath bars,"egg yolk, vanilla, brown sugar, butter, flour, semi-sweet chocolate chips, pecans",363.2,dessert,3.0,100.0,35.0
almost heaven,"yellow cake mix, crushed pineapple, sugar-free instant vanilla pudding mix, cream cheese, milk, frozen whipped topping, pecans",429.1,dessert,15.0,123.0,37.0
almost heinz barbecue sauce,"onion, butter, ketchup, beef stock, worcestershire sauce, lemon juice, red wine vinegar, garlic powder, brown sugar, mustard powder, season salt, fresh ground black pepper",483.6,unknown,78.0,234.0,37.0
almost home made cole slaw recipe,"coleslaw, unsalted spanish peanuts, cilantro",275.1,unknown,1.0,0.0,31.0
almost homemade buttercream,"marshmallow cream, butter, fresh lemon juice, vanilla extract, confectioners' sugar",1186.8,dessert,27.0,311.0,122.0
almost homemade chicken pot pie,"water, chicken breasts, cream of chicken soup, cream of mushroom soup, low sodium chicken broth, fresh mushrooms, potatoes, celery, yellow onion, garlic, carrot, corn, peas, biscuits, salt and pepper",600.4,unknown,35.0,40.0,35.0
almost hummus,"no-salt-added garbanzo beans, onion, garlic cloves, ground nutmeg, virgin olive oil, tap water, lemon juice, sesame seed oil, fennel, black pepper, kosher salt, ground cumin",103.0,unknown,6.0,5.0,14.0
almost instant and always fabulous grilled cheese,"white bread, american cheese, margarine",203.4,lunch,22.0,8.0,10.0
almost instant baked apple,"apple, brown sugar, cinnamon, raisins, butter, water, cream",211.1,lunch,1.0,152.0,6.0
almost instant black bean chili,"water, onion, garlic cloves, bell pepper, crushed tomatoes, black beans, chilies, ground cumin",155.4,unknown,0.0,8.0,1.0
almost instant doughnuts,"cake mix, flour, eggs, water, vegetable oil, confectioners' sugar",154.3,breakfast,2.0,22.0,20.0
almost instant onion rice,"instant brown rice, water, butter, onion soup mix, pepper, parsley",238.4,unknown,21.0,1.0,7.0
almost instant rocky road,"semi-sweet chocolate chips, mini marshmallows, almonds, peanuts, raisins, dried apricot",95.1,lunch,0.0,37.0,8.0
almost instant tomato basil crescents,"refrigerated crescent dinner rolls, pesto sauce, sun-dried tomato tapenade",87.0,unknown,6.0,4.0,2.0
almost instant tortellini and cheese with chicken  better homes,"cheese tortellini, frozen peas, cream cheese spread, milk, cooked chicken breasts",534.4,unknown,36.0,17.0,41.0
almost instantaneous corn chowder,"ramen noodles, water, cream-style corn, powdered ginger, curry powder, onion powder, garlic powder, milk, cheddar cheese, pepper, parsley",512.8,unknown,56.0,30.0,30.0
almost kfc coleslaw,"cabbage, carrot, onions, granulated sugar, salt, pepper, mayonnaise, milk, buttermilk, tarragon vinegar",48.3,unknown,5.0,35.0,0.0
almost kfc spice mix for chicken   copycat,"all-purpose flour, salt, celery salt, black pepper, dry mustard, paprika, garlic powder, dried thyme, dried savory, ground ginger, dried basil, dried oregano",278.8,unknown,72.0,5.0,4.0
almost le ruth s italian salad dressing,"garlic cloves, oregano, red pepper flakes, vinegar, vegetable oil, salt, sugar, water",253.4,dinner,24.0,6.0,41.0
almost like dessert honey and brown sugar glazed carrot pennies,"carrots, butter, honey, brown sugar, dried parsley",130.2,dinner,3.0,65.0,9.0
almost like ginger s enchiladas,"lean ground beef, russet potatoes, carrots, mexican blend cheese, burrito-size flour tortillas, enchilada sauce, salt",670.0,unknown,79.0,29.0,49.0
almost like mom s chicken casserole,"cooked chicken, long grain and wild rice blend, 98% fat-free cream of mushroom soup, celery, mushrooms, white wine, boiling water",89.6,unknown,1.0,2.0,4.0
almost like montreal steak seasoning,"garlic powder, coriander seed, coarse salt, dill weed, paprika, crushed red pepper flakes, fresh ground black pepper",12.1,unknown,72.0,1.0,0.0
almost like papa john s pizza dough,"flour, sugar, fast rising yeast, salt, water, oil",1504.7,unknown,49.0,103.0,47.0
almost like pollo pronto s roasted veggie wrap,"red bell pepper, zucchini, red onion, eggplant, light soy sauce, olive oil, bottled garlic, cumin, garlic powder, cayenne pepper, fat free mozzarella cheese, fat-free cheddar cheese, mexican seasoning, low-fat flour tortillas, fat free sour cream",215.4,lunch,52.0,62.0,5.0
almost like wendy s frosty,"vanilla ice cream, whole milk, nestles quik, powdered egg whites",186.4,dessert,4.0,81.0,13.0
almost like you re in heaven it  so good pizza quesadillas,"tortillas, pizza sauce, pepperoni, mozzarella cheese, parmesan cheese, basil",550.1,lunch,60.0,31.0,41.0
almost magic pan orange almond salad,"slivered almonds, green onions, romaine lettuce, mandarin orange, sugar, tarragon, vegetable oil, tabasco sauce, white vinegar, egg yolk",188.3,unknown,0.0,28.0,23.0
almost marzetti s slaw dressing,"light mayonnaise, sugar, white distilled vinegar, prepared yellow mustard, cabbage, carrot, celery salt",860.1,unknown,69.0,245.0,97.0
almost no fat roasted tiny red potatoes,"small red potatoes, vegetable oil cooking spray, salt, black pepper, italian seasoning, tabasco sauce",176.1,dinner,0.0,7.0,0.0
almost no sugar added cheesecake  very good,"philadelphia cream cheese, splenda sugar substitute, sugar, vanilla, white flour, sour cream, sugar-free syrup, lemon juice, liquid sugar substitute, eggs",254.4,dinner,8.0,4.0,36.0
almost no fat harvest pumpkin cinnamon rolls,"pizza dough, unsweetened applesauce, pumpkin butter, dried cranberries, flax seeds, powdered sugar, orange juice",113.6,breakfast,0.0,96.0,0.0
almost no knead bread,"unbleached all-purpose flour, fast rise yeast, table salt, water, beer, distilled white vinegar",140.9,unknown,14.0,0.0,0.0
almost no knead bread 2 0,"unbleached all-purpose flour, fast rise yeast, sea salt, water, beer, white vinegar, honey",1537.1,unknown,146.0,142.0,5.0
almost no knead bread with olives  rosemary  and parmesan,"unbleached all-purpose flour, fast rise yeast, table salt, parmesan cheese, fresh rosemary, water, green olives, lager beer, white vinegar",2136.5,unknown,262.0,9.0,71.0
almost no knead rye bread,"unbleached all-purpose flour, rye flour, caraway seeds, fast rise yeast, table salt, water, lager beer, white vinegar",114.5,unknown,12.0,0.0,0.0
almost non fat mac and cheese,"elbow macaroni, skim milk, fat-free cream cheese, part-skim mozzarella cheese, non fat cheese, parmesan cheese, salt & pepper",294.5,unknown,10.0,7.0,9.0
almost nutra grain bars,"yellow cake mix, quick-cooking oatmeal, brown sugar, cinnamon, butter, egg, lemon juice, vanilla, strawberry preserves",367.0,lunch,11.0,160.0,14.0
almost one pot chicken casserole,"whole chickens, flour, salt, fresh ground pepper, vegetable oil, garlic cloves, white pearl onions, button mushrooms, fennel, chicken stock, fresh tomato, italian seasoning, bacon, white potatoes, broccoli florets",743.1,unknown,39.0,19.0,78.0
almost oreo s,"dark chocolate cake mix, water, crisco shortening, icing sugar, granulated sugar, vanilla, hot water",104.8,dessert,3.0,51.0,6.0
almost outback cheesecake,"eggs, flour, sugar, cornstarch, cream cheese, vanilla, butter, sour cream, chocolate",811.6,dessert,22.0,173.0,99.0
almost payday casserole,"ground chuck, onion, potatoes, corn, milk, margarine, salt",633.9,unknown,9.0,29.0,30.0
almost pierogies,"wide egg noodles, mashed potatoes, butter, onions, garlic, cheddar cheese, white processed cheese, sour cream",570.8,unknown,39.0,26.0,33.0
almost pierogies casserole,"lasagna noodles, sharp cheddar cheese, potatoes, butter, onions",515.6,unknown,13.0,15.0,35.0
almost rainbow salad,"green cabbage, red cabbage, fresh strawberries, raw carrot, red bell pepper, orange bell pepper, snow peas, green onions, slivered almonds, balsamic vinegar, oil, fresh black pepper, salt",131.4,unknown,1.0,30.0,11.0
almost roast meatloaf,"ground beef, onions, bouillon cubes, egg, salt and pepper, breadcrumbs, bacon, potato, margarine",498.9,unknown,18.0,14.0,41.0
almost shrimp newburg,"shrimp, flour, clam juice, evaporated milk, half-and-half, sherry wine, salt and pepper, mozzarella cheese, cracker, butter",973.8,unknown,103.0,26.0,91.0
almost stroganoff,"ground turkey, egg noodles, cream of mushroom soup, yellow onion, garlic, caesar salad dressing, parmesan cheese, pepper, salt, butter",800.9,unknown,63.0,14.0,88.0
almost stuffed cabbage,"ground beef, instant rice, salt and pepper, cabbage, tomato paste",405.5,unknown,13.0,24.0,26.0
almost taco bell famous tacos  in our house,"lean ground beef, low-fat refried beans, taco seasoning, garlic, salt, pepper, taco shells, cheese, lettuce, sour cream",386.6,unknown,75.0,14.0,32.0
almost too easy potato chicken cheese soup,"au gratin potatoes, milk, chicken, onions, chicken broth, frozen mixed vegetables",198.8,lunch,51.0,3.0,8.0
almost tortuga rum cake,"cake flour, granulated sugar, baking powder, salt, butter, vegetable oil, walnuts, vanilla instant pudding mix, milk, eggs, rum, vanilla extract, water",628.4,dessert,24.0,198.0,51.0
almost unsweetened applesauce   homemade,"apples, water, sugar, cinnamon, ground cloves",107.6,unknown,0.0,88.0,0.0
almost vegetarian vegetable soup,"yellow onion, butter, chicken broth, potatoes, carrots, frozen corn, diced tomatoes, le seuer peas, parsley flakes, ground cayenne pepper, salt and black pepper",425.9,unknown,46.0,55.0,18.0
almost waffle house hash browns,"margarine, cooked ham, onion, hash brown, salt, pepper",410.0,unknown,29.0,8.0,41.0
almost white castle hamburgers,"ground chuck, onion soup mix, egg, pepper, water, breadcrumbs, dinner rolls, american cheese, pickle, mustard, ketchup",326.3,unknown,31.0,21.0,21.0
almost alfredo sauce,"fat-free ricotta cheese, fat-free low-sodium chicken broth, parmesan cheese, fresh lemon juice, butter, garlic, pepper, salt, fresh parsley, fresh basil",61.9,unknown,8.0,1.0,6.0
almost empty dijon mustard jar vinaigrette salad dressing,"dijon mustard, red wine vinegar, sugar, salt, black pepper, olive oil",242.7,unknown,47.0,4.0,36.0
almost famous breadsticks  olive garden copycat,"active dry yeast, all-purpose flour, unsalted butter, sugar, fine salt, kosher salt, garlic powder, dried oregano",160.3,dinner,21.0,6.0,6.0
almost famous soft pretzels  auntie anne s copy cat,"milk, active dry yeast, light brown sugar, all-purpose flour, unsalted butter, fine salt, baking soda, warm water, coarse salt",396.4,unknown,256.0,27.0,32.0
almost famous swedish meatballs,"breadcrumbs, unsalted butter, white onion, garlic cloves, ground allspice, kosher salt, fresh ground white pepper, milk, worcestershire sauce, lean ground beef, ground lean pork, egg, vegetable oil, all-purpose flour, low sodium beef broth, heavy cream, fresh ground black pepper, fresh parsley, jam",310.3,dinner,7.0,5.0,31.0
almost instant pierogies,"potatoes, sharp cheddar cheese, salt, pepper, margarine, onions, jumbo pasta shells",718.5,unknown,34.0,30.0,44.0
almost instant  low carb  high protein hot   sour soup,"boiling water, red miso, rice vinegar, dried tuna bonito flakes, chili-garlic sauce, toasted sesame oil, tofu",142.3,unknown,26.0,8.0,12.0
almost like cheesecake dip for fruit,"low-fat cream cheese, lemon peel, vanilla, sugar, skim milk",288.2,unknown,15.0,14.0,39.0
almost vegan pumpkin pie,"soymilk, eggs, cornstarch, vanilla, pumpkin, rice flour, baking powder, sugar, ginger powder, cinnamon, nutmeg, ground cloves, salt",133.1,dessert,9.0,62.0,2.0
aloe cucumber refresher,"granulated sugar, water, fresh ginger, fresh basil, english cucumbers, sparkling water, aloe juice",67.5,unknown,0.0,52.0,0.0
aloha  albacore tuna salad,"albacore tuna, celery seeds, water chestnuts, celery ribs, scallions, green apples, sugar, mayonnaise",331.0,lunch,22.0,115.0,6.0
aloha   bread,"all-purpose flour, salt, baking soda, sugar, ground cinnamon, macadamia nuts, coconut, eggs, vegetable oil, bananas, crushed pineapple, vanilla extract",3377.3,dinner,67.0,964.0,282.0
aloha   chicken salad,"boneless skinless chicken breast halves, sour cream, chutney, curry powder, ground ginger, celery, coconut, salad greens, cantaloupe",316.6,dinner,5.0,32.0,24.0
aloha andrea,"spiced rum, malibu rum, pineapple juice, orange juice, sprite zero, grenadine",172.6,dinner,0.0,33.0,0.0
aloha brittle,"unsalted butter, flaked coconut, granulated sugar, light corn syrup, macadamia nuts, pecans, baking soda, water, vanilla extract",2589.7,dessert,61.0,1074.0,204.0
aloha burgers,"pineapple slices, teriyaki sauce, ground beef, sweet onion, butter, lettuce leaves, onion hamburger buns, swiss cheese, bacon",521.0,unknown,92.0,99.0,42.0
aloha cake,"sugar, flour, baking soda, cinnamon, salt, oil, eggs, pork and beans, crushed pineapple, margarine, cream cheese, vanilla extract, milk, confectioners' sugar",522.2,dinner,18.0,219.0,36.0
aloha carrots,"baby carrots, water, salt, brown sugar, crushed pineapple, butter",95.3,unknown,16.0,63.0,3.0
aloha cheesecake,"vanilla wafer crumbs, margarine, cream cheese, sugar, milk, eggs, macadamia nuts, pineapple, kiwi",409.8,dessert,11.0,45.0,47.0
aloha chicken,"boneless chicken breasts, flour, oil, pineapple chunks in juice, cornstarch, honey, light soy sauce, pepper, cooked rice",376.0,unknown,14.0,83.0,26.0
aloha chicken salad,"chicken, celery, mayonnaise, pineapple chunks, pecans, mandarin oranges, seedless grapes, salt and pepper",221.2,unknown,0.0,113.0,15.0
aloha chicken wings,"chicken wings, pineapple preserves, dry sherry, frozen orange juice concentrate, soy sauce, brown sugar, vegetable oil, garlic powder, ground ginger",436.6,dinner,31.0,106.0,34.0
aloha chippers,"macadamia nuts, chocolate chips, white chocolate chips, coconut, flour, sugar, brown sugar, butter, baking soda, salt, vanilla, dark rum, egg",141.9,dinner,2.0,39.0,13.0
aloha cookies,"light brown sugar, butter flavor crisco, egg, orange juice, vanilla extract, lemon extract, quick oats, all-purpose flour, baking soda, salt, nutmeg, cinnamon, crushed pineapple in juice, flaked coconut, macadamia nuts",149.0,dessert,2.0,38.0,12.0
aloha delight salad,"orange, mangoes, bananas, pineapple chunks, unsweetened coconut, walnuts, dates, honey, lemon juice",243.1,unknown,0.0,147.0,11.0
aloha dip,"whipped cream cheese, crushed pineapple, flaked coconut, ground ginger, lemon juice, pecans",850.1,unknown,20.0,154.0,108.0
aloha fruit punch,"water, gingerroot, guava juice, lemon juice, pineapple, sugar, pineapple juice",1292.0,unknown,0.0,1187.0,1.0
aloha ham salad,"unsweetened pineapple chunks, cooked brown rice, cooked ham, sliced water chestnuts, red onion, plain yogurt, salt, apple, lettuce leaf, macadamia nuts, flaked coconut",547.5,unknown,3.0,59.0,37.0
aloha hawaiian banana bread,"all-purpose flour, salt, baking soda, splenda sugar substitute, ground cinnamon, nuts, eggs, canola oil, bananas, crushed pineapple, vanilla extract, honey, cooking spray",305.5,unknown,10.0,28.0,29.0
aloha hawaiian granola,"rolled oats, brown sugar, wheat germ, shredded coconut, macadamia nuts, sunflower seeds, pumpkin seeds, canola oil, honey, vanilla extract, dried pineapple",620.9,breakfast,2.0,156.0,49.0
aloha joes,"ground round, garlic cloves, onion, salt, pepper, tomato sauce, worcestershire sauce, chili powder, pineapple tidbits, hamburger buns",375.1,lunch,35.0,53.0,26.0
aloha martini,"vodka, apricot brandy, pineapple juice",119.2,unknown,0.0,11.0,0.0
aloha meatballs,"ground turkey, cooked brown rice, crushed pineapple with juice, scallion, reduced sodium soy sauce, ginger, unsalted chicken stock, chili sauce, rice vinegar, brown sugar, cornstarch, ground ginger",131.1,unknown,6.0,25.0,6.0
aloha pizza,"pizza dough, extra virgin olive oil, salt & pepper, mozzarella cheese, pineapple, onion, prosciutto, frisee",235.9,lunch,14.0,26.0,24.0
aloha puff pizzettes,"crescent rolls, sweet and sour sauce, swiss cheese, ham, crushed pineapple",60.4,unknown,5.0,8.0,3.0
aloha punch,"pineapple juice, strawberry juice, guava juice, pear juice, orange soda",64.0,unknown,0.0,33.0,0.0
aloha quick bread,"butter, sugar, eggs, banana, milk, orange peel, vanilla extract, almond extract, all-purpose flour, baking soda, salt, flaked coconut, nuts, crushed pineapple",3673.7,unknown,162.0,1094.0,255.0
aloha salmon,"salmon, tomatoes, cucumber, green onions, soy sauce, vegetable oil, garlic, black pepper",260.3,lunch,45.0,13.0,21.0
aloha sandwiches,"bacon, white bread, pineapple, cheddar cheese",844.6,breakfast,60.0,64.0,94.0
aloha smoothie,"pineapple juice, strawberry yogurt, banana",434.0,breakfast,6.0,126.0,5.0
aloha sweet potatoes,"sweet potatoes, butter, brown sugar, water, shredded coconut",275.9,dinner,5.0,121.0,19.0
aloha wings,"soy sauce, crushed pineapple, hoisin sauce, crushed red pepper flakes, apple cider vinegar, honey, light brown sugar, garlic cloves, fresh gingerroot, dark rum, chicken wings",625.1,unknown,52.0,45.0,60.0
aloo  chops,"oil, onion, ginger, ground coriander, minced beef, raisins, salt, coriander, potato, flour",440.8,unknown,2.0,20.0,30.0
aloo  potato  pakora,"potatoes, corn oil, besan, water, red chili powder, cumin powder, garlic, ginger, salt, coriander",898.0,lunch,1.0,14.0,114.0
aloo achar   potato salad,"potato, sesame seeds, hot green chili peppers, garlic cloves, ginger, fresh cilantro, lemons, salt, mustard oil, fenugreek seeds, lettuce leaf",317.9,lunch,0.0,13.0,28.0
aloo aloo,"garlic cloves, gingerroot, sunflower oil, mustard seeds, cumin seeds, coriander seed, cinnamon sticks, curry leaves, onions, chickpeas, tomatoes, potatoes, turmeric, salt, coconut milk, coriander leaves",502.5,unknown,63.0,46.0,47.0
aloo baigain  potato and eggplant  aubergine,"potato, eggplants, red chili powder, cumin, coriander powder, turmeric powder, salt, garlic paste, mustard seeds",249.5,unknown,1.0,68.0,3.0
aloo baingan sabzi,"eggplants, potatoes, tomatoes, ginger paste, garlic, cumin seed, turmeric powder, red chili powder, ground coriander, garam masala, salt, coriander leaves, cooking oil",251.9,unknown,1.0,45.0,12.0
aloo bengun,"aubergine, potato, onion, gingerroot, garlic cloves, curry powder, cumin powder, chili powder, turmeric, coriander leaves, vegetable oil",603.0,unknown,0.0,18.0,85.0
aloo channa chaat  tangy potato chickpea snack,"garbanzo beans, potatoes, shallots, tamarind paste, water, mild chili powder, brown sugar, salt, fresh cilantro leaves",252.0,lunch,18.0,18.0,5.0
aloo channa tarkari   potato and garbanzo beans in a curry,"vegetable oil, potato, garbanzo beans, cumin seed, red chili pepper, black pepper, nigella seeds, fennel seed, fenugreek seeds, mustard seeds, salt, turmeric powder, lemon juice, yellow food coloring",300.2,breakfast,32.0,5.0,22.0
aloo curry  potato curry,"potatoes, onions, garlic, ginger, tomatoes, green chilies, salt, turmeric, red pepper, cloves, oil",376.9,dinner,1.0,32.0,8.0
aloo dum,"potatoes, khoya, fresh curds, garam masala, ground nutmeg, water, jeera seeds, coriander powder, jeera powder, sugar, salt, butter, onions, ginger paste, turmeric powder, red chilies",407.6,unknown,33.0,38.0,1.0
aloo gobi,"vegetable oil, onion, fresh coriander, green chili, cauliflower, potatoes, diced tomatoes, fresh ginger, fresh garlic, cumin seed, turmeric, salt, garam masala",215.9,unknown,13.0,22.0,11.0
aloo gobi   cauliflower and potatoes,"cauliflower, boiling potatoes, vegetable oil, fenugreek seeds, fennel seed, whole cumin seed, dried hot red chili pepper, ground turmeric, ground coriander, salt, ground pepper, garam masala",134.5,unknown,26.0,13.0,6.0
aloo gobi   potato and cauliflower curry,"potatoes, cauliflower, oil, black mustard seeds, cumin seed, fenugreek seeds, dried red chili, onion, fresh green chile, ground turmeric, ground cumin, ground coriander, salt, fresh coriander",337.1,unknown,38.0,26.0,27.0
aloo gobi mattar,"olive oil, onions, cumin seed, garlic cloves, fresh ginger, hot green chili pepper, turmeric, garam masala, ground coriander, salt, white pepper, fenugreek seeds, ground cumin, baking potatoes, vegetable stock, cauliflower, lemon, juice of, frozen green pea, fresh cilantro",233.3,unknown,19.0,32.0,15.0
aloo gobi mattar   cauliflower  pea and potato curry,"cauliflower, onions, baking potatoes, frozen green pea, vegetable stock, olive oil, fresh ginger, garlic cloves, hot green chili pepper, turmeric, garam masala, ground coriander, salt, white pepper, fenugreek seeds, ground cumin, cumin seed, lemon, juice of, fresh cilantro",248.1,unknown,20.0,32.0,15.0
aloo ka raita   potatoes in yogurt,"curds, potatoes, mint leaves, green chili, ground cumin, black pepper, chat masala, salt",324.9,unknown,25.0,8.0,11.0
aloo ka saag,"asafoetida powder, cumin seed, ginger, cardamom powder, green chilies, mustard seeds, oil, potato, red chili powder, salt, turmeric powder, yoghurt",157.2,dinner,1.0,18.0,14.0
aloo kay kabab  potato kebabs,"potatoes, salt, red chili powder, mango powder, green chilies, mint, coriander, egg, oil",179.9,lunch,20.0,6.0,12.0
aloo keema,"mincemeat, potatoes, onions, whole black peppercorns, cloves, gingerroot, ginger-garlic paste, chopped tomatoes, turmeric, red chili powder, cumin powder, garam masala, green chili, sugar, mint leaf, lemon, tomatoes",478.9,unknown,2.0,264.0,1.0
aloo keema  potato and mince curry,"onions, beef, gingerroot, garlic, chili powder, coriander powder, turmeric powder, salt, yogurt, tomatoes, potatoes, garam masala, green chilies, coriander leaves",277.2,unknown,25.0,24.0,28.0
aloo matar,"potatoes, frozen peas, green chili, white onion, garlic paste, ginger paste, tomato sauce, olive oil, cumin seeds, bay leaves, turmeric, garam masala, ground red pepper, coriander powder",184.3,unknown,11.0,22.0,14.0
aloo matar  paneer optional,"potatoes, peas, paneer cheese, vegetable oil, onions, fresh ginger, garlic cloves, green chili pepper, tomatoes, salt, turmeric powder, ground black pepper, paprika, red chili powder, garam masala, water, cilantro",237.9,unknown,33.0,24.0,7.0
aloo matar ka pulao   indian rice with potatoes and peas,"basmati rice, water, butter, cumin seed, fresh ginger, green peas, potato, coriander seeds, garam masala, salt, turmeric",467.6,unknown,75.0,12.0,14.0
aloo matar ki sabzi   potato n peas curry,"potatoes, green peas, green chilies, onions, garlic, ginger, garlic clove, gingerroot, tomatoes, oil, cumin seeds, bay leaves, turmeric, salt, garam masala, red pepper, coriander seed, coriander leaves",292.6,unknown,73.0,39.0,22.0
aloo methi,"mustard greens, potatoes, tomatoes, salt, turmeric powder, red chili powder, cumin seed, dried red chilies, vegetable oil, onion",223.5,unknown,1.0,22.0,11.0
aloo mutter,"oil, onion, ginger-garlic paste, cloves, cinnamon stick, bay leaves, garam masala, chili powder, turmeric powder, coriander powder, tomatoes, potatoes, peas, salt, water, coriander leaves",294.8,lunch,49.0,24.0,27.0
aloo mutter   indian potatoes with peas,"olive oil flavored cooking spray, cumin seed, onion, tomatoes, salt, ground red pepper, turmeric, red potatoes, frozen peas, water, fresh cilantro, garam masala",107.0,dinner,10.0,16.0,0.0
aloo palak  indian potatoes   spinach,"spinach, garlic cloves, fresh ginger, onions, green chili, potatoes, turmeric, ghee, cumin seed, garam masala, ground coriander, ground cumin, fresh cream, salt",404.4,unknown,5.0,29.0,41.0
aloo paratha  indian potato stuffed flatbreads,"potatoes, whole wheat flour, all-purpose flour, cumin, sea salt, olive oil, water, cayenne, salt, fresh ground pepper, citrus juice, kalamata olive",359.8,lunch,16.0,4.0,12.0
aloo phujia,"onion, vegetable oil, potato, salt, cayenne, ground turmeric, cumin, tomatoes",232.6,unknown,24.0,14.0,21.0
aloo poshto   potatoes recipe,"poppy seeds, oil, red chilies, turmeric powder, green chilies, potatoes, salt",213.8,unknown,0.0,12.0,13.0
aloo raita,"yogurt, cumin, salt, black pepper, chili powder, potatoes, fresh chives, cumin seeds",197.2,unknown,27.0,32.0,8.0
aloo rasdar   indian potato in gravy ala rukshana,"russet potatoes, green peas, light oil, onions, fresh ginger, garlic cloves, tomatoes, green chilies, turmeric, chili powder, garam masala powder, mango powder, coriander sprigs, sea salt",357.9,unknown,1.0,50.0,1.0
aloo roti  potato rotis,"potatoes, whole wheat flour, all-purpose flour, dried fenugreek leaves, mint leaf, fresh cilantro, green chili pepper, ginger paste, ajwain, salt, pepper, vegetable oil, nonfat plain yogurt, flour, butter",115.6,unknown,0.0,4.0,3.0
aloo talkari,"ghee, potatoes, green beans, onion, garlic cloves, curry powder, chicken broth, salt",317.3,unknown,16.0,17.0,16.0
aloo tamatar sabzi,"vegetable oil, cumin seed, mustard seeds, fenugreek seeds, tomatoes, ground turmeric, potatoes, salt, ground coriander, cayenne pepper, water, fresh cilantro",167.1,unknown,24.0,9.0,6.0
aloopsie casserole,"ground beef, kielbasa, red onion, coleslaw mix, sauerkraut, tomato soup, rice",549.0,unknown,66.0,53.0,50.0
alotizzip chicken romano,"boneless skinless chicken breasts, fine breadcrumbs, romano cheese, olive oil, italian-style diced tomatoes, garlic cloves, kalamata olives, capers, balsamic vinegar, red pepper flakes, fresh basil leaves, rigatoni pasta",831.8,unknown,31.0,27.0,39.0
alotizzip eggplant soup,"ground beef, diced tomatoes, tomato sauce, eggplant, yellow onion, celery ribs, carrots, elbow macaroni, parsley, bay leaf, basil, fresh garlic, beef bouillon cubes, salt and pepper",306.2,unknown,35.0,36.0,18.0
alotizzip marinated artichokes   mushrooms,"mushroom, salt water, artichoke hearts in brine, garlic cloves, green onion, green olives, roasted red pepper, olive oil, white wine vinegar, dry sherry, salt, oregano, fresh ground black pepper",356.5,unknown,37.0,13.0,45.0
alouette baby brie caramelized pepper   onion pizza,"prepared pizza crust, brie cheese, yellow onions, balsamic vinaigrette, brown sugar, roasted red pepper, olive oil, fresh thyme leave",212.2,lunch,24.0,11.0,24.0
alouette baby brie toasts with pear and chocolate wine sauce,"brie round, red wine, sugar, chocolate chips, olive oil, almonds, allspice, pears, baguette",555.5,dinner,32.0,54.0,30.0
alouette bacon wrapped scallops and shrimp,"parmesan cheese, bacon, sea scallops, shrimp, scallions, toothpicks",146.9,unknown,13.0,0.0,19.0
alouette brandied apricot baby brie,"apricot preserves, brandy, orange juice, cinnamon, brie cheese, french bread",417.1,lunch,26.0,56.0,15.0
alouette chicken paprika,"boneless chicken breasts, paprika, garlic powder, butter, milk, cheese",448.1,unknown,23.0,2.0,43.0
alouette crumbled goat cheese ny grilled strip steak salad of gr,"strip steaks, shallot, fresh lemon juice, extra virgin olive oil, kosher salt, fresh ground black pepper, arugula, fennel bulb, goat cheese",669.6,unknown,10.0,5.0,73.0
alouette extra creamy brie with dried fruit and almonds,"dried apricots, sliced almonds, cracker, brie cheese",525.4,lunch,19.0,256.0,31.0
alouette french bread,"french bread, garlic & herb spreadable cheese, parmesan cheese",493.2,unknown,36.0,17.0,4.0
alouette ice,"baileys irish cream, frangelico, tia maria, brewed coffee, milk, ice",91.3,dinner,1.0,12.0,7.0
alouette pecan caramel brie recipe,"caramel topping, brie cheese, pecans",205.9,dinner,13.0,1.0,23.0
alouette southwestern pinwheels,"alouette spinach artichoke spreadable cheese, avocado, flour tortillas, turkey breast, roasted red peppers, red onion, toothpicks",30.3,lunch,1.0,1.0,2.0
alouette stuffed mushrooms,"mushroom caps, herbs, seasoned bread crumbs",26.0,lunch,2.0,4.0,0.0
alouette summer vegetables,"red bell peppers, mushroom, broccoli florets, summer squash, herbs",33.8,dinner,0.0,12.0,0.0
alouette caramel apple brie recipe,"caramels, brie cheese, apples, apple",174.2,unknown,12.0,15.0,20.0
alphabet beef soup,"sirloin steaks, italian-style diced tomatoes, tomato sauce, water, beef bouillon cubes, frozen mixed vegetables, alphabet pasta",287.3,unknown,48.0,24.0,13.0
alphabet beef vegetable soup  crock pot,"beef sirloin, salt, black pepper, vegetable oil, onion, carrots, tomato sauce, beef broth, chicken broth, green beans, frozen peas, frozen corn, alphabet pasta",3004.6,unknown,83.0,26.0,273.0
alphabet chicken soup  crock pot,"chicken broth, chicken, onion, celery, carrot, garlic clove, bay leaf, dried thyme, celery seed, alphabet pasta, salt and pepper",292.7,unknown,66.0,13.0,20.0
alphabet pikelets,"self-raising flour, baking powder, caster sugar, milk, egg, olive oil flavored cooking spray, strawberry jam",28.5,breakfast,3.0,1.0,0.0
alphabet soup,"no-salt-added stewed tomatoes, low sodium chicken broth, water, frozen mixed vegetables, salt, dried basil, pepper, alphabet pasta",92.5,unknown,15.0,1.0,2.0
alpine beef goulash with noodles,"boneless round steak, oil, onion, garlic, tomato sauce, brown sugar, paprika, salt, caraway seed, dill seed, worcestershire sauce, pepper, sour cream, noodles",770.4,dinner,44.0,44.0,73.0
alpine cabbage soup,"bread, butter, cabbage, ground nutmeg, fresh ground black pepper, salt, vegetable broth, fontina cheese",453.5,dinner,44.0,22.0,50.0
alpine chicken in the crock pot,"chicken bouillon granules, parsley, poultry seasoning, canadian bacon, broccoli stems, celery, onion, water, chicken cutlets, cheddar cheese soup, flour, wide egg noodles, pimientos, parmesan cheese",404.9,unknown,27.0,10.0,12.0
alpine hot spiced wine,"full-bodied red wine, honey, cinnamon sticks, cardamom seeds, black peppercorns, orange, lemon, sugar",213.9,dinner,0.0,109.0,3.0
alpine latte,"irish cream, amaretto, frangelico, brewed coffee, whipped cream, almonds",1.8,dinner,0.0,0.0,0.0
alpine mint hot chocolate,"whipping cream, powdered sugar, unsweetened baking cocoa, peppermint extract, milk, vanilla baking chips, candy canes",765.1,unknown,8.0,211.0,78.0
alpine muesli,"quick-cooking oats, 2% low-fat milk, nonfat plain yogurt, pure vanilla extract, fresh orange juice, almonds, honey, apples, fresh fruit",228.4,breakfast,3.0,66.0,16.0
alpine omelet,"fruit, water, lemon juice, margarine, cornstarch, honey, white flour, eggs, half-and-half, nutmeg",276.5,breakfast,7.0,18.0,29.0
alpine perch filets in white wine  eglifilets in weisswein,"perch fillets, lemon juice, salt and black pepper, heavy cream, white wine, mushroom, parsley",540.0,unknown,8.0,5.0,37.0
alpine potatoes,"butter, cream of chicken soup, sour cream, green onion, celery, cheddar cheese, garlic salt, pepper, potatoes, potato chips",279.5,unknown,18.0,3.0,32.0
alpine turkey or chicken casserole,"cooked turkey, celery, bread, miracle whip, milk, onion, salt, swiss cheese, toasted almond",582.3,unknown,40.0,13.0,44.0
alpine vegetable soup,"olive oil, onion, garlic clove, celery ribs, salt and pepper, potatoes, carrots, chicken broth, zucchini, dried dill, cornstarch, cold water, parmesan cheese",247.8,unknown,40.0,26.0,8.0
alpine village house seasoned cottage cheese,"cottage cheese, caraway seed, sugar, accent seasoning, white pepper, dried chives, celery salt",462.3,unknown,69.0,61.0,30.0
alpine village house soup   chicken supreme,"water, celery salt, accent seasoning, ground chicken, onion, yellow food coloring, salt, pepper, kitchen bouquet, chicken bouillon, carrots, roux, vegetable oil, all-purpose flour",514.8,unknown,55.0,10.0,47.0
alpler magrone  macaroni with bacon,"elbow macaroni, potato, bacon, cream, salt and pepper, nutmeg, cheese, onion, butter",808.3,unknown,24.0,16.0,67.0
alplermagrone  swiss gruyere cheese pasta,"pasta, butter, vermouth, onion, bacon, whipping cream, gruyere cheese, salt & freshly ground black pepper, green onion",824.2,unknown,21.0,12.0,78.0
already married chicken  modified engagement chicken,"whole chickens, lemons, fresh lemon juice, kosher salt, ground black pepper",503.9,dinner,6.0,2.0,54.0
alsace onion flan,"shortcrust pastry, onion, unsalted butter, bay leaf, eggs, nutmeg, double cream, milk, salt & freshly ground black pepper",541.0,unknown,11.0,20.0,65.0
alsatian chicken with beer,"whole chickens, salt & freshly ground black pepper, unsalted butter, vegetable oil, fresh mushrooms, shallots, ale, heavy cream, grainy mustard, black pepper, cayenne pepper, fresh parsley",790.2,unknown,9.0,3.0,93.0
alsatian goose with pears,"goose, salt, pepper, ground ginger, garlic cloves, orange, celery, carrot, onion, bosc pears, fresh lemon juice, sugar, pear liqueur, chicken stock, flour",1391.9,dinner,17.0,157.0,129.0
alsatian lentil soup with bratwurst,"brown lentils, bratwursts, celery ribs, carrots, leeks, bay leaf, fresh thyme, salt, fresh ground pepper, water, creme fraiche",364.9,unknown,16.0,12.0,20.0
alsatian onion tart,"flour, unsalted butter, egg yolks, salt, cold water, olive oil, onion, bay leaf, thyme, salt and pepper, wine, eggs, single cream",527.5,lunch,2.0,15.0,52.0
alsatian quiche,"eggs, heavy cream, sweet onion, bacon, parmesan cheese, butter, pastry dough",795.8,breakfast,40.0,5.0,105.0
alsatian rub,"salt-free lemon pepper, instant minced onion, caraway seed, garlic powder, sugar, white pepper, salt",190.9,unknown,194.0,82.0,2.0
alsatian sauerkraut potato soup,"vegetable oil, onion, garlic cloves, pork chop, dried sage, chicken broth, cold water, sauerkraut, red potatoes, red kidney beans, salt & freshly ground black pepper, fresh parsley, rye bread",502.7,unknown,49.0,24.0,14.0
alsatian tarte flambee,"frozen puff pastry, quark, heavy cream, nutmeg, bacon, onion",796.5,lunch,18.0,4.0,90.0
alsatian tempeh casserole,"russet potatoes, olive oil, red onions, sauerkraut, tempeh burgers",269.8,unknown,15.0,21.0,10.0
alsatian brined turkey with riesling gravy,"cold water, kosher salt, sugar, yellow mustard seeds, dried onion flakes, caraway seeds, black peppercorns, juniper berries, bay leaves, whole turkey, riesling wine, onion, garlic, all-purpose flour, rich turkey stock, fresh ground pepper",947.9,dinner,14.0,72.0,63.0
altdeutsche brotchen,"butter, sugar, eggs, rum, vanilla extract, milk, cinnamon, baking powder, flour, almonds, orange rind, raisins",170.6,dinner,4.0,23.0,14.0
altdeutscher sauerkraut kuchen  german sauerkraut pie,"bacon, onion, caraway seed, sauerkraut, sour cream, eggs, hard cheese, pastry dough",489.5,unknown,38.0,13.0,62.0
altered state shooter   shot,"kahlua, peach schnapps, baileys irish cream",70.1,unknown,0.0,23.0,2.0
alternate honey barbecue sauce with riblets  applebee s copycat,"ketchup, corn syrup, honey, apple cider vinegar, water, molasses, dry mustard, garlic powder, chili powder, onion powder, pork riblet, liquid smoke flavoring",21497.8,lunch,371.0,257.0,2373.0
alternate vanilla granola,"oats, wheat germ, sliced almonds, brown sugar, salt, ground cinnamon, vegetable oil, honey, sugar, vanilla extract, dried cranberries",357.1,breakfast,2.0,64.0,17.0
alternative bundt cake glaze using sweetened condensed milk,"butter, sweetened condensed milk, egg yolks, vanilla",140.5,dessert,3.0,54.0,13.0
alternative creamy mints,"cream cheese, half-and-half, butter, flavoring, food coloring, powdered sugar",35.7,dessert,0.0,23.0,1.0
alternative faggots,"ground pork, flat leaf parsley, sage leaves, leek, salt & freshly ground black pepper, vegetable oil, onion, garlic cloves, red wine, beef gravy granules, hot water",400.2,unknown,4.0,10.0,36.0
alternative muffins,"whole wheat flour, flax seed meal, wheat germ, baking powder, egg, plain low-fat yogurt, skim milk, honey, hazelnut oil, carob chips, walnuts, chocolate chips, blueberries, coarse sugar",153.7,breakfast,5.0,35.0,10.0
alternative rice crispy treats,"honey, chunky peanut butter, crispy brown rice cereal, dried cherries, cooking spray",134.7,dessert,1.0,44.0,7.0
alternative to peanut butter,"tahini, molasses",168.6,lunch,0.0,41.0,14.0
alternative to waldorf salad hold the mayo,"red delicious apple, walnuts, raisins, cranberries, baby carrots, celery, lemon juice, sugar",317.3,dinner,2.0,96.0,29.0
alton brown    kustom kitchen lube,"solid shortening, all-purpose flour",4306.9,unknown,0.0,2.0,633.0
alton brown   chewy gluten free chocolate chip cookies,"butter, brown rice flour, cornstarch, tapioca flour, xanthan gum, kosher salt, baking soda, sugar, brown sugar, egg, egg yolk, milk, vanilla, semi-sweet chocolate chips",123.5,dessert,3.0,42.0,9.0
alton brown   potato leek soup,"leek, unsalted butter, kosher salt, yukon gold potatoes, vegetable broth, heavy cream, buttermilk, white pepper, chives",462.8,unknown,6.0,33.0,48.0
alton browns dairy free chocolate pie,"semi-sweet chocolate chips, raspberry liqueur, vanilla extract, silken tofu, agave nectar, chocolate wafer pie crust",395.3,dessert,8.0,128.0,37.0
alton brown s  winter vegetable soup,"olive oil, cremini mushrooms, carrots, celery ribs, onion, kosher salt, whole canned tomatoes, fresh sage leaves, fresh rosemary leaf, garlic cloves, water, low sodium soy sauce, parmesan rind, butternut squash, kale, great northern beans, red wine vinegar, parmesan cheese",274.1,unknown,61.0,15.0,15.0
alton brown s 2 hour mustard brine for pork chops or roast,"pork chops, kosher salt, brown sugar, black peppercorns, mustard powder, cider vinegar, ice cube",536.3,dinner,712.0,172.0,28.0
alton brown s baby back ribs,"racks of baby-back pork ribs, light brown sugar, kosher salt, chili powder, ground black pepper, cayenne pepper, jalapeno seasoning salt, old bay seasoning, thyme, onion powder, white wine, white wine vinegar, worcestershire sauce, honey, garlic cloves",2771.2,dinner,485.0,261.0,270.0
alton brown s baked brown rice,"long grain brown rice, water, unsalted butter, salt",188.1,unknown,16.0,1.0,5.0
alton brown s baked macaroni and cheese,"elbow macaroni, butter, flour, mustard powder, milk, yellow onion, bay leaf, paprika, egg, sharp cheddar cheese, kosher salt, fresh black pepper, panko breadcrumbs",658.2,unknown,39.0,12.0,57.0
alton brown s baked potato,"russet potato, canola oil, kosher salt",164.0,unknown,0.0,6.0,0.0
alton brown s bananas foster,"unsalted butter, dark brown sugar, ground allspice, nutmeg, banana liqueur, bananas, dark rum",378.4,dessert,0.0,164.0,18.0
alton brown s blueberry soda from good eats  food network,"fresh blueberries, water, sugar, lime, carbonated water",186.8,unknown,0.0,171.0,0.0
alton brown s bread and butter pickles,"onion, cucumbers, water, cider vinegar, sugar, kosher salt, mustard seeds, turmeric, celery seed, pickling spices",334.1,lunch,1.0,312.0,0.0
alton brown s brined turkey,"whole turkey, kosher salt, light brown sugar, vegetable stock, black peppercorns, allspice berries, candied ginger, water, red apple, onion, cinnamon stick, rosemary, sage, canola oil",666.1,unknown,404.0,42.0,47.0
alton brown s broccoli casserole,"mayonnaise, plain yogurt, sharp cheddar cheese, blue cheese dressing, eggs, salt, fresh ground black pepper, broccoli, sliced mushrooms, butter, chicken-flavored ramen noodles",402.7,unknown,36.0,21.0,44.0
alton brown s brussels sprouts with pecans and cranberries,"fresh brussels sprout, pecans, unsalted butter, kosher salt, fresh ground pepper, dried cranberries",190.4,unknown,3.0,12.0,24.0
alton brown s buffalo wings,"chicken wings, unsalted butter, garlic clove, hot sauce, salt",481.5,unknown,32.0,0.0,62.0
alton brown s butternut squash soup,"butternut squash, butter, salt, pepper, chicken stock, honey, minced ginger, heavy cream, nutmeg",244.7,dinner,42.0,65.0,10.0
alton brown s chewy cookies,"unsalted butter, bread flour, kosher salt, baking soda, sugar, brown sugar, egg, egg yolk, milk, vanilla extract, semi-sweet chocolate chips",188.7,dessert,5.0,66.0,15.0
alton brown s chicken in garlic and shallots,"whole chickens, salt & freshly ground black pepper, olive oil, parsley, garlic cloves, shallots",671.7,unknown,6.0,0.0,82.0
alton brown s chili powder,"ancho chilies, cascabel chiles, dried arbol chiles, whole cumin seeds, garlic powder, dried oregano, smoked paprika",361.2,unknown,3.0,9.0,15.0
alton brown s chipotle smashed sweet potatoes,"sweet potatoes, unsalted butter, chipotle chile in adobo, adobo sauce, salt",106.8,unknown,25.0,10.0,8.0
alton brown s city ham,"ham, brown mustard, dark brown sugar, bourbon, gingersnap cookies",643.0,unknown,201.0,170.0,27.0
alton brown s cocoa syrup,"water, sugar, dutch-processed cocoa powder, vanilla extract, kosher salt, light corn syrup",347.3,dessert,3.0,307.0,3.0
alton brown s coconut cake with 7 minute frosting,"cake flour, baking powder, salt, coconut milk, coconut cream, unsalted butter, sugar, coconut extract, egg whites, coconut water, cream of tartar, kosher salt, vanilla extract, sweetened flaked coconut",518.4,dessert,11.0,242.0,30.0
alton brown s corn dogs,"peanut oil, yellow cornmeal, all-purpose flour, kosher salt, baking powder, baking soda, cayenne pepper, jalapeno peppers, cream-style corn, onion, buttermilk, cornstarch, beef hot dogs",4138.5,lunch,48.0,20.0,687.0
alton brown s cranberry dipping sauce,"frozen cranberries, orange juice, ginger ale, maple syrup, light brown sugar, kosher salt, orange, zest of",75.1,unknown,3.0,58.0,0.0
alton brown s creamed corn,"onion, butter, kosher salt, fresh corn, fresh rosemary, sugar, turmeric, yellow cornmeal, heavy cream, fresh ground black pepper",557.0,unknown,8.0,51.0,55.0
alton brown s cuban sandwich,"hoagie rolls, yellow mustard, ham, roast pork, provolone cheese, dill pickle slices, unsalted butter",392.9,dinner,52.0,7.0,27.0
alton brown s eggnog,"egg yolks, sugar, whole milk, heavy cream, bourbon, nutmeg, egg whites",158.4,unknown,1.0,31.0,15.0
alton brown s eggplant  pasta,"eggplants, olive oil, garlic, crushed red pepper flakes, tomatoes, heavy cream, basil chiffonade, parmesan cheese, fresh ground black pepper, salt",322.2,lunch,4.0,31.0,41.0
alton brown s fluffy whole wheat pancakes,"whole wheat flour, baking powder, baking soda, salt, sugar, eggs, buttermilk, unsalted butter",427.7,breakfast,41.0,62.0,25.0
alton brown s ginger ale,"fresh ginger, sugar, water, active dry yeast, fresh lemon juice",87.6,unknown,0.0,85.0,0.0
alton brown s guacamole,"hass avocadoes, lime, juice of, kosher salt, ground cumin, cayenne, onion, roma tomatoes, cilantro, garlic clove",93.5,dinner,6.0,3.0,12.0
alton brown s gyro meat recipe,"onion, ground lamb, garlic, dried marjoram, ground rosemary, kosher salt, fresh ground black pepper, pita bread, plain yogurt, cucumber, garlic cloves, olive oil, red wine vinegar, mint leaves",685.2,lunch,44.0,25.0,63.0
alton brown s haggis,"sheep stomach, sheep liver, sheep heart, sheep tongue, suet, onions, oats, kosher salt, ground black pepper, dried parsley",2967.3,unknown,74.0,56.0,353.0
alton brown s ice cream,"vanilla sugar, egg yolks, half-and-half, vanilla extract, heavy cream",2233.9,dessert,18.0,21.0,313.0
alton brown s lemon curd,"egg yolks, sugar, lemons, butter",1901.4,unknown,35.0,823.0,173.0
alton brown s lentil soup,"olive oil, onion, carrot, celery, kosher salt, lentils, tomatoes, chicken broth, vegetable broth, coriander, cumin, grains of paradise",105.6,unknown,32.0,10.0,5.0
alton brown s martini,"ice, dry vermouth, gin, olive",204.7,dinner,1.0,0.0,0.0
alton brown s molasses and coffee pork chops,"strong coffee, molasses, apple cider vinegar, dijon mustard, garlic cloves, pepper, ground ginger, fresh thyme, pork chops",469.3,unknown,7.0,94.0,27.0
alton brown s overnight cinnamon rolls,"egg yolks, egg, sugar, unsalted butter, buttermilk, all-purpose flour, dry yeast, kosher salt, vegetable oil, light brown sugar, ground cinnamon, salt, cream cheese, milk, powdered sugar",412.4,breakfast,10.0,150.0,17.0
alton brown s paradise macaroons,"sweetened flaked coconut, sweetened condensed milk, kosher salt, vanilla extract, egg whites, granulated sugar, semi-sweet chocolate chips, vegetable shortening, salted macadamia nuts",149.2,dessert,2.0,61.0,14.0
alton brown s pizza,"sugar, kosher salt, pure olive oil, warm water, bread flour, instant yeast, olive oil, flour, pizza sauce, fresh herb, mozzarella cheese",1242.4,unknown,294.0,106.0,39.0
alton brown s protein bars,"powdered soy protein concentrate, oat bran, whole wheat flour, wheat germ, kosher salt, raisins, dried cherries, dried blueberries, dried apricots, soft silken tofu, apple juice, dark brown sugar, eggs, natural-style peanut butter, canola oil",198.0,lunch,2.0,65.0,11.0
alton brown s red potato salad,"red potatoes, cider vinegar, mayonnaise, mustard powder, parsley, fresh tarragon, garlic, cornichons, red onion, celery, kosher salt, fresh ground black pepper",353.6,unknown,37.0,28.0,23.0
alton brown s sauerbraten,"water, cider vinegar, red wine vinegar, onion, carrot, kosher salt, fresh ground black pepper, bay leaves, cloves, juniper berries, mustard seeds, bottom round steaks, vegetable oil, sugar, gingersnaps, seedless raisin",1033.2,dinner,108.0,100.0,80.0
alton brown s sherried sardine toast,"sardines, fresh parsley leaves, sherry wine vinegar, lemon zest, black pepper, crusty bread, hass avocado, coarse sea salt",183.5,lunch,11.0,0.0,19.0
alton brown s shrimp cocktail,"shrimp, kosher salt, sugar, water, ice, diced tomatoes, chili sauce, prepared horseradish, fresh black pepper, olive oil, old bay seasoning",177.7,dinner,336.0,84.0,6.0
alton brown s smoked paprika chicken and potatoes,"stuffed green olives, lemon zest, garlic cloves, smoked paprika, olive oil, kosher salt, black pepper, chicken thighs, yukon gold potatoes, yellow onion",714.1,unknown,61.0,15.0,60.0
alton brown s sour cream cheesecake,"graham cracker squares, unsalted butter, butter, sugar, cream cheese, sour cream, vanilla extract, eggs, egg yolks, heavy cream",836.2,dessert,23.0,193.0,84.0
alton brown s spatchcocked game hen,"cornish hen, kosher salt, fresh ground black pepper, nonstick cooking spray",280.1,unknown,79.0,0.0,12.0
alton brown s steel cut oats,"unsalted butter, steel cut oats, boiling water, kosher salt, whole milk, low-fat buttermilk, brown sugar, cinnamon",221.1,unknown,20.0,25.0,10.0
alton brown s stove top mac n cheese,"elbow macaroni, butter, eggs, evaporated milk, hot sauce, kosher salt, fresh black pepper, dry mustard, sharp cheddar cheese",462.8,unknown,33.0,5.0,42.0
alton brown s tapioca pudding,"pearl tapioca, cold water, whole milk, heavy cream, egg yolk, sugar, lemon, zest of, salt",360.4,breakfast,4.0,102.0,26.0
alton brown s white trash,"cheerios toasted oat cereal, rice chex, corn chex, m&m's plain chocolate candy, salted mixed nuts, small pretzels, white chocolate chips",343.2,lunch,8.0,110.0,29.0
alton brown s yeast doughnuts,"milk, vegetable shortening, instant yeast, warm water, eggs, sugar, salt, nutmeg, all-purpose flour, peanut oil",184.7,breakfast,7.0,10.0,7.0
alton brown s yogurt pumpkin pie,"plain yogurt, pumpkin puree, dark brown sugar, cinnamon, ground cloves, nutmeg, egg yolks, salt, pie shell",265.9,dessert,7.0,92.0,17.0
alton browns basic bread,"bread flour, fast rising yeast, honey, water, kosher salt, hot water, vegetable oil, cornmeal, cornstarch",179.2,dinner,14.0,5.0,0.0
alton s french onion soup attacked by sandi,"sweet onions, butter, salt, white wine, beef broth, chicken broth, bouquet garni, garlic powder, french bread, kosher salt, ground black pepper, emmenthaler cheese, gruyere cheese",491.3,dinner,87.0,26.0,25.0
alton s glazed carrots,"carrot, unsalted butter, kosher salt, ginger ale, chili powder, fresh parsley",119.7,unknown,3.0,42.0,9.0
altwiener apfelstrudel  traditional viennese apple strudel,"all-purpose flour, salt, canola oil, water, butter, plain breadcrumbs, raisins, rum, baking apples, granulated sugar, lemon zest, lemon juice, cinnamon, nutmeg, powdered sugar",298.6,unknown,6.0,70.0,20.0
alu brinjal  simple indian dish,"vegetable oil, black mustard seeds, russet potato, eggplant, turmeric, cumin, coriander, salt, garlic paste, tomatoes, cilantro",147.8,unknown,16.0,13.0,11.0
alu gobhi  potatoes and cauliflower,"potatoes, cauliflower, red onion, oil, mustard seeds, cumin seed, garlic, ginger, coriander powder, red chili powder, salt, garam masala, mango powder, green coriander",101.2,unknown,10.0,10.0,2.0
alu paratha   mashed potato stuffed bread,"wheat flour, boiled potatoes, onion, green chili, roasted cumin seeds, salt, vegetable oil",413.5,breakfast,36.0,10.0,23.0
alu patras  fried spicy potato swirls,"potatoes, coconut, sesame seeds, brown sugar, fresh ginger, green chilies, fresh coriander leaves, garam masala, salt, lemon juice, white flour, turmeric, cayenne, butter, water, ghee",136.7,unknown,8.0,7.0,3.0
alu posto,"potatoes, onion, green chilies, turmeric, poppy seeds",186.5,unknown,0.0,12.0,1.0
aluminium free baking powder,"cream of tartar, baking soda, rice flour",83.7,unknown,108.0,0.0,0.0
aluminum fish,"white fish fillet, dill weed, parsley, lemon juice, white wine, mushroom, i can't believe it's not butter! spray, green onion, paprika, black pepper",131.2,unknown,3.0,5.0,2.0
aluminum football  roast turkey,"turkey, salt, pepper, olive oil",903.5,unknown,34.0,0.0,72.0
alvarado ceviche de camarones,"shrimp, cooked scallops, white crab meat, lemons, juice of, limes, juice of, firm ripe tomatoes, cilantro, avocados, cucumbers, salt, hot sauce",178.2,unknown,21.0,10.0,11.0
alvera s quick sauerbraten meatballs,"ground beef, carrot, onions, salt, pepper, oil, condensed beef broth, water, lemon juice, gingersnaps",396.0,unknown,48.0,18.0,38.0
alvie s spinach tortilla rollups,"sour cream, frozen spinach, bacon bits, green onions, ranch dressing mix, mayonnaise, wheat flour tortillas",29.7,unknown,2.0,0.0,3.0
alvin s potatoes,"red potatoes, butter, sour cream, bacon, green onions",738.3,dinner,20.0,15.0,76.0
always a hit artichoke frittata,"artichoke hearts, onion, olive oil, butter, oregano, garlic clove, parmesan cheese, eggs, milk, salt, white pepper, nutmeg, monterey jack cheese",433.6,breakfast,32.0,11.0,44.0
always a hit basic egg rolls,"hamburger, coleslaw mix, yellow onion, egg white, egg roll wraps, peanut oil",8796.8,unknown,62.0,35.0,1374.0
always delicious chicken   cheese enchiladas,"butter, onion, cooked chicken, picante sauce, cream cheese, cumin, sharp cheddar cheese, flour tortilla",490.9,unknown,53.0,27.0,54.0
always gone taco dip,"cream cheese, sour cream, taco sauce, cheddar cheese, tomatoes, black olives",486.3,dinner,41.0,28.0,65.0
always perfect biscuits,"flour, salt, baking powder, cream of tartar, sugar, margarine, milk",314.0,unknown,26.0,6.0,25.0
always perfect chocolate chip cookies,"shortening, butter, white sugar, brown sugar, vanilla, baking soda, eggs, all-purpose flour, salt, chocolate chips",237.6,dessert,8.0,74.0,19.0
always perfect meatloaf,"lean ground beef, evaporated milk, dry onion soup mix, egg, tomato ketchup",373.5,unknown,25.0,8.0,31.0
always perfect pie crust or pastry,"all-purpose flour, sugar, kosher salt, baking powder, unsalted butter, water, sour cream, vinegar",1550.6,dessert,52.0,19.0,170.0
always perfect roast turkey,"whole turkey, olive oil, kosher salt, fresh coarse ground black pepper",5431.3,unknown,89.0,0.0,430.0
always perfect sweet and sour meatballs,"ground beef, garlic powder, onion powder, egg, matzo meal, chili sauce, brown sugar, lemon juice",485.5,unknown,51.0,144.0,28.0
always soft chocolate chip cookies,"flour, baking soda, butter, sugar, brown sugar, vanilla, instant vanilla pudding, eggs, chocolate chips, nuts",116.2,dessert,3.0,39.0,9.0
always successful fast eggs benedict,"butter, hollandaise sauce mix, milk, lemon juice, english muffins, canadian bacon, eggs, salt, paprika",251.5,breakfast,26.0,4.0,21.0
always tastes great  gluten free easy cake with variations,"gluten-free self-raising flour, butter, sugar, gluten-free cornflour, gluten free baking powder, vanilla essence, eggs, milk",208.9,dessert,4.0,75.0,21.0
alyssa s butter fly tarts,"cake-and-pastry flour, salt, butter, shortening, lemon juice, ice water, raisins, dark rum, brown sugar, golden syrup, vanilla, egg",317.5,dessert,8.0,47.0,25.0
alyssa s favorite fish,"salt-free seasoned dried breadcrumbs, butter, lemon, juice of, dried chives, scrod fillets, pam cooking spray",206.4,unknown,6.0,1.0,35.0
als  award winning garlic cheese ball,"cream cheese, shredded cheddar cheese, beef, green onion, fresh garlic cloves, worcestershire sauce, lemon juice",331.5,unknown,13.0,8.0,47.0
am   b s indonesian meehoon,"rice vermicelli, olive oil, red onion, egg, onion, fresh spinach, chili sauce, hot chili peppers, soy sauce, wine vinegar, mushroom, salt, pepper, shrimp, tomatoes, bean sprouts, green onions",944.1,unknown,94.0,171.0,17.0
am s 5 star chicken   sun dried tomato alfredo,"boneless chicken breasts, blackening seasoning, extra virgin olive oil, garlic, sun-dried tomato, pinot grigio wine, heavy whipping cream, parmesan cheese, green onion, pasta",949.7,dinner,28.0,15.0,133.0
am s boston baked macaroni   cheese,"pasta, butter, flour, milk, cheese, eggs, salt, paprika, breadcrumbs",556.5,dinner,36.0,6.0,40.0
am s take on cafe rio chicken,"tomatillos, cilantro, garlic clove, lime, juice of, jalapeno, buttermilk ranch dressing, chicken breasts, italian dressing, chili powder, cumin, garlic, water, rice, chicken bouillon, green chilies, salt, butter, onion",1550.4,unknown,73.0,40.0,121.0
am  applesauce w english mixed spice inspired by a french tart,"apples, sugar, mixed spice, salt, lemon juice, unsweetened apple juice",122.1,lunch,1.0,100.0,0.0
amadeus sandwich,"rye bread, roasted red pepper and eggplant spread, crushed red pepper flakes, salt, low-sodium turkey breast, tomatoes, provolone cheese",276.1,lunch,40.0,17.0,14.0
amager island stew  amagergryde,"ham, water, frozen peas and carrots, new potato, butter, flour, salt & pepper, parsley",345.6,unknown,77.0,3.0,15.0
amakara japanese ginger dressing,"rice wine vinegar, canola oil, sesame oil, soy sauce, sugar, sake, gingerroot",129.4,unknown,10.0,2.0,21.0
amalfi dream,"vodka, limoncello, lemon juice, ice, mint leaf, lemon",99.7,dinner,0.0,1.0,0.0
amalfi salads,"pine nuts, salad leaves, tomatoes, black olives, sun-dried tomato paste, balsamic vinegar, olive oil",151.6,dinner,9.0,4.0,23.0
amalgamation cake,"flour, baking powder, salt, butter, sugar, vanilla extract, whole milk, egg whites, bourbon, egg yolks, pecans, raisins, flaked coconut, sweetened flaked coconut, pecan halves",859.7,dinner,17.0,286.0,72.0
amalgamation cake  using a cake mix,"white cake mix, water, egg whites, egg yolks, all-purpose flour, sugar, butter, walnuts, pecans, raisins, shredded coconut",501.6,dinner,10.0,181.0,46.0
amalou  almond honey butter,"almonds, walnut oil, salt, honey",327.2,unknown,10.0,29.0,46.0
amalyser,"amarula cream liqueur, vodka, coffee liqueur, coke",196.7,dinner,0.0,46.0,0.0
amana hoppel poppel,"eggs, milk, fresh parsley, salt, fresh ground black pepper, bacon, onion, small red potato",259.6,breakfast,11.0,8.0,23.0
amana radish relish,"radish, onion, whole allspice, whole cloves, mustard seeds, white vinegar, sugar, salt, water",107.7,unknown,5.0,55.0,2.0
amanda milk chocolate frosting,"butter, unsweetened cocoa, confectioners' sugar, milk, vanilla extract",1062.0,dessert,11.0,707.0,57.0
amanda s birthday salmon,"salmon fillets, olive oil, butter, salt, pepper, orange juice, fresh ginger, teriyaki sauce, green onion top",562.9,lunch,25.0,15.0,46.0
amanda s blueberry cobbler,"cooking oil, milk, sugar, flour, salt, blueberry pie filling",934.3,dessert,25.0,337.0,57.0
amanda s cheese pound cake,"butter, cream cheese, sugar, eggs, flour, vanilla",612.2,lunch,12.0,202.0,49.0
amanda s chicken and rice,"white rice, chicken, butter",248.2,unknown,5.0,0.0,24.0
amanda s cinnamon toast,"cinnamon, sugar, bread, butter",83.5,breakfast,7.0,21.0,1.0
amanda s delicious cilantro potato salad,"red potatoes, salt, mayonnaise, green chilies, fresh cilantro, green onions, fresh lime juice, fresh garlic clove, black pepper, maple bacon",195.2,unknown,27.0,16.0,12.0
amanda s easy egg salad,"eggs, celery, green onions, fresh dill, mayonnaise, mustard, fresh ground black pepper, salt",301.7,lunch,19.0,12.0,35.0
amanda s favorite minty watermelon salad,"watermelon, raspberries, blueberries, strawberry, seedless grapes, sugar, water, of fresh mint, ground ginger, fresh mint leaves",276.9,unknown,0.0,218.0,2.0
amanda s ginger orange dressing,"rice vinegar, garlic, ginger, orange juice concentrate, sesame oil, toasted sesame oil, honey, chili flakes",476.1,unknown,0.0,34.0,75.0
amanda s gingerbread cupcakes,"sugar, butter, molasses, eggs, flour, baking soda, salt, ginger, cinnamon, allspice, water, cream cheese, lemon peel, vanilla, powdered sugar, milk",324.0,dessert,10.0,149.0,19.0
amanda s molasses cake,"sugar, molasses, eggs, butter, milk, flour, nutmeg",334.5,dessert,4.0,129.0,14.0
amanda s parmesan chicken,"garlic clove, butter, breadcrumbs, parmesan cheese, fresh parsley, garlic powder, italian seasoning, black pepper, chicken meat",618.7,dinner,29.0,7.0,52.0
amanda s southern bbq chicken,"chicken pieces, ketchup, heinz 57 steak sauce, tabasco sauce, vegetable oil, worcestershire sauce, brown sugar, ground black pepper, white vinegar, sweet onion",127.1,unknown,14.0,86.0,5.0
amanda s thai peanut,"fettuccine, broccoli, carrot, garlic, red pepper flakes, ground ginger, brown sugar, low sodium soy sauce, rice wine vinegar, reduced-fat peanut butter",480.6,dinner,54.0,54.0,22.0
amanda s vegan flat bread,"flour, salt, baking powder, sugar, oil, soymilk, olive oil, herbs, garlic cloves",395.7,unknown,21.0,23.0,23.0
amanda s world famous krab salad,"imitation crabmeat, miracle whip, celery, scallion, lemon juice, dill weed, garlic salt, lemon pepper",227.9,unknown,49.0,47.0,18.0
amandelspijs,"almond meal, sugar, egg, vanilla essence, almond essence",949.5,dessert,1.0,353.0,83.0
amara veggie burgers,"rice, peanut butter, whole wheat flour, sesame seeds, sunflower seeds, carrot, green pepper",556.4,lunch,1.0,6.0,21.0
amaranth  with tomato type sauce,"amaranth, water, spinach, tomatoes, mushroom, oregano, garlic clove, onion, salt, pepper",224.6,unknown,3.0,16.0,6.0
amaranth   flax pancakes,"amaranth flour, flax seeds, egg, water, butter, honey, blueberries",327.1,breakfast,6.0,40.0,38.0
amaranth  basic recipe,"water, amaranth, salt",121.5,unknown,0.0,0.0,3.0
amaranth breakfast fruit bowl   elimination diet,"amaranth, water, berries, maple syrup, rice milk, cinnamon",192.4,breakfast,0.0,15.0,5.0
amaranth for breakfast,"amaranth, water, coconut milk, honey, cinnamon",333.1,breakfast,0.0,72.0,19.0
amaranth leaves spinach in coconut milk,"amaranth, water, coconut milk, onion, tomatoes, vegetable oil, salt, lemon",1189.2,unknown,25.0,32.0,67.0
amaranth pancakes,"eggs, apple juice, oil, amaranth flour, tapioca flour, arrowroot, cinnamon, baking powder, sea salt",64.7,breakfast,3.0,5.0,3.0
amaranth pie crust    gluten free,"arrowroot, flour, amaranth flour, sea salt, cinnamon, vegetable oil, water",164.4,dessert,4.0,0.0,11.0
amaranth soda bread,"water, vitamin c powder, amaranth flour, arrowroot, salt, anise, oil, boiling water, baking soda",1634.2,unknown,156.0,0.0,71.0
amaranth tortillas   gluten free,"amaranth flour, water, chili powder",475.7,unknown,2.0,0.0,13.0
amaranth walnut patties,"amaranth, water, salt, tofu, braggs liquid aminos, chickpea rice miso, scallions, garlic cloves, walnuts, ground coriander, quick oats, safflower oil",139.9,unknown,1.0,2.0,11.0
amaranth whole wheat muffins,"amaranth flour, whole wheat pastry flour, baking powder, vanilla, milk, oil, maple syrup, raisins, almonds, egg",287.6,unknown,6.0,47.0,23.0
amaranth  quinoa  and corn chowder,"unsalted butter, leeks, celery, red bell pepper, salt, amaranth, quinoa, dried thyme, corn kernels, whole milk, flat leaf parsley",371.6,unknown,5.0,15.0,15.0
amaranth sunflower spelt bread,"water, amaranth, sea salt, sunflower seeds, spelt flour, cornmeal, baking powder, baking soda, soymilk, olive oil, apple cider vinegar, maple syrup",351.6,unknown,23.0,11.0,37.0
amarena eisbecher w amarenakirschen   cherry sundaes adults only,"whipped cream, vanilla ice cream, kirschwasser, cherries, cookie, sweet cherries, sugar, water, almond extract, lemon juice, amaretto",534.5,dinner,6.0,282.0,35.0
amaretti,"almonds, eggs, sugar, espresso, cocoa, almond extract, blanched almonds, lemon rind",83.4,dessert,1.0,28.0,7.0
amaretti cookies,"almond paste, superfine sugar, egg whites, almond extract, granulated sugar",547.8,dinner,1.0,328.0,29.0
amaretti cookies  no flour and low fat,"slivered almonds, powdered sugar, vanilla, almond extract, egg whites",89.9,dessert,0.0,25.0,8.0
amaretti ice cream dessert,"amaretti cookies, amaretto liqueur, french vanilla ice cream, whipped cream, slivered almonds",732.3,dinner,8.0,222.0,64.0
amaretti stuffed peaches,"peaches, red currant jelly, amaretti cookies",155.8,dessert,1.0,83.0,3.0
amarettini candy,"amarettinis, amaretto, milk chocolate, white chocolate",31.2,dessert,0.0,12.0,2.0
amaretto,"water, white sugar, brown sugar, vodka, almond extract, vanilla extract",772.9,unknown,0.0,414.0,0.0
amaretto almond cappuccino,"amaretto syrup, almond syrup, espresso, milk, whipped cream, almonds",1.7,unknown,0.0,0.0,0.0
amaretto almond cheesecake  1999,"vanilla cream-filled sandwich style cookies, almond extract, butter, cream cheese, eggs, sweetened condensed milk, pure vanilla extract, amaretto, sliced almonds",418.3,dinner,10.0,75.0,50.0
amaretto almond liqueur,"water, granulated sugar, brown sugar, vodka, almond extract, pure vanilla extract",772.9,unknown,0.0,414.0,0.0
amaretto almond liqueur  homemade,"sugar, water, vodka, almond extract",48.4,unknown,0.0,16.0,0.0
amaretto amore fudge,"semi-sweet chocolate chips, unsweetened chocolate, sweetened condensed milk, vanilla extract, amaretto liqueur",199.5,dessert,1.0,100.0,15.0
amaretto and apricot smoothie  alcoholic,"apricots, amaretto liqueur, fresh orange juice, plain low-fat yogurt, amaretto cookies",300.6,unknown,3.0,202.0,4.0
amaretto and bartlett pears upside  down cake,"butter, brown sugar, honey, bartlett pears, flour, sugar, baking powder, cinnamon, salt, eggs, milk, amaretto, lightly sweetened whipped cream, toasted sliced almonds",517.3,dinner,11.0,188.0,33.0
amaretto and cream,"amaretto, light cream",83.6,unknown,0.0,0.0,12.0
amaretto and raspberry smoothie,"fresh raspberries, vanilla gelato, almond liqueur, orange zest, ice, amaretti cookies",85.3,unknown,0.0,26.0,2.0
amaretto apple cake,"butter, eggs, vanilla extract, flour, sugar, baking powder, ground cinnamon, milk, almond flavored liqueur, apple",2249.3,dessert,58.0,497.0,167.0
amaretto apricot cookies,"butter, brown sugar, sugar, egg, amaretto, all-purpose flour, baking soda, oats, dried apricot, almonds, powdered sugar",906.1,dessert,19.0,324.0,55.0
amaretto apricots with walnuts teriyaki,"walnut halves, soy sauce, dark rum, sesame oil, garlic clove, ground ginger, tabasco sauce, dark brown sugar, kosher salt, amaretto, cream cheese, dried apricot halves",77.2,dinner,3.0,21.0,8.0
amaretto baked pears with mascarpone,"bosc pears, vanilla pod, sugar, amaretto liqueur, mascarpone, icing sugar, unsalted butter, caster sugar, plain flour, egg, whole almonds, amaretti cookie crumbs",1243.7,dinner,1.0,372.0,111.0
amaretto balls,"pecans, confectioners' sugar, chocolate wafers, amaretto",284.2,unknown,4.0,103.0,24.0
amaretto bananas foster,"bananas, butter, light brown sugar, cinnamon, vanilla extract, salt, amaretto",629.5,dinner,9.0,405.0,27.0
amaretto biscotti with almonds,"butter, sugar, eggs, pure vanilla extract, amaretto liqueur, sliced almonds, all-purpose flour, baking powder, salt",141.2,dessert,3.0,25.0,9.0
amaretto blueberry pancakes,"vanilla ice cream, amaretto, almonds, eggs, milk, butter, flour, baking powder, sugar, salt, blueberries",552.0,breakfast,32.0,83.0,41.0
amaretto bon bon balls,"vanilla wafer crumbs, almond meal, confectioners' sugar, cocoa powder, light corn syrup, amaretto liqueur",229.9,dessert,4.0,38.0,14.0
amaretto bread pudding,"white bread, half-and-half, sugar, eggs, almond extract, almonds, butter, powdered sugar, egg, amaretto liqueur",608.2,dessert,16.0,188.0,51.0
amaretto brunch omelet,"fresh fruit, amaretto, cream cheese, eggs, milk, butter, sour cream, brown sugar",357.5,breakfast,13.0,3.0,49.0
amaretto butterscotch sauce,"butter, almonds, brown sugar, corn syrup, whipping cream, amaretto",203.0,dinner,1.0,89.0,13.0
amaretto cake,"chocolate cake mix, eggs, oil, water, amaretto, cool whip, english toffee bits",537.9,dessert,26.0,142.0,49.0
amaretto cake with chocolate ganache,"white cake mix with pudding, eggs, vanilla yogurt, vegetable oil, amaretto liqueur, almond extract, semisweet chocolate, heavy whipping cream, slivered almonds",452.2,dessert,13.0,87.0,48.0
amaretto caramel sauce,"brown sugar, whipping cream, light corn syrup, butter, amaretto",349.2,dessert,2.0,156.0,28.0
amaretto carrots,"carrot, salt, amaretto liqueur, almond extract, butter, cornstarch, honey",131.3,unknown,7.0,76.0,6.0
amaretto cheesecake,"vanilla wafer crumbs, toasted almond, sugar, butter, cream cheese, flour, eggs, sour cream, amaretto liqueur, almond extract, toasted sliced almonds",7430.8,dinner,173.0,1041.0,860.0
amaretto cheesecake bars,"flour, brown sugar, butter, cream cheese, sugar, egg, amaretto, vanilla, almonds",217.0,dessert,4.0,41.0,22.0
amaretto cheesecake cookies,"all-purpose flour, brown sugar, butter, cream cheese, granulated sugar, egg, amaretto, vanilla, almonds",162.8,dessert,3.0,30.0,16.0
amaretto cheesecake squares,"all-purpose flour, light brown sugar, butter, cream cheese, sugar, eggs, amaretto liqueur, almond extract, sliced almonds",2218.7,dessert,53.0,447.0,218.0
amaretto cheesecake with apricot glaze,"graham wafer crumbs, almonds, sugar, butter, cream cheese, flour, eggs, sour cream, amaretto di saronno liqueur, apricot jam",647.0,dessert,17.0,126.0,73.0
amaretto cherries,"maraschino cherries, amaretto, chocolate chips",542.7,dinner,0.0,315.0,39.0
amaretto chicken,"boneless chicken breasts, flour, salt, pepper, paprika, vegetable oil, butter, dijon mustard, frozen orange juice, amaretto",247.2,unknown,18.0,64.0,18.0
amaretto chicken breast holiday style,"sweet butter, onion, celery, herb seasoned stuffing mix, water chestnuts, poultry seasoning, chicken broth, amaretto liqueur, boneless chicken breasts, light brown sugar, honey, orange juice",881.0,dinner,15.0,481.0,39.0
amaretto chicken soup,"chicken breasts, seasoned flour, clarified butter, amaretto, chicken stock, milk, red pepper, brown sugar, olive oil, onion, carrot, celery, salt and pepper, toasted almond, parsley",347.9,unknown,9.0,21.0,28.0
amaretto chicken with creamed noodles,"boneless skinless chicken breasts, cream of chicken soup, cream of celery soup, amaretto, water, milk, green peas, mushrooms, onion, celery, pimiento, green pepper, sliced almonds, wide egg noodles, cooking oil, bay leaf",783.6,unknown,50.0,31.0,42.0
amaretto chip cookies,"smart balance butter spread, sugar, brown sugar, amaretto liqueur, vanilla, egg, whole wheat flour, flour, oatmeal, salt, baking soda, chocolate chips, cherry-flavored dried cranberries",105.1,dessert,6.0,33.0,7.0
amaretto chocolate cream tarts,"miniature tart shells, eagle brand condensed milk, amaretto liqueur, instant chocolate fudge pudding, cocoa, cool whip",215.4,dessert,7.0,113.0,12.0
amaretto chocolate pudding,"chocolate pudding, semisweet chocolate, milk, amaretto, whipped cream",134.5,dinner,2.0,0.0,16.0
amaretto chunk cookies,"flour, baking soda, baking powder, salt, butter, brown sugar, granulated sugar, eggs, amaretto liqueur, almond extract, semi-sweet chocolate chips, sweetened flaked coconut, sliced almonds",138.5,dessert,3.0,45.0,12.0
amaretto cocktails,"amaretto liqueur, light rum, club soda, cherries",36.4,dinner,0.0,3.0,0.0
amaretto cocoa mix in a jar,"non-fat powdered milk, powdered sugar, amaretto flavored coffee creamer, nestles quik, non-dairy powdered coffee creamer, salt",1112.7,unknown,52.0,729.0,21.0
amaretto coconut cream pie,"unsalted butter, graham cracker crumbs, sugar, shredded coconut, eggs, heavy cream, unflavored gelatin, water, amaretto liqueur, almond extract, strawberries, confectioners' sugar",691.5,dessert,6.0,146.0,85.0
amaretto coconut pie,"butter, sugar, eggs, milk, amaretto, self-rising flour, flaked coconut",1810.2,dessert,49.0,883.0,120.0
amaretto coffee,"hot coffee, amaretto, whipped cream",2.4,dinner,0.0,0.0,0.0
amaretto coffee creamer,"non-dairy coffee creamer, almond extract, ground cinnamon, confectioners' sugar",153.2,dinner,1.0,109.0,6.0
amaretto cookies,"blanched almond, almond extract, sugar, egg whites, powdered sugar",492.9,dessert,1.0,169.0,44.0
amaretto cookies  no bake,"vanilla wafers, granulated sugar, cocoa, white karo, almonds, amaretto liqueur",60.3,dessert,0.0,24.0,4.0
amaretto cow,"amaretto, cream, maraschino cherries, ice",350.2,dinner,1.0,16.0,54.0
amaretto cranberry kiss,"cranberry juice cocktail, vodka, amaretto, fresh orange juice, ice cube, clementine",134.5,dinner,0.0,42.0,0.0
amaretto cream baked rice pudding,"amaretto flavored coffee creamer, white rice, eggs, raisins, white sugar, ground nutmeg, cinnamon",350.3,dinner,0.0,64.0,2.0
amaretto creme,"mascarpone, low-fat yogurt, sugar, lemon, juice of, whipping cream, amaretti, amaretto, cocoa",293.1,dinner,2.0,61.0,36.0
amaretto dip,"cream cheese, half-and-half, vanilla instant pudding mix, kahlua, amaretto, vanilla extract, fresh fruit",119.3,dessert,2.0,13.0,13.0
amaretto divine,"yellow cake mix, amaretto-flavored nondairy liquid creamer, amaretto liqueur, eggs, vegetable oil, vanilla instant pudding mix, heavy cream, chocolate-covered english toffee bars, chocolate candy bars, almonds",664.7,dessert,25.0,177.0,65.0
amaretto dream  adult beverage,"amaretto liqueur, vanilla ice cream, milk",489.0,unknown,8.0,192.0,40.0
amaretto eggnog bread pudding,"challah, eggs, sugar, vanilla extract, amaretto, eggnog, cinnamon, raisins",1239.4,dessert,54.0,303.0,55.0
amaretto florentine cookies,"butter, quick oats, sugar, all-purpose flour, almonds, corn syrup, amaretto, salt, semi-sweet chocolate chips",164.2,dessert,3.0,48.0,14.0
amaretto freeze,"vanilla ice cream, amaretto, creme de cacao, ground nutmeg",1690.1,dessert,23.0,694.0,119.0
amaretto french toast,"french bread, eggs, milk, dark brown sugar, almond extract, ground nutmeg, amaretto, butter, sliced almonds, powdered sugar, maple syrup",660.6,breakfast,36.0,34.0,39.0
amaretto french toast w amaretto butter and syrup,"amaretto, butter, maple syrup, eggs, milk, french bread",702.7,breakfast,35.0,140.0,33.0
amaretto fruit dip,"french vanilla instant pudding, sour cream, milk, amaretto",638.8,unknown,55.0,310.0,44.0
amaretto fudge,"semi-sweet chocolate chips, eagle brand condensed milk, amaretto, almond flavoring, slivered almonds",54.1,dessert,0.0,26.0,4.0
amaretto fudge caffe  non alcoholic,"coffee, amaretto flavored coffee creamer, dark chocolate syrup, whipped cream, chocolate shavings",4.7,unknown,0.0,0.0,0.0
amaretto fudge ii,"sugar, milk, cream, light corn syrup, almond flavored liqueur, butter, almonds",80.4,dessert,0.0,51.0,4.0
amaretto hot chocolate,"dry milk, powdered sugar, amaretto flavored coffee creamer, non-dairy coffee creamer, quik chocolate milk mix, salt",3123.8,unknown,77.0,1212.0,306.0
amaretto hot chocolate for two,"milk, cocoa powder, granulated sugar, almond extract",312.7,unknown,6.0,101.0,18.0
amaretto iced coffee,"strong coffee, vanilla ice cream, milk, amaretto, brandy, vanilla extract, ice, ground cinnamon",149.7,dinner,2.0,38.0,9.0
amaretto iced smoothie,"amaretto, kahlua, espresso, chocolate ice cream, whipped cream",49.6,unknown,1.0,26.0,0.0
amaretto lemon chicken,"boneless skinless chicken breasts, pepper, garlic powder, curry powder, flour, butter, mushroom, sliced almonds, amaretto, lemon, rind of, lemon, juice of, cornstarch, cold water, chicken broth",269.5,dinner,16.0,5.0,20.0
amaretto margaritas,"sugar, water, fresh lime juice, tequila, orange juice, amaretto, lime slices",94.4,unknown,0.0,85.0,0.0
amaretto mimosa,"fresh orange juice, almond flavored liqueur, sparkling wine",287.5,unknown,0.0,30.0,0.0
amaretto mocha protein drink,"ice, nonfat milk, chocolate whey protein powder, instant coffee granules, almond extract, vanilla extract",48.6,breakfast,2.0,25.0,0.0
amaretto mochaccino mix,"brown sugar, almond flavoring, salt, skim milk powder, unsweetened cocoa, powdered coffee creamer, instant coffee granules",445.6,unknown,17.0,264.0,16.0
amaretto muffins,"all-purpose flour, sugar, baking powder, salt, butter, eggs, milk, amaretto liqueur, almonds",362.9,lunch,11.0,47.0,24.0
amaretto nut bread,"eggs, sugar, butter, flour, amaretto, vanilla, almonds",2794.6,unknown,59.0,814.0,247.0
amaretto oriental salmon,"amaretto, light soy sauce, lime juice, sesame oil, ground black pepper, fresh ginger, salt, salmon fillets, hoisin sauce",956.4,unknown,109.0,12.0,57.0
amaretto peach cheesecake,"margarine, sugar, egg, unbleached all-purpose flour, cream cheese, eggs, canned peach halves, almond flavored liqueur",441.4,dessert,12.0,119.0,44.0
amaretto pear parfaits,"pears, amaretto liqueur, sugar, gingersnap crumbs, nonfat vanilla yogurt, sliced almonds",193.2,dessert,7.0,54.0,8.0
amaretto punch,"orange juice, 7-up soda, pineapple, amaretto",136.0,dinner,0.0,114.0,0.0
amaretto punch slush,"sugar, boiling water, unsweetened pineapple juice, frozen orange juice concentrate, frozen lemonade concentrate, water, amaretto, vanilla, almond extract",142.9,unknown,0.0,132.0,0.0
amaretto raisin oven baked french toast,"french bread, butter, vanilla extract, almond extract, amaretto, golden raisin, half-and-half, whole milk, cinnamon, slivered almonds, eggs, cooking spray, maple syrup, nutmeg, light brown sugar",737.3,breakfast,30.0,133.0,56.0
amaretto rum cherry cream pie,"10-inch  deep dish pie crust, cherry pie filling, egg yolks, sugar, unflavored gelatin, water, whipping cream, amaretto liqueur, rum, semisweet chocolate",464.4,dessert,1.0,100.0,41.0
amaretto sauce,"powdered sugar, butter, amaretto",426.9,dinner,9.0,156.0,47.0
amaretto shake,"chocolate ice cream, brandy, amaretto",167.3,unknown,0.0,0.0,0.0
amaretto shrimp,"olive oil, white onion, large shrimp, amaretto, blanched almond, salt, parsley, parmesan cheese, angel hair pasta",581.4,lunch,19.0,11.0,72.0
amaretto slush,"carbonated lemon-lime beverage, frozen lemonade, amaretto",1626.1,dinner,8.0,1537.0,1.0
amaretto smoothie,"amaretto liqueur, milk, vanilla ice cream",101.6,unknown,2.0,30.0,8.0
amaretto snowballs,"butter, icing sugar, all-purpose flour, salt, amaretto liqueur",100.0,dessert,4.0,7.0,9.0
amaretto souffle,"superfine sugar, amaretto cookies, amaretto liqueur, eggs, egg white, all-purpose flour, milk, cream of tartar, confectioners' sugar",151.6,dinner,3.0,67.0,7.0
amaretto sour,"frozen lemonade, frozen limeade concentrate, frozen orange juice, brewed tea, sugar, water, amaretto",120.3,unknown,0.0,118.0,0.0
amaretto sour baci,"carbonated lemon-lime beverage, amaretto, sour mix, orange slices, maraschino cherry",26.0,dinner,0.0,23.0,0.0
amaretto sour cream strawberries,"fresh strawberries, sour cream, amaretto, powdered sugar",211.4,dinner,2.0,76.0,19.0
amaretto sour jello shots,"lime jell-o gelatin, boiling water, amaretto, lemon juice",65.2,dinner,3.0,58.0,0.0
amaretto spiked chocolate mousse  vegan,"chocolate soymilk, semisweet vegan chocolate chips, silken tofu, amaretto, almond extract",41.7,dinner,0.0,6.0,2.0
amaretto spinach salad,"spinach, bacon, salad oil, garlic cloves, red wine vinegar, lemon juice, worcestershire sauce, dry mustard, amaretto, salt and pepper, mushroom, red onion",421.2,dinner,24.0,7.0,61.0
amaretto stone sour,"amaretto, sour mix, orange juice",13.5,dinner,0.0,10.0,0.0
amaretto strawberries,"fresh strawberries, amaretto liqueur, vanilla ice cream, slivered almonds",28.6,unknown,0.0,16.0,0.0
amaretto strawberry trifle,"strawberries, amaretto, sugar, cream cheese, powdered sugar, sour cream, vanilla, angel food cake, whipping cream",734.0,unknown,24.0,274.0,56.0
amaretto sunrise,"amaretto, orange juice, grenadine",54.1,unknown,0.0,40.0,0.0
amaretto sweet potatoes,"sweet potatoes, sugar, buttermilk, butter, eggs, amaretto, vanilla, cinnamon, baking soda, pecans",485.2,unknown,18.0,133.0,40.0
amaretto tea,"tea, amaretto, whipped cream",0.2,unknown,0.0,0.0,0.0
amaretto tiramisu,"cream cheese, granulated sugar, amaretto liqueur, vanilla extract, whipped topping, ladyfingers, strong coffee, unsweetened cocoa powder, confectioners' sugar, sliced almonds",337.9,dessert,7.0,84.0,30.0
amaretto yogurt sauce,"plain yogurt, sugar, amaretto, almond extract, salt",232.7,unknown,7.0,164.0,8.0
amaretto yum yums,"semi-sweet chocolate chips, light corn syrup, sugar, instant coffee, hot water, amaretto, almond cookie, walnuts, unsweetened cocoa powder",66.1,dessert,0.0,26.0,5.0
amaretto almond sauce,"sugar, cornstarch, water, amaretto liqueur, lemon juice, sliced almonds, almond extract",39.5,dessert,0.0,25.0,1.0
amarillo cheese fries and dip   like the lone star  copycat,"ranch dressing, taco seasoning, frozen french fries, bacon, monterey jack cheese",721.2,unknown,79.0,11.0,75.0
amarillo chili,"bacon, onions, garlic clove, pork shoulder, beef round steak, beef chuck, green chili, hot red chili pepper, red chili peppers, dried oregano, cumin, salt, tomato paste, water, pinto beans",858.4,unknown,78.0,62.0,67.0
amarillo grilled steak,"top sirloin steaks, vegetable oil, dried oregano leaves, garlic powder, salt, ground pepper, orange juice, cider vinegar",1253.7,unknown,34.0,12.0,140.0
amarula and chocolate covered strawberries,"semi-sweet chocolate chips, half-and-half cream, amarula cream liqueur, fresh strawberries",36.9,dinner,0.0,15.0,3.0
amarula blended  shake,"amarula cream liqueur, kahlua, 2% low-fat milk, ice",116.6,unknown,1.0,48.0,1.0
amarula caf de cocoa,"amarula cream liqueur, hot cocoa, strong black coffee, butterscotch schnapps",22.1,dinner,0.0,10.0,1.0
amarula cheesecake,"graham cracker crumbs, butter, sugar, cream cheese, mascarpone cheese, eggs, amarula cream liqueur, vanilla, caramel ice cream topping",391.6,dessert,11.0,139.0,35.0
amarula coffee,"amarula cream liqueur, coffee",0.6,unknown,0.0,0.0,0.0
amarula coffee surprise,"coffee, whipped cream, amarula cream liqueur, marshmallows, brown sugar, hot chocolate powder, chocolate",96.1,unknown,1.0,68.0,1.0
amarula colada,"amarula cream liqueur, rum, pineapple juice, coconut milk, ice",39.5,unknown,0.0,6.0,2.0
amarula cream gumdrop,"amarula cream liqueur, butterscotch schnapps, cream, blue curacao",166.9,dinner,0.0,0.0,27.0
amarula cream truffles  a homemade gift,"dark chocolate, fresh cream, butter, amarula cream liqueur",366.1,dinner,5.0,1.0,60.0
amarula day dream,"amarula cream liqueur, milk, coke",123.5,dinner,2.0,44.0,6.0
amarula delight,"amarula cream liqueur, milk, coke, vanilla ice cream",103.2,unknown,1.0,41.0,7.0
amarula dom pedro,"cream, vanilla ice cream, heavy cream",536.0,dinner,4.0,75.0,72.0
amarula drumsticks,"chicken drumsticks, seasoned flour, garlic chives, marmalade, lemon juice, amarula cream liqueur, seasoned sea salt, bay leaves, toothpick",135.4,unknown,2.0,16.0,9.0
amarula final,"amarula cream liqueur, ice cream, filter coffee, chocolate, chocolate syrup, cream, maraschino cherries",315.8,dinner,4.0,90.0,32.0
amarula finale,"amarula cream liqueur, ice cream, coffee, chocolate, chocolate syrup, cream, maraschino cherries",317.0,dessert,4.0,90.0,32.0
amarula frapp,"amarula cream liqueur, black coffee, chocolate ice cream, milk, whipped cream, chocolate-covered espresso beans",185.6,dinner,3.0,66.0,14.0
amarula granita,"brewed espresso, sugar, vodka, ice cube, amarula cream liqueur, cream, chocolate shavings",102.9,unknown,0.0,33.0,0.0
amarula ice cream,"vanilla pod, egg yolks, caster sugar, whole milk, fresh cream, amarula cream liqueur",1335.1,dessert,7.0,194.0,183.0
amarula latte,"amarula cream liqueur, milk, strong black coffee",0.8,dinner,0.0,0.0,0.0
amarula mint cream,"green creme de menthe, amarula cream liqueur, vanilla ice cream, chocolate chip cookie, cream, milk",694.6,dinner,10.0,230.0,55.0
amarula mint splash,"amarula cream liqueur, mint liqueur, fresh cream, of fresh mint, miniature peppermint patties",197.1,dinner,0.0,0.0,32.0
amarula mocha martini,"bourbon, creme de cacao, amarula cream liqueur, espresso coffee, cream",197.8,dinner,0.0,36.0,4.0
amarula sahara martini,"amarula cream liqueur, frangelico, vodka",34.7,unknown,0.0,0.0,0.0
amarula spicy fish,"salmon fillets, seasoned sea salt, mangoes, bananas, amarula cream liqueur, flour, curry powder, cayenne pepper, butter, garlic cloves, curry sauce, desiccated coconut, turmeric, fresh coriander leaves",480.4,dinner,8.0,122.0,25.0
amarula sunset,"amarula cream liqueur, vanilla ice cream, strawberry puree",146.6,dinner,2.0,62.0,12.0
amarula swizzler,"amarula cream liqueur, rum, vanilla ice cream, milk, ice cubes, butterscotch syrup",124.0,dessert,1.0,30.0,7.0
amarula rula,"amarula cream liqueur, cherry flavored liqueur, fresh cream",98.6,unknown,0.0,0.0,16.0
amatuer salsa,"tomato sauce, green chili, salt, dry mustard, chili powder, tabasco sauce, instant minced onion, black pepper",34.7,unknown,12.0,16.0,0.0
amazin raisin cake,"flour, sugar, mayonnaise, milk, eggs, baking soda, cinnamon, nutmeg, salt, clove, apples, raisins, walnuts, cool whip",5533.5,dessert,233.0,2311.0,266.0
amazing   easy basic crepes,"eggs, milk, oil, unbleached flour, salt",85.0,breakfast,1.0,0.0,6.0
amazing  vegan  brownies,"flour, water, brown sugar, sugar, salt, vanilla extract, baking cocoa, oil, baking powder, nuts, semisweet vegan chocolate chips",303.2,dessert,9.0,137.0,15.0
amazing 24 hr fruit salad,"mini marshmallows, sour cream, shredded coconut, walnuts, mandarin oranges, pineapple tidbits, red grapes, red apple",704.3,unknown,5.0,285.0,54.0
amazing 4 ingredient steak marinade,"olive oil, soy sauce, lemon pepper, garlic powder",264.9,unknown,83.0,3.0,41.0
amazing almond milk,"almonds, water, dates",225.3,unknown,5.0,24.0,27.0
amazing almonds,"whole almond, water, sugar, cinnamon",3431.3,unknown,0.0,887.0,354.0
amazing and fast pressure cooker short ribs,"beef short ribs, light olive oil, beef broth, red wine, sweet onion, garlic cloves, honey, brown sugar, coarse salt, black pepper",1925.3,unknown,47.0,88.0,260.0
amazing and healthy oven fried chicken,"cooking spray, nonfat sour cream, corn flakes, cornmeal, old bay seasoning, italian seasoning, garlic powder, peppercorn blend, ground cayenne pepper, boneless skinless chicken breasts, butter-flavored cooking spray",252.3,unknown,6.0,20.0,4.0
amazing angel hair pasta with shrimp,"butter, olive oil, shrimp, garlic, heavy cream, italian-style diced tomatoes, white wine, fresh mushrooms, fresh parsley, parmesan cheese, dried basil, red pepper flakes, angel hair pasta",1155.6,unknown,89.0,38.0,74.0
amazing apple cider,"apples, juice, boiling water, cinnamon, sugar crystals, vanilla extract, honey",47.6,unknown,0.0,36.0,0.0
amazing apple cobbler,"butter, sugar, water, self-rising flour, vegetable shortening, milk, apples, cinnamon",373.3,breakfast,13.0,130.0,30.0
amazing apple nut muffins,"egg, apple juice, vegetable oil, vanilla, sugar, flour, brown sugar, baking powder, salt, pecans, apple, cinnamon",245.4,breakfast,8.0,50.0,20.0
amazing apple pie,"sliced apples, lemon juice, sugar, self rising flour, cinnamon, brown sugar, egg, shortening, water",376.7,dessert,12.0,79.0,36.0
amazing apple strudel,"puff pastry, golden delicious apples, cinnamon, nutmeg, sugar",29.3,unknown,0.0,26.0,0.0
amazing apples with creamy caramel dip,"brown sugar, cream cheese, vanilla extract, caramel ice cream topping, toffee pieces, walnuts, apples",484.3,unknown,13.0,185.0,21.0
amazing apricot balls,"dried apricots, sweetened flaked coconut, sweetened condensed milk, coconut",85.9,dessert,1.0,55.0,4.0
amazing artichoke toasts,"artichokes, lemon juice, extra virgin olive oil, fresh ground black pepper, kosher salt, fresh parsley leaves, whole coriander seed, hot sauce, baguette, roasted red pepper, fresh basil leaf, eggs, chili-garlic sauce, lemon, garlic",317.1,lunch,26.0,6.0,28.0
amazing asparagus bundles,"asparagus, whipped cream cheese, white bread, butter, parmesan cheese",441.9,unknown,35.0,19.0,35.0
amazing baby portobello  avocado and aspargus sliders,"baby portabella mushrooms, red onion, olive oil, cajun seasoning, buns, cheese slices, asparagus spears, avocado, tomatoes",425.9,unknown,20.0,31.0,41.0
amazing bacon cheese fries,"russet potatoes, vegetable oil, apple-smoked bacon, butter, onions, garlic, all-purpose flour, chili-garlic sauce, dijon mustard, heavy cream, parmigiano-reggiano cheese, sharp white cheddar cheese",3561.9,unknown,36.0,8.0,571.0
amazing baked chicken breasts    you must try   easy to make,"chicken breasts, feta cheese, roma tomatoes, garlic, fresh basil leaves, fresh parsley, fresh chives, black olives, cheddar cheese, salt and pepper",437.6,unknown,35.0,16.0,42.0
amazing baked lemon garlic chicken thighs and potatoes,"chicken thighs, garlic cloves, salt, russet potatoes, salt and pepper, lemon, juice of, olive oil, chicken broth",669.3,unknown,70.0,12.0,45.0
amazing basil chicken   low fat,"vegetable oil, boneless skinless chicken breasts, red onion, orange juice, dried basil, cumin, salt, lime, fresh basil",153.1,dinner,15.0,12.0,2.0
amazing beef,"beef roast, pepperoncini peppers, garlic",618.5,unknown,88.0,22.0,68.0
amazing beef  n  peppers,"boneless beef sirloin, cornstarch, beef broth, soy sauce, garlic powder, green peppers, cooked rice",834.7,unknown,59.0,15.0,55.0
amazing beef enchilada casserole,"ground beef, taco seasoning mix, corn tortillas, monterey jack cheese, red onion, enchilada sauce, green onions",450.6,unknown,28.0,7.0,45.0
amazing beef ribs,"beef ribs, salt, sugar, brown sugar, chili powder, paprika, cumin, cayenne pepper, pepper, garlic powder, onion powder, ketchup, molasses, water, worcestershire sauce, vinegar, butter, onion, dry mustard, tabasco sauce",1679.9,unknown,182.0,113.0,210.0
amazing beef stew,"beef stew meat, flour, salt, pepper, olive oil, onion, celery, dried parsley, thyme, beef broth, carrots, potatoes, canned peas",287.2,unknown,42.0,16.0,15.0
amazing black bean brownies recipe courtesy of ania catalano,"unsweetened chocolate, unsalted butter, black beans, walnuts, vanilla extract, instant coffee, salt, eggs, agave nectar",83.7,dessert,0.0,0.0,11.0
amazing black bean soup in 5 ingredients,"salsa, black beans, vegetable broth, fresh cilantro, lime juice",455.5,unknown,32.0,16.0,2.0
amazing braise,"whole chicken, olive oil, white potatoes, carrots, garlic cloves, orange, juice of, soy sauce, fresh rosemary leaf, salt, pepper",944.6,unknown,56.0,24.0,92.0
amazing bread stuffing,"butter, onion, salt, bread, celery, poultry seasoning, parsley, pepper",652.9,unknown,55.0,23.0,64.0
amazing breakfast bake,"unsalted butter, yellow onion, green bell pepper, red bell pepper, salt, fresh ground black pepper, garlic, fresh parsley leaves, canadian bacon, smoked sausage, eggs, whole milk, heavy cream, creole seasoning, french bread, gouda cheese, fine dry breadcrumb, parmesan cheese",850.0,breakfast,86.0,31.0,61.0
amazing breakfast casserole,"seasoned croutons, swiss cheese, eggs, milk, shredded cheddar cheese, pork sausage, mustard, cream of mushroom soup",377.5,breakfast,34.0,3.0,43.0
amazing breakfast pizza,"pizza dough, eggs, milk, cheddar cheese, mozzarella cheese, deli ham, cooked bacon, breakfast sausage links, onion, chives",329.8,breakfast,37.0,2.0,38.0
amazing broccoli cheese casserole,"frozen chopped broccoli, mushroom soup, mayonnaise, eggs, onion, salt and pepper, butter, stove top stuffing mix, cheese whiz",693.6,unknown,84.0,51.0,67.0
amazing broccoli cheese soup with ham,"butter, flour, milk, chicken broth, broccoli, ham, velveeta cheese, cheddar cheese, salt & pepper",580.2,unknown,79.0,21.0,63.0
amazing broccoli pie,"cooking spray, green onion, garlic clove, broccoli, low fat cottage cheese, eggs, milk, bisquick, salt and pepper, goat cheese, parmesan cheese",241.5,unknown,19.0,13.0,18.0
amazing brown rice salad,"water, brown rice, red onion, celery, dried cranberries, light balsamic vinaigrette salad dressing, splenda granular",179.8,unknown,0.0,5.0,2.0
amazing buffalo chicken   weight watchers,"boneless skinless chicken breast, frank's red hot sauce, i can't believe it's not butter spread, celery seed, white vinegar, tabasco sauce, red pepper flakes, black pepper, cayenne pepper, worcestershire sauce",135.9,lunch,36.0,1.0,4.0
amazing bundt cake,"cake mix, instant pudding mix, water, vegetable oil, eggs, frosting",612.4,dinner,25.0,270.0,45.0
amazing burger sauce,"horseradish sauce, mayonnaise, mustard, ketchup, black pepper",47.9,unknown,7.0,8.0,5.0
amazing burgers,"ground beef, onions, garlic, parsley, parmesan cheese, butter, cooking spray, salt, pepper",275.9,unknown,5.0,1.0,30.0
amazing buttermilk biscuits,"flour, buttermilk, butter, baking powder, salt, baking soda",162.6,unknown,19.0,5.0,11.0
amazing buttermilk garlic mashed potatoes,"idaho potatoes, garlic cloves, salt, butter, buttermilk",389.1,unknown,39.0,27.0,13.0
amazing butterscotch crispies cookie,"flour, salt, baking soda, cream of tartar, butter, brown sugar, granulated sugar, canola oil, milk, vanilla extract, egg, butterscotch chips, walnuts, toffee pieces",203.5,dessert,5.0,57.0,17.0
amazing cabbage  you ll want to eat a whole one,"green cabbage, water, ice, salted butter, anchovies, garlic cloves, fresh rosemary leaves, lemon rind",520.8,unknown,29.0,29.0,79.0
amazing caramel apple cake,"brown sugar, sugar, butter, eggs, flour, nutmeg, salt, cinnamon, baking soda, golden delicious apples, granny smith apples, whipping cream",438.8,dessert,15.0,231.0,22.0
amazing cashew chicken,"sesame oil, rice vinegar, cooking sherry, garlic powder, boneless skinless chicken, oil, broccoli florets, carrots, cornstarch, soy sauce, hoisin sauce, ground ginger, salted cashews, cooked rice",509.7,lunch,60.0,28.0,41.0
amazing cheese truffles,"cream cheese, sharp cheddar cheese, garlic powder, red pepper flakes, roasted red pepper, green onion, pecans",169.5,lunch,5.0,5.0,24.0
amazing cheesy hashbrowns,"hash brown, cream of mushroom soup, sour cream, sharp cheddar cheese, butter, onion",775.4,lunch,45.0,19.0,89.0
amazing cherry pineapple crumble,"crushed pineapple in juice, cherry pie filling, yellow cake mix, butter, shredded coconut, pecans",694.1,dessert,24.0,168.0,57.0
amazing chewy chocolate chip cookies,"white sugar, brown sugar, butter, vanilla, eggs, flour, baking soda, chocolate chips",162.7,dessert,4.0,56.0,12.0
amazing chicken,"boneless skinless chicken breasts, boursin cheese, bacon",171.2,unknown,8.0,0.0,10.0
amazing chicken curry,"curry powder, ground cumin, salt, boneless skinless chicken thighs, yellow split peas, carrot, apple, onion, garlic cloves, jalapeno pepper, chicken bouillon cube, water, unsweetened coconut milk, raisins, slivered almonds",432.6,unknown,26.0,34.0,28.0
amazing chicken marinade,"cider vinegar, whole grain mustard, garlic, lime, lemon, brown sugar, salt, olive oil, ground black pepper, boneless skinless chicken breast halves",337.6,unknown,33.0,72.0,25.0
amazing chicken stew,"bacon, vegetable stock, chicken stock, sweet potato, onion, carrot, boneless skinless chicken breasts, bay leaf, worcestershire sauce, dried basil, dried thyme, garlic, light cream, cornstarch, water",330.4,unknown,18.0,30.0,22.0
amazing chicken tortilla soup,"cooked chicken, onion, rotel tomatoes & chilies, crushed red pepper flakes, cumin, garlic, chili powder, black pepper, velveeta cheese, cilantro, corn tortillas, oil, sour cream",87.3,unknown,8.0,4.0,1.0
amazing chicken tortilla soup,"olive oil, onion, garlic cloves, jalapeno pepper, green pepper, boneless skinless chicken breasts, frozen corn, dry white wine, cumin, chili powder, cayenne pepper, chicken broth, diced tomatoes, tomato sauce, non-fat tortilla chips",163.3,dinner,34.0,21.0,5.0
amazing chili,"onions, lean ground beef, garlic cloves, celery, green pepper, chili powder, tomato soup, fresh ground black pepper, oregano, ground cumin, salt, stewed tomatoes, kidney beans, fresh parsley",522.5,unknown,75.0,66.0,21.0
amazing chinese chicken wings,"chicken wings, soy sauce, garlic salt",693.5,unknown,92.0,2.0,74.0
amazing chocolate cheesecake,"nonfat cottage cheese, liquid egg substitute, sugar, fat free cream cheese, hersheys cocoa powder, vanilla extract",95.2,dinner,3.0,46.0,1.0
amazing chocolate chunk cookies,"butter, shortening, sugar, light brown sugar, eggs, vanilla, flour, baking soda, salt, white baking chocolate, semisweet chocolate chunks",185.2,dessert,4.0,66.0,13.0
amazing chocolate dessert sauce,"dark chocolate, cream, honey, butter",470.1,dessert,4.0,36.0,71.0
amazing chocolate chip cookie bars,"shortening, brown sugar, white sugar, eggs, vanilla, water, flour, baking soda, salt, chocolate chips",250.0,dessert,7.0,80.0,20.0
amazing cinnamon apple rice stuffed chicken gfcf,"long-grain rice, roasting chickens, salt, vegetable oil, butter, cinnamon, black pepper, orange peel, chicken stock, lemon juice, raisins, orange-flavored dried cranberries, granny smith apple",719.0,unknown,59.0,66.0,64.0
amazing cinnamon buns  rolls,"granulated sugar, ground cinnamon, active dry yeast, water, milk, butter, salt, eggs, all-purpose flour, walnuts, powdered sugar, vanilla extract, hot water",729.8,breakfast,22.0,244.0,44.0
amazing cinnamon chip scones,"all-purpose flour, sugar, baking powder, baking soda, salt, butter, buttermilk, cinnamon baking chips, cinnamon",285.0,breakfast,15.0,34.0,22.0
amazing coconut pie,"milk, sugar, biscuit mix, eggs, butter, vanilla, flaked coconut",2219.4,dessert,75.0,765.0,179.0
amazing coconut raisin butter tart bars,"butter, all-purpose flour, sugar, salt, eggs, brown sugar, baking powder, flour, vanilla, coconut, raisins, pecans",238.6,lunch,6.0,87.0,18.0
amazing crab rice cakes,"chicken broth, minute white rice, eggs, crabmeat, parmesan cheese, butter",335.8,unknown,47.0,1.0,25.0
amazing crab stuffed pasta shells,"cream cheese, baby shrimp, crabmeat, scallions, pasta shells, mayonnaise, sugar, lemon juice, cayenne pepper, salt & pepper",346.6,unknown,18.0,19.0,41.0
amazing cranberry sauce,"fresh cranberries, crushed pineapple, mandarin orange segments, pecans, sugar, salt, cinnamon, clove, ginger, allspice",428.3,unknown,12.0,304.0,15.0
amazing cream cheese spread,"cream cheese, jalapeno, green onions, cilantro, salt and pepper",102.1,dinner,3.0,1.0,15.0
amazing crispy fried onion rings,"yellow onions, all-purpose flour, cornmeal, baking powder, salt, baking soda, cayenne pepper, milk",171.4,unknown,30.0,19.0,2.0
amazing crock pot white chili w  chicken,"great northern beans, chicken breasts, onion, green pepper, red pepper, jalapenos, garlic cloves, ground cumin, salt, dried oregano, chicken broth",309.2,unknown,35.0,10.0,8.0
amazing deviled eggs,"hard-boiled eggs, mayonnaise, sour cream, prepared yellow mustard, sweet pickle relish, garlic powder, salt and pepper, paprika",52.7,unknown,2.0,2.0,5.0
amazing double peanut butter cookies,"butter, dark brown sugar, sugar, crunchy peanut butter, baking powder, baking soda, salt, eggs, flour, peanut butter chips",255.5,dessert,7.0,69.0,21.0
amazing eggnog shake,"evaporated milk, milk, powdered milk, honey, vanilla, rum flavoring, pumpkin pie spice, ginger, nutmeg, cinnamon, ground cloves, ground allspice, ice",288.5,dessert,7.0,95.0,19.0
amazing fast rise challah bread   one small loaf,"sugar, warm water, salt, oil, egg, bread flour, fast rising yeast, egg yolk",1508.5,unknown,100.0,104.0,80.0
amazing fat free fudge,"granulated sugar, vanilla pudding mix, butter-flavored sprinkles, dutch-processed cocoa powder, instant nonfat dry milk powder, water, pecan pieces",2435.6,dessert,45.0,2319.0,10.0
amazing fish tikka,"butterfish, fresh lemon juice, turmeric powder, salt, fenugreek leaves, yogurt cheese, cream, ginger-garlic paste, red chili powder, dried fenugreek leaves, gram flour, egg yolks, oil",465.4,lunch,8.0,5.0,49.0
amazing french onion soup,"butter, vidalia onion, sugar, flour, provolone cheese, beef broth, crouton, salt, pepper",514.3,unknown,90.0,17.0,57.0
amazing fudge,"white sugar, milk, butter, cocoa, vanilla, flour, peanut butter, almond flavoring, peppermint extract",250.4,dessert,2.0,133.0,13.0
amazing garlic bread,"garlic, olive oil, butter, mayonnaise, dried oregano, dried basil, parsley flakes, salt, parmesan cheese, mozzarella cheese, italian bread",194.7,lunch,14.0,2.0,11.0
amazing garlicy balsamic vinaigrette,"sweet onion, garlic cloves, red bell pepper, fresh basil leaf, oregano leaves, salt, black pepper, coleman's dry mustard, worcestershire sauce, fresh lemon juice, balsamic vinegar, extra virgin olive oil",111.2,unknown,7.0,7.0,16.0
amazing german chocolate cake,"vegetable oil cooking spray, flour, german chocolate cake mix, coconut pecan frosting, water, vegetable oil, eggs",300.8,dessert,11.0,107.0,23.0
amazing giant chocolate toffee cookies,"all-purpose flour, baking powder, salt, bittersweet chocolate, unsalted butter, brown sugar, eggs, vanilla extract, chocolate-covered english toffee bars, walnuts",192.6,dessert,4.0,109.0,10.0
amazing ginger garlic steak marinade,"steaks, soy sauce, rice vinegar, garlic powder, ground ginger, toasted sesame oil, worcestershire sauce, black pepper",229.7,unknown,87.0,3.0,10.0
amazing gluten free barbecued meatloaf minis,"ground beef, gluten-free crisp rice cereal, dried onion, egg, milk, gluten-free tamari, salt, pepper, garlic powder, gluten-free chili powder, brown sugar, gluten-free ketchup, dry mustard",385.7,unknown,28.0,108.0,29.0
amazing gluten free buttermilk donuts   doughnuts,"eggs, buttermilk, butter, gluten-free rice flour mix, sugar, nutmeg, cinnamon, baking soda, baking powder, salt, xanthan gum",120.3,breakfast,22.0,81.0,5.0
amazing gravy,"broth, flour, salt and pepper",23.7,unknown,28.0,2.0,0.0
amazing greek style chicken thighs,"chicken thighs, seasoning salt, fresh ground pepper, oregano, lemons, olive oil, butter",1288.5,unknown,12.0,0.0,171.0
amazing ham   cheese stromboli,"pizza dough, onion, honey-roasted ham, havarti cheese, oregano",275.1,unknown,39.0,4.0,24.0
amazing ham glaze,"pineapple chunks, maple syrup, dijon mustard, jalapeno, golden raisin",310.9,unknown,7.0,265.0,1.0
amazing hamburger steak with gravy,"lean ground beef, onion, dry steak seasoning, garlic clove, oatmeal, milk, eggs, salt and pepper, red wine, cornstarch",407.1,unknown,7.0,4.0,31.0
amazing homemade meatballs,"meat, yellow onion, egg, parmesan cheese, breadcrumbs, garlic, salt, black pepper, milk, cilantro",70.0,unknown,18.0,3.0,4.0
amazing homemade pizza rolls,"pizza cheese, sausage, pepperoni, green pepper, sliced mushrooms, onion, black olives, crushed pineapple, pizza sauce, egg roll wraps, oil",183.3,lunch,18.0,4.0,11.0
amazing horseradish sauce for prime rib,"horseradish, mayonnaise, cider vinegar, grainy mustard, dijon mustard, sugar, salt, red pepper",38.7,unknown,12.0,8.0,4.0
amazing huge chocolate chip cookies,"rolled oats, all-purpose flour, baking soda, salt, cinnamon, butter, brown sugar, granulated sugar, vanilla, lemon juice, eggs, semisweet chocolate chunks",496.1,dessert,19.0,164.0,37.0
amazing hungarian chicken paprikash with dumplings,"boneless skinless chicken breasts, oil, paprika, onion powder, salt, pepper, chicken broth, sour cream, water, flour, eggs",546.1,unknown,53.0,10.0,25.0
amazing hush puppies,"self-rising cornmeal mix, self-rising flour, yellow cornmeal, baking powder, salt, garlic powder, cayenne pepper, milk, buttermilk, egg, onion, canned jalapeno pepper, vegetable oil",550.4,dinner,74.0,13.0,12.0
amazing italian meatballs  raw food,"mushrooms, walnuts, italian seasoning, garlic powder, sea salt, red pepper, tomatoes",179.5,unknown,24.0,17.0,22.0
amazing italian tomato soup,"fire-roasted tomatoes, roma tomatoes, celery, onion, minced garlic clove, chicken broth, italian seasoning, ground beef",165.6,dinner,36.0,22.0,12.0
amazing jerk pork tenderloin,"green onions, yellow onion, fresh garlic, white vinegar, soy sauce, vegetable oil, kosher salt, dried thyme, cayenne, brown sugar, fresh ginger, allspice, nutmeg, black pepper, cinnamon, habanero pepper, pork tenderloin",373.3,dinner,74.0,22.0,30.0
amazing kahlua baked beans,"red onion, green bell pepper, cherry tomatoes, tomato sauce, brown sugar, kahlua, maple syrup, worcestershire sauce, dijon mustard, great northern beans, salt and pepper",165.8,unknown,8.0,42.0,0.0
amazing lavender crme brle,"heavy cream, dried lavender, pure vanilla extract, salt, egg yolks, granulated sugar",456.2,dinner,2.0,112.0,54.0
amazing lemon ginger chicken,"boneless skinless chicken breasts, canada dry ginger ale, olive oil, herbs, salt, marjoram, thyme, pepper, garlic powder, sugar",226.6,dinner,78.0,49.0,10.0
amazing light whole wheat blueberry pancakes,"whole wheat pastry flour, baking soda, salt, baking powder, egg, skim milk, vegetable oil, nonfat yogurt, blueberries",158.4,breakfast,14.0,11.0,5.0
amazing low cal  fat free  sugar free cheesecake,"plain fat-free yogurt, fat free cream cheese, sugar substitute, sugar free fat free instant pudding mix",102.4,dinner,10.0,58.0,0.0
amazing low carb waffles,"butter, eggs, salt, baking powder, coconut flour, almond flour, cream cheese, artificial sweetener",108.9,dessert,6.0,2.0,16.0
amazing low fat turkey lasagna roll ups,"tomato sauce, tomato paste, diced onion, olive oil, minced garlic cloves, carrot, fresh parsley, oregano, red pepper flakes, salt and pepper, lasagna noodles, lean ground turkey, low-fat beef broth, low-fat ricotta cheese, lowfat mozzarella cheese",618.9,unknown,39.0,42.0,37.0
amazing lower fat vegetable pot pie,"phyllo pastry sheets, mixed vegetables, low-fat cream of mushroom soup, milk, cooking spray, margarine",54.4,unknown,4.0,4.0,1.0
amazing marinade,"beef, steak sauce, worcestershire sauce, steak seasoning, sugar, feta cheese",1580.3,unknown,13.0,21.0,250.0
amazing marinated tofu sandwich,"olive oil, soy sauce, garlic cloves, lime, juice of, honey, firm tofu, whole wheat bread, cheddar cheese, mayonnaise, mustard, lettuce, fresh basil, onion",605.4,lunch,46.0,87.0,58.0
amazing mashed potatoes,"potatoes, sour cream, sweet creamy butter, cream cheese, chicken stock, salt, milk",349.6,dinner,8.0,16.0,19.0
amazing mexican rice,"vegetable oil, yellow onion, rice, garlic clove, chicken broth, salt and pepper, chipotle chiles, corn",241.1,unknown,8.0,30.0,5.0
amazing microwave mushroom pulao,"basmati rice, oil, spring onions, cloves, cinnamon, green cardamoms, bay leaf, mushroom, garam masala powder, cumin powder, salt",241.9,dinner,0.0,4.0,12.0
amazing muffin cups,"hash browns, butter, salt, breakfast sausage, eggs, mexican blend cheese, red bell pepper, green onion",586.6,breakfast,50.0,7.0,69.0
amazing mushroom triangles,"portabella mushroom, dried shiitake mushrooms, white mushrooms, water, red wine, fresh garlic, onions, dill, black pepper, salt, butter, puff pastry",625.4,dinner,11.0,10.0,64.0
amazing mustard apricot garlic glazed pork loin,"boneless pork loin roast, garlic cloves, italian salad dressing, wine, seasoning salt, black pepper, apricot preserves, prepared mustard, brown sugar, margarine",655.1,dinner,35.0,63.0,61.0
amazing nacho dip for a crowd,"lean ground beef, minced garlic cloves, onion, salt, refried beans, green chilies, monterey jack cheese, taco sauce, avocados, sour cream, black olives, tostados",249.2,dinner,18.0,12.0,26.0
amazing ny style white garlic pizza,"pizza crust, italian sausage, garlic alfredo sauce, onion, italian cheese blend",201.0,unknown,28.0,4.0,23.0
amazing oatmeal cookies,"oats, rice krispies, flour, baking soda, baking powder, egg, brown sugar, sugar, butter, unsweetened coconut, walnuts, dark chocolate chips",141.5,dessert,2.0,38.0,12.0
amazing oatmeal ww muffins add any fruit you like,"rolled oats, plain yogurt, vegetable oil, brown sugar, egg, whole wheat flour, salt, baking soda, baking powder, blueberries",177.6,breakfast,12.0,62.0,9.0
amazing onion casserole,"vidalia onions, mushroom soup, milk, potato chips, mozzarella cheese",300.9,unknown,19.0,20.0,26.0
amazing oreo dessert,"oreo cookies, butter, cream cheese, peanut butter, powdered sugar, frozen whipped topping, miniature peanut butter cups, milk, instant chocolate pudding mix",530.1,dinner,17.0,177.0,50.0
amazing over easy eggs,"egg, parmesan cheese, ground pepper, rosemary",106.4,unknown,6.0,1.0,9.0
amazing overnight french toast,"corn syrup, brown sugar, butter, raisin bread, eggs, milk, vanilla",412.4,breakfast,11.0,104.0,31.0
amazing overnight waffles,"all-purpose flour, yeast, sugar, salt, milk, butter, egg",163.9,breakfast,6.0,4.0,12.0
amazing peanut butter chocolate chip brownies,"butter, peanut butter, white sugar, light brown sugar, vanilla, eggs, flour, baking powder, salt, chocolate chips",253.7,dinner,6.0,83.0,22.0
amazing peanut butter cookies,"non-hydrogenated vegan margarine, vegetable shortening, unbleached cane sugar, brown sugar, non-hydrogenated peanut butter, vanilla-flavored soy yogurt, flour, baking soda, baking powder, salt",53.9,dessert,3.0,22.0,1.0
amazing peas  indian,"oil, asafoetida powder, brown mustard seeds, whole cumin seed, curry leaves, frozen peas, serrano pepper, salt, sugar, ground turmeric, ground cumin, ground coriander, coconut, fresh cilantro",221.2,unknown,22.0,23.0,26.0
amazing pepperoni dip,"pepperoni, cream cheese, green pepper, french's cheddar french fried onions",396.6,dinner,38.0,3.0,56.0
amazing pickle juice ranch dressing,"mayonnaise, sour cream, pickle juice, buttermilk, salt, dried parsley, onion powder, garlic powder, pepper",350.1,unknown,32.0,26.0,47.0
amazing pineapple bread,"butter, splenda sugar substitute, sugar, egg substitute, crushed pineapple, flour, whole wheat flour, baking soda, salt, vanilla",143.7,unknown,8.0,45.0,9.0
amazing pork chop or chicken marinade,"garlic powder, brown sugar, ground ginger, ground pepper, vegetable oil, water, soy sauce",116.0,unknown,83.0,29.0,10.0
amazing pork tenderloin in the slow cooker,"pork tenderloin, dry onion soup mix, water, red wine, garlic, soy sauce, pepper",241.3,unknown,27.0,1.0,9.0
amazing pot roast,"flour, black pepper, salt, boneless beef chuck, bacon, onions, garlic cloves, dark beer, mccormick cocoa chile blend, chili pepper, raisins, peanut butter, dried parsley, cumin, fresh parsley",299.6,unknown,6.0,7.0,18.0
amazing potato salad,"eggs, baking potatoes, salt, mayonnaise, evaporated milk, dijon mustard, cider vinegar, sugar, fresh ground pepper, onion, celery ribs, paprika, fresh chives",286.0,unknown,10.0,17.0,17.0
amazing potato salad,"potatoes, salad dressing, dijon mustard, celery, dill pickles, hardboiled egg, garlic powder, dried parsley, paprika, salt and pepper",459.6,unknown,35.0,34.0,10.0
amazing pumpkin white chocolate chip cookies,"butter, granulated sugar, solid pack pumpkin, eggs, all-purpose flour, pumpkin pie spice, baking powder, baking soda, white chocolate chips, cream cheese frosting, light brown sugar",150.3,dessert,3.0,52.0,12.0
amazing punch  orange pineapple   great,"frozen orange juice concentrate, frozen lemonade concentrate, pineapple juice, 7-up soda, sugar, water, lemon slice, lime slice",1404.3,unknown,4.0,1284.0,2.0
amazing quiche,"bacon, milk, butter, flour, eggs, onion, salt and pepper, cheese",316.0,dinner,14.0,3.0,36.0
amazing ranch potato casserole,"sour cream, bacon, ranch dressing, parsley, cheddar cheese, new potatoes, french's french fried onions, butter",793.6,unknown,35.0,14.0,87.0
amazing real pumpkin pie,"pie crusts, cooked pumpkin, eggs, sugar, cinnamon, pumpkin pie spice, salt, almond extract, vanilla, evaporated milk",241.2,dessert,12.0,80.0,14.0
amazing red velvet cake with frosting,"shortening, granulated sugar, eggs, red food coloring, flour, baking soda, cocoa, vinegar, vanilla, salt, buttermilk, milk, sugar, butter",601.1,dessert,22.0,205.0,47.0
amazing rib eye steaks with marsala sauce,"rib eye steaks, salt and pepper, olive oil, butter, garlic cloves, sliced mushrooms, flour, marsala wine, beef broth, dried rosemary",884.5,unknown,14.0,8.0,96.0
amazing rice pudding,"long grain rice, water, salt, milk, sugar, vanilla",319.5,dessert,7.0,133.0,9.0
amazing roasted shrimp with garlic,"garlic, dried chilies, extra virgin olive oil, large shrimp, crusty italian bread",572.8,unknown,54.0,4.0,59.0
amazing salmon tacos,"salmon, cumin, chili powder, olive oil, yellow onion, limes, diced tomatoes with green chilies, fresh cilantro, green onion",259.6,dinner,23.0,10.0,19.0
amazing shrimp dip,"cream cheese, shrimp, miracle whip, chili sauce, horseradish, garlic powder, tabasco sauce",941.6,dinner,62.0,13.0,129.0
amazing shrimp louie salad,"baby shrimp, hard-boiled egg, cucumbers, grape tomatoes, black olives, canned asparagus, thousand island dressing, iceberg lettuce",510.2,unknown,78.0,59.0,49.0
amazing shrimp po boys,"green onion, sweet pickle relish, creole mustard, light mayonnaise, white wine vinegar, salt, cabbage and carrot coleslaw mix, large shrimp, garlic cloves, yellow cornmeal, all-purpose flour, ground red pepper, peanut oil, submarine sandwich bread",190.8,lunch,22.0,6.0,12.0
amazing simple pasta,"farfalle pasta, butter, parmesan cheese, salt",314.8,unknown,13.0,6.0,17.0
amazing simple rack of lamb with cabernet sauce,"kosher salt, black pepper, paprika, garlic powder, onion powder, cayenne pepper, dried thyme, dried rosemary, dried basil, dried marjoram, dried oregano, butter, all-purpose flour, cabernet sauvignon wine, beef broth, water, dijon mustard, parsley, lamb racks, olive oil",242.9,unknown,74.0,1.0,29.0
amazing soft and chewy chocolate chip cookies,"butter, brown sugar, caster sugar, self-raising flour, plain flour, egg, vanilla extract, baking powder, milk chocolate chips",97.9,lunch,3.0,37.0,5.0
amazing solan family chocolate cake  aka 3 hole cake,"flour, sugar, baking soda, salt, baking cocoa, oil, cold water, white vinegar, vanilla, powdered sugar, instant coffee, milk, almond extract",373.0,dessert,16.0,134.0,22.0
amazing spaghetti with seafood sauce,"olive oil, onion, garlic, spaghetti, tomatoes, tomato paste, dried oregano, bay leaf, white sugar, shrimp, clams, lemon juice, butter, salt, ground black pepper",513.0,dinner,10.0,27.0,28.0
amazing spice cake,"margarine, white sugar, egg, vanilla, flour, baking powder, salt, cinnamon, nutmeg, allspice, clove, skim milk",277.3,dessert,11.0,67.0,17.0
amazing spicy grilled shrimp,"olive oil, sesame oil, fresh parsley, hot sauce, garlic, ketchup, chili paste, salt, black pepper, lemon juice, large shrimp, wooden skewers",304.5,dinner,58.0,3.0,34.0
amazing spicy guacamole,"hass avocadoes, white onion, grape tomatoes, garlic cloves, jalapenos, lime, salt",84.5,lunch,12.0,3.0,10.0
amazing spinach bacon quiche,"frozen spinach, bacon, skim milk, eggs, cheddar cheese, salt and pepper, pie crust",458.2,unknown,26.0,2.0,49.0
amazing stain remover,"cold water, laundry detergent, bleach",0.0,unknown,3.0,0.0,0.0
amazing strawberry  or blueberry  shortcake,"fresh strawberries, granulated sugar, lemon juice, mascarpone cheese, confectioners' sugar, vanilla, heavy cream, ladyfingers",303.5,dinner,3.0,101.0,19.0
amazing strawberry fruit dip,"strawberry cream cheese, cool whip, marshmallow cream, strawberry jam",606.9,unknown,13.0,133.0,64.0
amazing stuffed  shrooms,"mushrooms, seasoned bread crumbs, cream cheese, milk, parmesan cheese",67.6,unknown,8.0,5.0,3.0
amazing stuffed capsicum,"banana peppers, bacon, onions, garlic, mozzarella cheese, tasty cheese, mixed italian herbs, oregano, salt",188.8,dinner,24.0,10.0,22.0
amazing stuffed mushrooms,"whole mushrooms, jimmy dean sausage, cream cheese, onion, garlic cloves, parmesan cheese",475.5,dinner,33.0,13.0,64.0
amazing stuffing from scratch  breadmaker recommended,"milk, salt, butter, white flour, whole wheat flour, sugar, active dry yeast, fresh coarse ground black pepper, thyme, rosemary, sage, savory, parsley, poultry seasoning, unsalted butter, onions, celery, garlic cloves, eggs, walnuts, chicken broth",543.9,unknown,65.0,19.0,45.0
amazing sweet italian sausage pasta soup,"sweet italian turkey sausage, green pepper, onion, garlic, water, diced tomatoes, sugar, worcestershire sauce, chicken bouillon granules, salt, dried basil, dried thyme, dried oregano, farfalle pasta, mozzarella cheese",286.0,lunch,58.0,38.0,12.0
amazing sweet potato salad,"sweet potatoes, red bell peppers, dark raisins, lemon juice, fresh parsley, extra virgin olive oil, fresh rosemary leaves, salt, cracked black pepper, sliced almonds, greens",401.9,unknown,5.0,67.0,27.0
amazing taco seasoning,"flour, chili powder, paprika, salt, dried onion flakes, cumin, cayenne, garlic powder, sugar, ground oregano",59.6,unknown,73.0,8.0,1.0
amazing thai peanut chicken,"soy sauce, creamy peanut butter, white wine vinegar, cayenne pepper, olive oil, boneless skinless chicken breast halves, garlic, fresh gingerroot, green onion, broccoli florets, green pepper, red pepper, dry-roasted unsalted peanuts, curry powder",307.4,dinner,55.0,13.0,28.0
amazing thin crust pizza,"bread flour, instant yeast, salt, olive oil, warm water, crushed tomatoes, minced garlic cloves, oregano, ground fennel, salt and pepper, recipe pizza dough, dried basil, mozzarella cheese, provolone cheese, tomato sauce, sausage, mild cheddar cheese",213.9,unknown,23.0,10.0,18.0
amazing tiramisu,"egg yolks, sugar, mascarpone cheese, heavy cream, almond extract, vanilla extract, brewed espresso, egg whites, ladyfingers, cocoa powder",353.7,dessert,4.0,88.0,30.0
amazing toffee peanut crunch ice cream cake,"chocolate wafers, butter, vanilla ice cream, skor candy bars, unsalted peanuts, brown sugar, half-and-half cream, whipping cream, vanilla",1014.0,dessert,22.0,396.0,97.0
amazing tofu parmesan,"extra firm tofu, soy sauce, olive oil, garlic, egg, flour, nutritional yeast flakes, spaghetti sauce, canola oil, mozzarella cheese, parmesan cheese",698.2,unknown,66.0,37.0,84.0
amazing tuna fish casserole,"kraft macaroni and cheese, campbell's cream of mushroom soup, tuna in water, saltine crackers, butter",323.3,unknown,34.0,4.0,44.0
amazing turkish    confetti  rice,"jasmine rice, yellow bell pepper, dried currant, yellow onion, eggplant, mushroom, sun-dried tomato, fresh garlic cloves, extra virgin olive oil, of fresh mint, fresh dill, salt and pepper",624.3,dinner,4.0,51.0,15.0
amazing vegan chocolate chip cookies,"whole wheat flour, baking soda, salt, margarine, brown sugar, vanilla extract, semisweet vegan chocolate chips",127.5,dessert,6.0,54.0,6.0
amazing vegan cinnamon buns,"all-purpose flour, nutmeg, salt, active dry yeast, sugar, water, oil, vegan margarine, vanilla extract, ground cinnamon, brown rice syrup",125.6,unknown,2.0,37.0,1.0
amazing vegan sweet potato fries  baked,"garlic salt, pepper, ground cayenne pepper, sweet potatoes, olive oil",154.3,unknown,2.0,21.0,7.0
amazing vegetable quiche,"oats, oat bran, butter, applesauce, water, eggplant, tomatoes, garlic, zucchini, summer squash, fresh spinach, mushroom, onion, basil, oregano, salt, garlic salt, black pepper, worcestershire sauce, egg beaters egg substitute, parmesan cheese, mozzarella cheese",2350.7,breakfast,189.0,114.0,187.0
amazing vegetable soup  south beach diet,"chicken broth, green cabbage, celery, leek, garlic cloves, fresh green beans, zucchini, summer squash, diced tomatoes, navy beans, parmesan cheese, basil pesto",83.0,unknown,31.0,27.0,2.0
amazing vegetarian or vegan lasagna,"lasagna noodles, onion, garlic clove, olive oil, veggie burgers, spaghetti sauce, parsley, firm tofu, frozen chopped spinach, mozzarella cheese, nutritional yeast flakes, parmesan cheese",219.0,dinner,19.0,22.0,11.0
amazing veggie burgers,"black beans, onion, garlic clove, egg, barbecue sauce, worcestershire sauce, vegetable oil, salt, ground pepper, all-purpose flour, dry breadcrumbs, cheddar cheese",220.7,lunch,17.0,13.0,8.0
amazing watermelon greek salad with feta,"red onion, fresh lime juice, seedless watermelon, feta cheese, black olives, extra virgin olive oil, balsamic vinegar, fresh parsley",157.0,lunch,12.0,44.0,15.0
amazing whipped sweet potatoes,"sweet potatoes, bananas, honey, half-and-half, butter, kosher salt, brown sugar, flour, pecans",258.6,unknown,3.0,93.0,15.0
amazing white trash puff balls,"pepperoni, cream cheese, pillsbury refrigerated crescent dinner rolls",76.2,dinner,6.0,2.0,6.0
amazing whole wheat oatmeal cookies,"whole wheat flour, cinnamon, baking powder, baking soda, salt, brown sugar, applesauce, egg whites, margarine, vanilla, oats, raisins",53.8,dessert,2.0,21.0,1.0
amazing wild rice   mushroom chicken bake,"boneless skinless chicken breast, cream of chicken soup, cream of mushroom soup, white wine, dry onion soup mix, wild rice, fresh mushrooms",391.2,unknown,77.0,21.0,16.0
amazing yellow cake,"milk, sugar, butter, flour, baking powder, vanilla, eggs, icing",341.0,dessert,8.0,100.0,29.0
amazing  really amazing  fudge brownies,"flour, baking powder, salt, unsweetened chocolate, butter, sugar, eggs, vanilla extract, chocolate chips",275.3,dessert,5.0,105.0,25.0
amazingly  easy cream of chicken taco meat soup,"98% fat-free cream of chicken soup, skim milk, lean ground meat, russet potato, garlic salt, garlic pepper seasoning",68.0,lunch,0.0,2.0,0.0
amazingly  easy layered cherry coffee cake,"cherry pie filling, brown sugar, ground cinnamon, refrigerated buttermilk biscuits, unsalted butter",1115.1,unknown,105.0,214.0,70.0
amazingly cheesy creamy spinach artichoke dip,"olive oil, green onion, red bell pepper, frozen chopped spinach, artichoke hearts, garlic cloves, cream cheese, sour cream, mayonnaise, fresh parmesan cheese, mozzarella cheese, salt and pepper",345.1,unknown,20.0,14.0,43.0
amazingly creamy mashed potatoes,"potatoes, butter, low-fat cream cheese, 1% low-fat milk, salt",394.5,unknown,9.0,13.0,23.0
amazingly delicious chocolate mousse,"semisweet chocolate, coffee, eggs, sucanat, rum extract, vanilla extract, sea salt",219.3,dinner,10.0,2.0,31.0
amazingly delicious rum pina colada cake,"white cake mix, instant coconut cream pudding mix, eggs, water, bacardi dark rum, canola oil, flaked coconut, crushed pineapple, frozen whipped topping",674.0,dessert,31.0,263.0,42.0
amazingly delicious toffee squares,"unsalted butter, light brown sugar, egg yolk, vanilla, flour, milk chocolate, pecans",224.8,dessert,0.0,55.0,21.0
amazingly easy   delicious buttery frosting,"milk, flour, vanilla extract, sugar, butter, extract",266.7,dessert,5.0,80.0,29.0
amazingly easy 15 minute pumpkin   risotto,"olive oil, butter, yellow onion, ground nutmeg, cornstarch, low sodium chicken broth, dry white wine, canned pumpkin, cooked white rice, parmesan cheese, salt & freshly ground black pepper",377.5,dinner,13.0,13.0,11.0
amazingly easy brownies,"all-purpose flour, unsweetened cocoa powder, salt, egg whites, granulated sugar, unsweetened applesauce, canola oil, vanilla extract",105.2,dinner,2.0,50.0,4.0
amazingly easy chocolate buttercream frosting,"unsweetened chocolate, confectioners' sugar, butter, milk, vanilla",722.4,dessert,8.0,441.0,47.0
amazingly easy cookies,"cake mix, butter, egg",104.0,dessert,5.0,38.0,7.0
amazingly easy grain free biscuits rolls,"chickpea flour, tapioca starch, baking powder, salt, sugar, almond milk, olive oil",212.4,unknown,16.0,26.0,20.0
amazingly easy pie crusts,"all-purpose flour, lard, unsalted butter, water",441.4,dessert,0.0,0.0,50.0
amazingly easy spanish rice,"mild salsa, water, butter, instant rice",102.7,unknown,24.0,11.0,3.0
amazingly easy three ingredient creamed spinach,"frozen chopped spinach, lipton onion soup mix, sour cream",361.2,lunch,41.0,17.0,41.0
amazingly good chicken salad,"chicken breasts, kraft mayonnaise, good seasonings italian salad dressing mix, lemon juice, salt and pepper",125.3,lunch,1.0,0.0,10.0
amazingly good eggnog,"milk, whole cloves, vanilla extract, cinnamon, egg yolks, sugar, light rum, light cream, nutmeg",464.6,unknown,3.0,101.0,34.0
amazingly juicy and flavorful roasted chicken,"whole chicken, salt, seasoning salt, garlic powder, black pepper, butter, olive oil, lemon, garlic cloves, mccormick's montreal brand steak seasoning",407.8,unknown,41.0,0.0,48.0
amazingly juicy grilled lemon chicken,"dijon mustard, fresh lemon juice, olive oil, fresh parsley, sugar, salt and pepper, garlic cloves, water, boneless skinless chicken breasts",320.2,unknown,3.0,6.0,33.0
amazingly parve cheesecake,"petit beurre biscuits, margarine, cinnamon, tofutti better-than-cream-cheese, tofutti sour supreme natural flavor, eggs, sugar, cornstarch, instant vanilla pudding",92.0,dessert,4.0,73.0,1.0
amazingly perfect popovers,"unsalted butter, all-purpose flour, kosher salt, eggs, whole milk",147.9,unknown,13.0,8.0,7.0
amazingly quick and good chicken balls,"cooked chicken, egg, breadcrumbs, cinnamon, salt and pepper, onion, oil, crushed tomatoes, water, basil",296.4,dinner,22.0,36.0,15.0
amazingly rich lasagna,"ground beef, garlic, lasagna noodle, spaghetti sauce, cream cheese, ricotta cheese, parmesan cheese, mozzarella cheese, eggs, oregano, parsley, garlic powder",1601.5,unknown,132.0,139.0,170.0
amazingly simple chicken noodle soup,"butter, carrots, green onions, chicken broth, bay leaf, salt & pepper, egg noodles, cooked chicken, frozen peas",293.1,unknown,45.0,17.0,21.0
amazingly soft peanut butter chocolate chip cookies,"unsalted butter, creamy peanut butter, granulated sugar, brown sugar, eggs, vanilla extract, whole wheat flour, baking soda, semi-sweet chocolate chips, peanut butter chips, nuts",212.1,dessert,3.0,68.0,18.0
amazon cake,"flour, unsweetened cocoa, baking soda, sugar, salt, corn oil, vanilla, cider vinegar, confectioners' sugar",217.8,dinner,12.0,100.0,5.0
amazon catfish,"peanut oil, onion, jicama, diced tomato, garlic, crushed red pepper flakes, flour, water, unsweetened pineapple juice, curry powder, raisins, sweetened coconut, banana, almonds, salt, sugar, eggs, pepper, catfish fillets, unseasoned breadcrumbs, cornmeal, roasted peanuts",1086.1,unknown,57.0,214.0,73.0
amazon fried chicken breasts with cilantro sauce,"cilantro leaves, garlic cloves, jalapeno, distilled white vinegar, water, mayonnaise, eggs, all-purpose flour, salt, fresh ground pepper, potato chips, boneless skinless chicken breast halves, vegetable oil",791.7,dinner,38.0,23.0,70.0
amba  a spicy and savory mango condiment,"green mangoes, salt, corn oil, mustard seeds, cumin seed, dried red pepper, ground fenugreek, hot paprika, turmeric, garlic",1325.7,unknown,365.0,474.0,118.0
ambassade d auvergne s seven hour leg of lamb,"onions, carrots, garlic, bay leaves, fresh thyme, leg of lamb, salt, fresh ground pepper, dry white wine, potatoes, tomatoes",824.7,unknown,8.0,45.0,52.0
amber and zach s kisses,"egg whites, granulated sugar, baking powder, salt",42.6,dessert,1.0,41.0,0.0
amber apple bake,"refrigerated buttermilk biscuits, apples, brown sugar, evaporated milk, dark corn syrup, butter",682.8,dessert,37.0,196.0,51.0
amber crab souffle,"eggs, milk, salt, white pepper, dried dill, crab, cream cheese, paprika, butter",292.7,unknown,27.0,3.0,36.0
amber glazed turkey wings   legs,"turkey parts, water, apricot preserves, soy sauce, dry mustard, garlic powder, pepper",201.8,unknown,8.0,118.0,0.0
amber glow,"cream cheese, apricot preserves, dry mustard, prepared horseradish, hot pepper flakes, salted peanuts",57.7,unknown,1.0,12.0,5.0
amber glow dip  cream cheese  apricot and horseradish plus,"cream cheese, apricot preserves, dry mustard, horseradish, dried red pepper, peanuts",233.8,dinner,5.0,60.0,20.0
amber onions,"butter, salt, pepper, catsup, honey, onions",138.9,unknown,14.0,62.0,9.0
amber rum cake,"yellow cake mix, eggs, apricot nectar, vegetable oil, sugar, lemon flavor instant pudding and pie filling, dark rum, raisins",4768.9,dessert,205.0,1825.0,205.0
amber s beef n  beans pasta,"broad egg noodles, dark red kidney beans, yellow onion, beef gravy, salt, black pepper, dried dill, olive oil",169.9,unknown,15.0,5.0,7.0
amber s down home peach iced tea,"black tea bags, yellow cling peaches, sugar, water",240.3,unknown,0.0,243.0,0.0
amber s dressing,"mayonnaise, spicy brown mustard, extra virgin olive oil, white vinegar, soy sauce, parsley, basil, ginger, black pepper, garlic powder, dill weed",348.4,unknown,199.0,15.0,37.0
amber s favorite amish casserole,"broad egg noodles, hamburger, onion, brown sugar, tomato soup, cheddar cheese soup, cream of chicken soup, milk, cheese slice",591.5,unknown,48.0,87.0,41.0
amber s french bagels  french toast,"bagels, eggs, milk, vanilla, cinnamon, salt",369.0,breakfast,32.0,1.0,10.0
amber s japan style tofu meal,"firm tofu, tamari, rice vinegar, fresh ginger, water, tomato juice, vegetable oil, quinoa, green beans, miso, cornstarch, scallion, alfalfa sprouts",581.2,unknown,26.0,10.0,18.0
amber style goddess dressing,"flax seed oil, tahini, water, apple cider vinegar, lemon juice, soy sauce, garlic clove, sesame seeds, green onions, parsley",51.8,unknown,1.0,0.0,7.0
ambrosia,"maraschino cherries, mandarin oranges, pineapple chunks, mini marshmallows, sour cream",289.8,dessert,1.0,180.0,13.0
ambrosia   1   2   3   4 salad,"crushed pineapple, mandarin oranges, sour cream, shredded coconut, maraschino cherries",355.7,unknown,4.0,137.0,33.0
ambrosia   crab cakes,"lump crabmeat, egg, chives, stone ground mustard, mayonnaise, dried red pepper flakes, old bay seasoning, breadcrumbs, butter, chili sauce, green onions, fresh lemon juice, worcestershire sauce, horseradish, salt and pepper",351.5,dinner,33.0,15.0,32.0
ambrosia cake,"yellow cake mix, vegetable oil, mandarin oranges, eggs, crushed pineapple, vanilla instant pudding mix, cool whip",538.9,dessert,25.0,221.0,38.0
ambrosia cheesecake,"shortbread cookies, sugar, butter, cream cheese, eggs, sweetened flaked coconut, vanilla extract, orange curd",552.1,dinner,14.0,137.0,64.0
ambrosia cocktail,"navel oranges, red grapefruit, fresh pineapple, orange liqueur, turbinado sugar, sparkling rose wine, coconut, maraschino cherries",96.1,unknown,0.0,46.0,5.0
ambrosia conserve,"fresh pineapple, orange juice, orange zest, sugar, coconut, maraschino cherry, almonds",868.8,unknown,1.0,715.0,23.0
ambrosia cream pie,"canned mandarin oranges, crushed pineapple, milk, vanilla instant pudding mix, whipping cream, coconut flakes, graham cracker crumb crust, whipped cream, coconut",351.9,dessert,15.0,124.0,31.0
ambrosia de laranja   brazilian orange pudding,"eggs, orange juice, orange zest, sugar",343.5,dessert,4.0,237.0,11.0
ambrosia extreme makeover,"creme fraiche, fresh orange juice, fresh lemon juice, sugar, fresh mint leaves, bananas, cantaloupe, pineapple, strawberry, red seedless grapes, kiwi fruits",164.3,dinner,0.0,71.0,11.0
ambrosia freeze,"strawberries, bananas, sweetened condensed milk, strawberry yogurt, lemon juice, mandarin orange sections, crushed pineapple, flaked coconut, red food coloring",288.6,dessert,4.0,176.0,9.0
ambrosia fruit compote,"oranges, purple plums, pineapple tidbits, brown sugar, rum, flaked coconut, orange zest",103.1,unknown,0.0,83.0,1.0
ambrosia fruit salad,"sweetened condensed milk, sour cream, lime juice, pineapple chunks, mandarin orange segments, grapes, banana, sweetened flaked coconut, miniature marshmallow, maraschino cherry, nuts",386.8,unknown,4.0,219.0,22.0
ambrosia gelatin mold,"pineapple gelatin mix, boiling water, coconut milk, miniature marshmallows, mandarin orange segments, maraschino cherries",470.5,unknown,10.0,270.0,27.0
ambrosia macaroons,"unsalted butter, sugar, salt, orange peel, eggs, sweetened flaked coconut, bittersweet chocolate, vanilla extract",315.0,dessert,5.0,111.0,33.0
ambrosia mold,"crushed pineapple in juice, boiling water, mandarin oranges, cool whip, orange gelatin, miniature marshmallows, coconut",148.6,dessert,3.0,110.0,3.0
ambrosia oatmeal  ww core,"oatmeal, water, banana, pineapple chunks in juice, mandarin oranges in juice, lemon extract, coconut extract, shredded coconut",267.8,breakfast,0.0,88.0,4.0
ambrosia oatmeal chocolate chip cookies,"butter, brown sugar, granulated sugar, vanilla, eggs, unbleached flour, salt, baking powder, quick oats, semi-sweet chocolate chips",171.4,dessert,4.0,55.0,13.0
ambrosia parfaits,"yogurt cheese, sweetened flaked coconut, fresh fruit, mini marshmallows",49.0,dinner,0.0,24.0,3.0
ambrosia pie,"mandarin oranges in light syrup, crushed pineapple in syrup, cream cheese, sweetened condensed milk, frozen whipped topping, flaked coconut, graham cracker crust, maraschino cherries",4481.5,dessert,117.0,1832.0,372.0
ambrosia pudding,"strawberry-flavor danish dessert mix, mandarin orange segments, crushed pineapple, bananas, flaked coconut",51.2,dessert,0.0,34.0,0.0
ambrosia salad,"mandarin oranges, pineapple chunks, miniature marshmallows, coconut, sour cream",970.1,dessert,5.0,291.0,94.0
ambrosia salad  100,"tropical fruit salad, mandarin oranges, miniature marshmallow, flaked coconut, bananas, fat-free evaporated milk, fresh strawberries",361.7,dinner,3.0,99.0,7.0
ambrosia salad  fruit salad,"mandarin oranges, pineapple chunks, oranges, green apple, red apple, plain nonfat yogurt, sugar, salt, flaked coconut, mini marshmallows",197.2,lunch,2.0,151.0,3.0
ambrosia squares,"9-inch graham cracker crust, nuts, cream cheese, milk, instant vanilla pudding, mandarin orange segments, bananas, dessert topping, coconut",421.1,dinner,18.0,108.0,41.0
ambrosia sweet potatoes,"sweet potatoes, orange, lemon, crushed pineapple, brown sugar, butter, shredded coconut, maraschino cherry",318.7,unknown,6.0,127.0,21.0
ambrosia tarts,"mandarin oranges, crushed pineapple, miniature marshmallow, flaked coconut, whipped topping, mini graham cracker tart crusts",704.6,dessert,28.0,263.0,50.0
ambrosia waldorf salad,"fresh cranberries, sugar, miniature marshmallows, apples, green seedless grape, pecans, pineapple tidbits, whipping cream, shredded coconut",237.7,unknown,0.0,100.0,19.0
ambrosia with acini di pepe,"acini di pepe pasta, crushed pineapple, sour cream, mandarin oranges, miniature marshmallows, whipped topping, red food coloring",398.6,lunch,4.0,144.0,24.0
ambrosial roasted garlic cauliflower,"cauliflower, garlic cloves, fresh rosemary, saffron thread, salt, black pepper, olive oil, fresh lemon juice, lemon slice, rosemary sprig",100.4,dinner,10.0,6.0,12.0
amelia s french apple pie,"pastry for double-crust pie, sugar, flour, salt, cinnamon, nutmeg, allspice, apples, raisins, orange juice, butter, powdered sugar, milk",345.8,dessert,9.0,130.0,23.0
amelia s slow cooker brunswick stew,"vegetable oil, country-style pork ribs, onion, chicken, diced tomatoes, ketchup, steak sauce, cider vinegar, worcestershire sauce, hot sauce, lemon, chicken bouillon cubes, ground black pepper, whole kernel corn, frozen lima beans",368.7,unknown,35.0,43.0,27.0
amelie s salted caramel brownies,"unsweetened chocolate, unsalted butter, granulated sugar, eggs, unbleached all-purpose flour, glaze, heavy cream, water, fine sea salt, gelatin powder",279.3,dessert,8.0,133.0,21.0
amen for ramen asian style salad,"ramen noodles, cabbage, scallions, carrots, snow peas, mayonnaise, sambal oelek, lemon juice, peanuts, cilantro",425.8,unknown,29.0,27.0,36.0
ameraussie s gluten free oatmeal pancakes,"old fashioned oats, greek yogurt, skim milk, eggs, flour, agave nectar, vanilla extract, ground cinnamon, ground ginger, baking powder, salt",243.9,breakfast,12.0,2.0,8.0
america s favorite pork chops,"pork chops, italian salad dressing, worcestershire sauce",353.2,unknown,33.0,15.0,41.0
america s greatest gourmet burgers,"sherry wine vinegar, olive oil, dijon mustard, worcestershire sauce, ketchup, fresh chives, fresh tarragon, shallots, garlic cloves, salt & freshly ground black pepper, crushed red pepper flakes, beef chuck, italian parsley, salt, fresh ground black pepper, egg, bacon, gruyere cheese, foie gras, black truffle, hamburger buns",1022.5,lunch,63.0,42.0,119.0
america s test kitchen blondies or congo bars,"all-purpose flour, baking powder, salt, unsalted butter, light brown sugar, eggs, vanilla extract, semi-sweet chocolate chips, white chocolate chips, pecans, sweetened flaked coconut",236.1,dessert,3.0,80.0,21.0
america s test kitchen burgers,"ground beef, white bread, worcestershire sauce, sea salt, ground pepper, garlic powder, milk",267.5,lunch,8.0,1.0,26.0
america s test kitchen cheesy garlic bread,"garlic cloves, unsalted butter, water, salt, ground black pepper, baguette, cheese",726.5,unknown,51.0,17.0,39.0
america s test kitchen coconut layer cake,"egg, egg whites, cream of coconut, water, vanilla extract, coconut extract, cake flour, granulated sugar, baking powder, salt, sweetened coconut, unsalted butter, table salt",792.5,dessert,15.0,213.0,80.0
america s test kitchen green bean casserole,"white bread, unsalted butter, salt, pepper, french-fried onions, fresh green beans, dried porcini mushrooms, onion, white button mushrooms, cremini mushrooms, fresh thyme, garlic cloves, all-purpose flour, low sodium chicken broth, heavy cream",419.1,unknown,92.0,26.0,53.0
america s test kitchen guacamole,"hass avocadoes, red onion, fresh cilantro, fresh lime juice, jalapeno pepper, garlic clove, cumin, salt",119.3,unknown,4.0,2.0,16.0
america s test kitchen ragu alla bolognese,"low sodium chicken broth, beef broth, unflavored gelatin, onion, carrot, celery rib, pancetta, mortadella, chicken livers, olive oil, ground beef, ground veal, ground pork, sage, tomato paste, dry red wine, salt and pepper, pappardelle pasta, parmesan cheese",456.7,unknown,16.0,15.0,30.0
america s test kitchen simple cheese lasagna,"ricotta cheese, parmesan cheese, fresh basil, egg, salt, pepper, tomato sauce, no-boil lasagna noodles, whole milk mozzarella",359.0,dinner,68.0,34.0,35.0
america s test kitchen skillet baked ziti,"olive oil, garlic cloves, red pepper flakes, salt & fresh ground pepper, crushed tomatoes, water, ziti pasta, heavy cream, parmesan cheese, fresh basil leaf, mozzarella cheese",658.7,unknown,27.0,11.0,40.0
america s test kitchen slow cooker beef burgundy,"bacon, beef chuck, salt & freshly ground black pepper, onion, carrots, garlic cloves, fresh thyme, tomato paste, pinot noir wine, reduced-sodium chicken broth, soy sauce, bay leaves, minute tapioca, fresh parsley, white pearl onions, button mushrooms",1044.1,unknown,63.0,41.0,106.0
america s test kitchen thin crust pizza,"bread flour, sugar, fast rising yeast, ice water, vegetable oil, salt, whole canned tomatoes, extra virgin olive oil, red wine vinegar, garlic cloves, dried oregano, black pepper, parmesan cheese, whole milk mozzarella",184.5,unknown,23.0,7.0,8.0
american  egg rolls,"steak-ums, provolone cheese, green pepper, onion, sliced mushrooms, egg roll wraps, oil",162.0,lunch,11.0,1.0,8.0
american   italian pasta salad,"fusilli, frozen baby peas, black olives, genoa salami, green onion, celery, fresh parsley, italian salad dressing mix, mayonnaise, sour cream, milk",853.3,unknown,30.0,35.0,56.0
american bacon  lettuce  tomato salad,"tomatoes, bacon, mixed salad greens, ranch dressing, cheddar cheese",449.0,unknown,32.0,11.0,64.0
american beauty lasagna,"cooked lasagna noodles, hamburger, spaghetti sauce mix, tomato paste, water, cottage cheese, mozzarella cheese, dried parsley",359.2,unknown,39.0,29.0,31.0
american blessing mix,"bugles original flavor snacks, small pretzels, candy corn, dried fruit, peanuts, m&m's plain chocolate candy, milk chocolate kisses",170.1,lunch,0.0,43.0,13.0
american blueberry crumble,"unsalted butter, blueberries, granulated sugar, cornstarch, orange juice, vanilla extract, all-purpose flour, brown sugar, oats, toasted almond, ground cinnamon",573.6,dessert,0.0,253.0,30.0
american cancer society strawberry mousse,"fresh strawberries, sugar, low-fat sour cream, reduced-calorie whipped topping",114.1,dinner,0.0,53.0,8.0
american cantina chili,"ground chuck, onions, garlic cloves, vegetable oil, corona beer, diced tomatoes with juice, canned jalapeno slices, tomato sauce, beef bouillon cubes, salt, sugar, black pepper, ground cumin, chili powder, kidney beans, tortilla chips",709.8,unknown,136.0,78.0,44.0
american chicken,"cream-style corn, evaporated milk, egg, plain flour, shallots, paprika, seasoning salt, chicken legs, corn flake crumbs, butter, small mushrooms",812.4,dinner,26.0,16.0,70.0
american chicken   broccoli stir fry,"canola oil, boneless chicken breast, broccoli florets, celery ribs, carrots, red pepper, water, cornstarch, fat-free low-sodium chicken broth, low sodium soy sauce, grape jelly, red pepper flakes, scallion",384.0,unknown,29.0,73.0,22.0
american choc chip cookies of death,"butter, brown sugar, white sugar, egg, vanilla extract, instant coffee, flour, bicarbonate of soda, baking powder, salt, chocolate chips, nuts",215.1,dessert,7.0,74.0,16.0
american chop suey,"elbow macaroni, hamburger, onion, garlic, condensed tomato soup, salt, black pepper, parsley, basil, red pepper, fresh mushrooms, diced tomatoes",808.3,unknown,105.0,84.0,24.0
american chop suey  1958,"mushrooms, ground beef, onion, celery, salad oil, bean sprouts, consomme, cornstarch, soy sauce",169.6,unknown,43.0,14.0,15.0
american chop suey  just like mama used to make,"elbow macaroni, olive oil, celery, green bell peppers, sweet onions, garlic clove, ground beef, sugar, dried basil, dried oregano, dried parsley, salt and pepper, stewed tomatoes",515.1,unknown,18.0,55.0,26.0
american chop suey  pasta shells with meat,"bacon, garlic cloves, yellow onion, green pepper, italian seasoning, lean ground beef, diced tomatoes, tomato sauce, chicken broth, soy sauce, whole wheat elbow macaroni, salt & freshly ground black pepper",582.0,unknown,56.0,43.0,35.0
american chowder,"onion, butter, potatoes, water, celery, salt, pepper, milk, flour, little smokies sausages, american cheese",361.1,lunch,56.0,8.0,36.0
american country fare,"macaroni & cheese dinner mix, smoked sausage, fresh broccoli florets, red peppers, green onions, dried oregano",461.0,unknown,71.0,6.0,55.0
american curried beef,"onions, garlic, butter, lean ground beef, flour, raisins, slivered almonds, ground ginger, curry powder, beef bouillon cube, water, peas, salt and pepper, cooked rice",347.3,unknown,11.0,29.0,27.0
american dream,"kahlua, amaretto, frangelico liqueur, dark creme de cacao",22.0,unknown,0.0,9.0,0.0
american egg rolls,"pork, cheddar cheese, mozzarella cheese, egg roll wrap, soy sauce, salt, pepper, sweet and sour sauce",169.1,unknown,8.0,3.0,16.0
american flag,"grenadine, creme de cacao, blue curacao",54.4,unknown,0.0,29.0,0.0
american fries,"baking potatoes, onion powder, paprika, garlic powder, salt, pepper, vegetable oil cooking spray",61.0,unknown,4.0,2.0,0.0
american fries market style,"russet potatoes, sea salt, black pepper, ground cayenne pepper, garlic powder, vegetable oil",113.2,breakfast,14.0,3.0,4.0
american frittata,"potatoes, onion, vegetable oil, eggs, cubed ham, salt and pepper, cheddar cheese",214.0,breakfast,5.0,5.0,15.0
american garlic bread,"garlic, unsalted butter, parmesan cheese, salt, italian bread, ground black pepper",251.2,unknown,21.0,1.0,21.0
american girl magazine s colorful cake,"white cake mix, egg whites, oil, water, cherry jell-o, orange jell-o, lime jell-o gelatin, berries, frosting, blue food coloring",556.4,dessert,18.0,284.0,35.0
american goulash,"macaroni, ground beef, onion, salt, pepper, diced tomatoes, tomato soup, breadcrumbs, butter",537.7,unknown,44.0,40.0,37.0
american hamburger goulash soup,"ground sirloin, celery ribs, carrots, onion, fresh garlic cloves, frozen baby peas, potatoes, diced tomatoes, red wine, beef consomme, worcestershire sauce, salt and pepper, bay leaf, shell macaroni, parmesan cheese, crushed red pepper flakes",505.7,unknown,49.0,48.0,27.0
american indian fry bread,"flour, salt, baking powder, active dry yeast, powdered milk, sugar, warm water, vegetable oil",204.7,unknown,25.0,8.0,2.0
american indian sunflower seed cakes,"sunflower seeds, water, cornmeal, maple syrup, oil",221.9,lunch,0.0,12.0,29.0
american kitchen classic basic thai curry,"coconut milk, red curry paste, low sodium chicken broth, fresh lime leaves, lime, zest of, fresh ginger, lemongrass, chicken, carrots, cabbage, light brown sugar, thai fish sauce, fresh basil leaf, fresh cilantro leaves, fresh cilantro, red chili pepper, lime wedge, cucumber",704.5,unknown,13.0,265.0,53.0
american kitchen classic chicken salad,"mayonnaise, cider vinegar, dijon mustard, cooked chicken breasts, celery ribs, red onion, green apple, raisins, salt and pepper",1092.2,lunch,40.0,185.0,75.0
american kitchen classic creole jambalaya,"vegetable oil, boneless skinless chicken thighs, andouille sausage, red onion, green bell pepper, red bell pepper, celery, garlic, diced tomatoes, bay leaf, dried thyme leaves, kosher salt, ground black pepper, long-grain white rice, water, crushed red pepper flakes",418.1,unknown,37.0,11.0,33.0
american kitchen classic lexington style red slaw,"ketchup, apple cider vinegar, sugar, hot sauce, kosher salt, ground black pepper, cabbage",134.5,unknown,39.0,110.0,0.0
american kitchen classic louisiana gumbo,"andouille sausage, boneless skinless chicken breasts, butter, all-purpose flour, yellow onions, green bell peppers, celery, garlic, reduced-sodium chicken broth, diced tomatoes, kosher salt, ground black pepper, ground thyme, ground red pepper, shrimp, frozen cut okra, file powder, cooked rice",361.4,dinner,43.0,22.0,31.0
american kitchen classic macaroni salad,"elbow macaroni, mayonnaise, vegetable oil, vinegar, garlic clove, hard-cooked eggs, carrot, onion, celery rib, fresh parsley, pickle relish, salt & freshly ground black pepper",282.3,unknown,10.0,22.0,18.0
american kitchen classic vietnamese bun  cool noodle salad,"lettuce, fresh bean sprouts, cucumbers, mint leaf, basil leaves, roasted peanuts, fresh cilantro, nuoc cham sauce, rice vermicelli, vegetables",276.8,dinner,7.0,13.0,6.0
american lasagna,"lean ground beef, onion, garlic cloves, fresh basil, dried oregano, brown sugar, salt, diced tomatoes, tomato paste, dry lasagna noodles, eggs, part-skim ricotta cheese, parmesan cheese, dried parsley, mozzarella cheese",715.9,dinner,105.0,73.0,61.0
american macaroni salad,"elbow macaroni, celery, red onion, diced tomato, mayonnaise, yellow mustard, sugar, cider vinegar, sour cream, salt, black pepper",229.3,unknown,14.0,17.0,12.0
american potato salad,"potatoes, hard-boiled eggs, onion, celery, mayonnaise, dry mustard, sugar, vinegar, salt, pepper",403.5,unknown,18.0,34.0,28.0
american potato salad with hard boiled eggs and sweet pickles,"red potatoes, red wine vinegar, salt & fresh ground pepper, hard-boiled eggs, celery, red onions, sweet gherkin, mayonnaise, dijon mustard, fresh parsley leaves",235.8,unknown,11.0,17.0,14.0
american poverty pudding  circa 1933,"corn flakes, milk, sugar, ginger, eggs, molasses, salt, cinnamon",406.5,dessert,39.0,109.0,17.0
american sandwich bread,"all-purpose flour, salt, whole milk, warm water, unsalted butter, honey, instant yeast, butter",238.1,lunch,20.0,26.0,7.0
american sandwich bread   abm or oven,"warm water, whole milk, unsalted butter, honey, bread flour, whole wheat flour, salt, instant yeast",208.3,unknown,19.0,26.0,6.0
american sandwich white loaf   midwest,"buttermilk, water, unsalted butter, honey, flour, fast rising yeast, salt",2429.6,unknown,205.0,259.0,81.0
american sirloin steaks,"worcestershire sauce, vinegar, garlic cloves, salt, fresh black pepper, sirloin steaks",710.4,unknown,53.0,9.0,66.0
american strawberry shortcake,"flour, icing sugar, butter, egg yolk, cream, strawberry, caster sugar",339.3,dinner,4.0,41.0,36.0
american style butter chicken,"boneless chicken, ginger-garlic paste, plain yogurt, salt, butter, oil, raw cashew nuts, sour cream, red chili powder, tomato sauce",1099.7,unknown,40.0,16.0,151.0
american sub salad,"rigatoni pasta, turkey ham, cheddar cheese, tomatoes, onion, green pepper, dill pickles, italian dressing",412.4,unknown,46.0,18.0,33.0
american sukiyaki,"round steak, oil, celery, green pepper, onion, mushrooms, condensed beef broth, soy sauce, water, cornstarch, cooked rice",579.6,unknown,33.0,14.0,31.0
american sweet potato pudding,"sweet potatoes, polenta, brown sugar, salt, ground ginger, egg, egg yolks, vanilla extract, thickened cream, cooking spray, caster sugar",391.9,dessert,15.0,156.0,26.0
american traditional pumpkin pie,"eggs, sugar, brown sugar, pumpkin mush, cinnamon, ginger, clove, salt, evaporated milk, pie shell, pumpkin",218.3,dessert,12.0,77.0,14.0
american turkey burgers,"ground turkey, onion powder, garlic salt, black pepper, barbecue sauce, american cheese, hamburger buns, lettuce",360.4,lunch,22.0,27.0,21.0
american turkey turnovers,"onion, celery, butter, condensed cream of chicken soup, salt, pepper, poultry seasoning, cooked turkey, white flour, curry powder, vegetable shortening, ice water",296.3,lunch,21.0,2.0,28.0
american style baked beans,"baked beans, onion, molasses, coarse grain mustard, catsup, brown sugar, streaky bacon",385.3,unknown,44.0,155.0,17.0
american style panettone,"all-purpose flour, water, instant yeast, eggs, unsalted butter, sugar, salt, vanilla, fiori di sicilia extract, dried fruit",3975.7,unknown,158.0,278.0,175.0
american style vanilla biscotti,"butter, sugar, salt, vanilla extract, baking powder, eggs, all-purpose flour",61.1,dessert,2.0,15.0,3.0
americana key lime pie,"unflavored gelatin, egg whites, sugar, salt, heavy cream, egg yolks, 9 in.baked pastry shell, lime juice, pistachio nut, water, lime slice, lime peel, green food coloring",406.9,dessert,10.0,135.0,35.0
americanized shepherd s pie,"potatoes, butter, milk, olive oil, onion, garlic, ground beef, worcestershire sauce, ketchup, beef stock, flour, dried thyme, dried basil, dried parsley, cream of mushroom soup, frozen mixed vegetables",491.8,unknown,24.0,11.0,43.0
americanized slovak haluski,"flour, eggs, potatoes, baking powder, salt, bacon, vidalia onion, smoked provolone cheese, chives, salt and pepper",496.2,unknown,30.0,6.0,50.0
americano,"espresso, hot water",0.6,unknown,0.0,0.0,0.0
americas best pancakes or waffles from that chicken ranch,"milk, lemon juice, egg, butter, flour, sugar, baking powder, baking soda, salt",426.2,breakfast,32.0,26.0,22.0
amerigo s chicken tuscany,"olive oil, vegetable oil, red wine vinegar, lemon juice, garlic, lemon, zest of, peppercorn, celery salt, worcestershire sauce, tabasco sauce, boneless skinless chicken breasts, butter, all-purpose flour, chianti wine, beef stock, egg, milk, fresh breadcrumb, cremini mushrooms, roma tomatoes, fresh sage, fresh basil, green onion, angel hair pasta",1426.8,unknown,46.0,30.0,134.0
amerikaner,"sugar, butter, vanilla extract, eggs, salt, cornstarch, almond extract, milk, flour, baking powder, water, powdered sugar, hot water, cocoa",352.1,dessert,10.0,134.0,16.0
amethyst s paleo elk meatloaf,"ground elk, egg, carrot, celery, onion, garlic cloves, rosemary, black pepper, ketchup, olive oil",290.6,unknown,19.0,34.0,22.0
amhari mesir wat,"red lentil, onions, oil, tomato paste, paprika, garlic, ground ginger, black pepper, salt, water",194.6,unknown,14.0,9.0,21.0
ami s zarda,"rice, water, almonds, raisins, food coloring, cardamoms, sugar, oil",470.8,dessert,1.0,163.0,30.0
amigdalota   almond cookies,"eggs, sugar, almond extract, ground almonds",86.4,dessert,0.0,33.0,7.0
amigo pie,"ground beef, onion, chopped tomato, sliced ripe olives, chili powder, salt, pepper, cornmeal, flour, baking powder, hot water, butter, sharp cheddar cheese",429.4,unknown,36.0,8.0,42.0
amiira s crack brownies,"caramel candies, fat-free evaporated milk, german chocolate cake mix, unsalted butter, semi-sweet chocolate chips",745.5,dessert,21.0,308.0,59.0
amis s christmas stollen,"active dry yeast, water, milk, butter, sugar, salt, cardamom, allspice, ground cloves, cinnamon, all-purpose flour, egg, dates, currants, mixed candied fruit, candied cherry, blanched almond, figs, seedless raisin, confectioners' sugar, hot water",252.1,dinner,5.0,112.0,8.0
amish  doughnuts,"eggs, flour, warm water, salt, yeast, sugar, lard, white karo, vanilla, powdered sugar, hot water",143.3,breakfast,16.0,31.0,5.0
amish  oatmeal cookies,"raisins, salted peanuts, all-purpose flour, baking powder, salt, ground cinnamon, ground nutmeg, lard, sugar, quick-cooking oats, baking soda, buttermilk, molasses, eggs, flour",2517.8,dessert,89.0,755.0,157.0
amish after easter hard boiled egg veggie cream cheese salad,"cream cheese, celery, cucumber, onion, eggs, mayonnaise, lemon jell-o gelatin",97.9,unknown,4.0,21.0,10.0
amish apple cake with hot caramel sauce,"pecans, cooking apples, butter, granulated sugar, egg, baking soda, salt, ground cinnamon, nutmeg, flour, brown sugar, vanilla, heavy cream",722.6,dessert,30.0,278.0,65.0
amish apple crisp,"apples, sugar, cinnamon, flour, baking powder, salt, egg, butter",549.6,breakfast,22.0,261.0,26.0
amish baked apples,"apples, white sugar, brown sugar, flour, cinnamon, butter, water",259.7,unknown,0.0,211.0,1.0
amish baked chicken,"flour, paprika, pepper, dry mustard, salt, broiler chickens, butter",760.2,unknown,86.0,0.0,89.0
amish baked corn,"frozen corn, eggs, milk, flour, sugar, salt, pepper, margarine, breadcrumbs",201.8,unknown,16.0,2.0,17.0
amish baked creamed chicken,"roasting chicken, flour, salt, pepper, butter, cream",368.8,unknown,20.0,0.0,49.0
amish baked fried chicken,"chicken, egg, milk, salt, pepper, cracker crumb, butter",328.9,unknown,22.0,0.0,32.0
amish baked noodles with ham,"onion, celery, butter, flour, mustard, milk, cooked ham, frozen green pea, egg noodles, salt and pepper, breadcrumbs",601.5,unknown,10.0,17.0,41.0
amish baked oatmeal,"butter, eggs, brown sugar, baking powder, vanilla, nutmeg, salt, milk, oatmeal",407.1,breakfast,13.0,109.0,25.0
amish banana nut cake with penuche frosting,"vegetable shortening, sugar, eggs, all-purpose flour, baking powder, baking soda, salt, buttermilk, bananas, black walnut, butter, brown sugar, milk, vanilla extract, powdered sugar",700.8,dinner,26.0,345.0,44.0
amish bbq pork chops,"pork chops, mushroom soup, catsup, worcestershire sauce, onion",605.6,unknown,51.0,60.0,44.0
amish bean soup,"dried navy beans, water, ham bone, garlic clove, bay leaf, potato, celery, onion, carrot, salt and pepper",274.8,unknown,1.0,20.0,1.0
amish biscuits,"all-purpose flour, baking soda, salt, baking powder, eggs, amish starter, vegetable oil, butter",62.3,unknown,5.0,0.0,7.0
amish blueberry cake,"butter, sugar, eggs, flour, salt, baking powder, milk, blueberries",481.8,dessert,22.0,143.0,29.0
amish bob   andy pie,"granulated sugar, brown sugar, all-purpose flour, ground cinnamon, ground cloves, salt, eggs, milk, butter, vanilla extract",288.7,dessert,6.0,206.0,8.0
amish bob andy pie,"granulated sugar, milk, clove, eggs, flour, butter, cinnamon",1096.1,dessert,11.0,801.0,34.0
amish boiled cookies    2 ww points,"light butter, 1% low-fat milk, sugar, unsweetened cocoa, reduced-fat peanut butter, vanilla, salt, quick-cooking oats, pecans",80.4,dessert,1.0,37.0,4.0
amish bread,"warm water, sugar, yeast, salt, vegetable oil, flour",1890.6,unknown,73.0,270.0,48.0
amish bread for the bread machine,"water, salt, oil, sugar, bread flour, yeast",1292.2,unknown,32.0,135.0,59.0
amish bread ii,"flour, oil, active dry yeast, sugar, salt, warm water",1938.3,unknown,48.0,203.0,89.0
amish bread pudding,"dry bread, sugar, cream, eggs, cinnamon, vanilla, butter, salt",618.2,dessert,12.0,105.0,72.0
amish breakfast casserole,"bacon, sweet onion, eggs, frozen hash brown potatoes, shredded cheddar cheese, cottage cheese, swiss cheese, salt and pepper",338.4,breakfast,20.0,5.0,37.0
amish broccoli salad,"broccoli, cauliflower, mayonnaise, sour cream, sugar, salt, bacon, shredded cheddar cheese",599.2,unknown,41.0,96.0,68.0
amish brown sugar ham steak and scalloped potato skillet  vintag,"ham, margarine, brown sugar, cream of mushroom soup, evaporated milk, water, onion, salt, pepper, potatoes, raw carrot",428.9,unknown,110.0,28.0,26.0
amish brown sugar pie,"unbaked 8-inch pie shell, brown sugar, all-purpose flour, salt, evaporated milk, butter, ground cinnamon",211.0,dessert,6.0,70.0,14.0
amish brownies,"baking chocolate squares, butter, sugar, eggs, vanilla, salt, flour, nuts",341.9,dessert,6.0,70.0,39.0
amish butter noodles 1965,"all-purpose flour, salt, eggs, milk, butter, yellow food coloring",390.6,unknown,28.0,1.0,15.0
amish buttermilk cheesecake,"butter, brown sugar, whole wheat flour, rolled oats, ground cinnamon, cream cheese, buttermilk, eggs, all-purpose flour, baking soda, vanilla, soft coconut macaroon",320.0,dessert,13.0,41.0,34.0
amish buttermilk cookies,"sugar, crisco, eggs, vanilla extract, flour, baking powder, baking soda, salt, buttermilk",938.3,dessert,47.0,277.0,59.0
amish butterscotch brownies,"butter, brown sugar, egg, all-purpose flour, vanilla, salt, baking powder",222.4,dinner,10.0,106.0,10.0
amish cabbage   potato casserole,"ground chuck, onion, garlic cloves, catsup, green cabbage, yukon gold potatoes, velveeta cheese, whole milk, butter, salt & pepper",858.4,unknown,35.0,65.0,77.0
amish cabbage patch stew,"extra lean ground beef, onion, celery, cabbage, worcestershire sauce, chili powder, salt, sugar, stewed tomatoes, kidney beans, water",148.0,unknown,85.0,32.0,5.0
amish cake,"butter, brown sugar, buttermilk, baking soda, flour, vanilla essence, milk, nuts",496.0,dessert,17.0,222.0,26.0
amish casserole,"ground beef, onion, lawry's seasoned salt, black pepper, dark brown sugar, condensed tomato soup, condensed cream of celery soup, noodles, cheese",558.5,unknown,43.0,38.0,44.0
amish chewy oatmeal cookies,"sugar, brown sugar, shortening, eggs, vanilla, oatmeal, flour, salt, baking soda",1083.1,dessert,31.0,333.0,71.0
amish chicken,"chicken pieces, flour, garlic powder, salt, pepper, paprika, heavy whipping cream, water",863.0,unknown,148.0,2.0,103.0
amish chicken   cornbread stuffing for the crock pot or oven,"cornbread, bread, ritz crackers, butter, onion, celery, seasoning, salt and pepper, chicken broth, eggs, milk, baking powder, cooked chicken, dried cranberries",387.4,unknown,35.0,14.0,34.0
amish chicken casserole,"noodles, cooked chicken, chicken broth, milk, mushrooms, salt, pepper, margarine, flour, parmesan cheese",576.6,unknown,78.0,8.0,37.0
amish chicken corn soup,"water, boneless skinless chicken breasts, onion, celery, carrot, chicken bouillon cubes, cream-style corn, egg noodles, butter, salt, pepper",153.8,unknown,21.0,11.0,6.0
amish chicken noodle soup,"chicken broth, noodles, cream of chicken soup, cream of celery soup, canned chicken breast meat, velveeta cheese, salt and pepper",295.5,unknown,55.0,13.0,19.0
amish chicken corn soup,"chicken, water, onion, parsley, celery, corn, salt and pepper, flour, egg, milk",541.1,lunch,6.0,16.0,36.0
amish chili,"ground beef, onion, celery, flour, brown sugar, ketchup, tomato juice, chili powder, kidney beans, salt and pepper",326.5,unknown,36.0,77.0,19.0
amish christmas cookies,"butter, brown sugar, light molasses, egg, flour, salt, baking soda, cinnamon, ground cloves, nutmeg",189.1,dessert,5.0,67.0,6.0
amish cinnamon bread  friendship bread,"milk, sugar, flour, vegetable oil, eggs, vanilla, cinnamon, vanilla instant pudding mix, nuts, raisins",1854.4,unknown,31.0,759.0,101.0
amish cinnamon buns 1994   indiana,"tap water, white sugar, canola oil, mashed potatoes, egg, active dry yeast, salt, powdered milk, all-purpose flour, butter, cinnamon, brown sugar, powdered sugar, vanilla",257.4,unknown,10.0,65.0,16.0
amish cinnamon rolls,"milk, water, yeast, shortening, sugar, salt, eggs, unsifted flour, brown sugar, cinnamon, butter",131.8,unknown,5.0,14.0,6.0
amish cinnamon swirl raisin bread,"milk, granulated sugar, salt, mashed potatoes, warm water, instant yeast, all-purpose flour, raisins, cinnamon, butter",2959.8,unknown,128.0,568.0,90.0
amish coffee cake,"light brown sugar, all-purpose flour, shortening, egg, vanilla extract, strong coffee, baking soda",671.1,breakfast,10.0,283.0,41.0
amish cole slaw,"cabbage coleslaw blend, onion, white sugar, vinegar, salt, celery seed, prepared mustard, vegetable oil",295.9,unknown,13.0,93.0,31.0
amish cooked salad dressing,"egg, water, all-purpose flour, dry mustard, sugar, apple cider vinegar, vegetable oil, lemon juice",119.9,unknown,0.0,27.0,13.0
amish cookies,"sugar, powdered sugar, butter, vegetable oil, vanilla, eggs, flour, baking soda, cream of tartar, walnuts",1880.1,dessert,28.0,322.0,180.0
amish corn on the cob,"corn, swiss cheese, butter, cayenne pepper, salt",527.6,unknown,14.0,32.0,39.0
amish corn pudding,"eggs, all-purpose flour, sugar, black pepper, low-fat milk, cream-style corn, corn kernel, unsalted butter, paprika, parsley",249.2,unknown,16.0,45.0,11.0
amish cornbread,"amish batter, eggs, milk, sugar, flour, cornmeal, oil, baking soda, salt, baking powder",1792.5,lunch,149.0,42.0,130.0
amish country casserole,"beef, onion, tomato soup, egg noodles, cream of mushroom soup, olive oil",5413.7,unknown,146.0,168.0,577.0
amish country potato soup,"lean bacon, celery, onion, potatoes, water, evaporated milk, worcestershire sauce, parsley, pepper, celery salt, bay leaf",674.3,unknown,35.0,14.0,66.0
amish country stew,"beef stew meat, potatoes, carrots, celery ribs, onions, tomatoes, water, minute tapioca, worcestershire sauce, brown sugar, salt, pepper, ground allspice, dried marjoram, dried thyme, bay leaf, fresh parsley",534.1,unknown,20.0,51.0,45.0
amish country strawberry pie,"pie crusts, powdered sugar, cream cheese, strawberries, sugar, white corn syrup, water, strawberry gelatin, salt, cornstarch",2514.2,dessert,58.0,1067.0,141.0
amish crazy quilt pie,"milk, eggs, all-purpose flour, sweetened flaked coconut, granulated sugar, butter, salt, vanilla extract",361.5,dessert,14.0,120.0,31.0
amish cream pie,"sugar, cornstarch, salt, half-and-half, butter, brown sugar, vanilla, 9-inch baked pie crust, ground cinnamon",433.9,dessert,12.0,102.0,43.0
amish creamy coleslaw with boiled dressing,"eggs, granulated sugar, all-purpose flour, salt, ground mustard, cider vinegar, water, butter, cream, cabbage, carrot, celery, onion, green bell pepper, parsley, celery seeds, mustard seeds, fresh coarse ground black pepper",160.1,unknown,27.0,50.0,11.0
amish cup cheese   spreading cheese,"water, milk, baking soda, white processed cheese",4054.5,lunch,673.0,337.0,466.0
amish dinner rolls,"eggs, sugar, salt, butter, mashed potatoes, instant yeast, water, unbleached all-purpose flour",210.2,unknown,13.0,19.0,8.0
amish dip,"cream cheese, mayonnaise, tuna, olive, walnuts, lemon juice, black pepper",502.9,unknown,18.0,12.0,67.0
amish dry lime gelatin salad   dessert  jello,"lime gelatin, cottage cheese, crushed pineapple, whipped topping, walnuts",164.9,dessert,7.0,40.0,15.0
amish dumplings,"flour, salt, baking powder, egg",88.9,unknown,21.0,0.0,1.0
amish endive or spinach salad,"endive, hard-boiled eggs, bacon, sugar, flour, egg, salt, vinegar, water",243.1,unknown,25.0,70.0,16.0
amish friendship bread,"milk, all-purpose flour, sugar, active dry yeast, sourdough starter, eggs, oil, cinnamon, vanilla, baking powder, baking soda, salt, flour, instant vanilla pudding",3527.8,unknown,108.0,1514.0,197.0
amish friendship bread  with fresh fruit,"sugar, oil, vanilla, eggs, amish batter, flour, cinnamon, baking soda, salt, nuts, fresh fruit",374.8,unknown,13.0,102.0,31.0
amish friendship bread 1965,"unbleached all-purpose flour, warm water, active dry yeast, whole milk, granulated sugar, eggs, vegetable oil, unbleached flour, baking soda, salt, butter, light brown sugar, quick-cooking oats, pecans, ground cinnamon",570.0,unknown,12.0,209.0,31.0
amish friendship bread and starter,"sugar, milk, flour, oil, eggs, vanilla extract, baking powder, cinnamon, salt, baking soda, instant vanilla pudding, nuts",615.9,unknown,15.0,260.0,32.0
amish friendship chocolate bread,"all-purpose flour, white sugar, baking powder, baking soda, salt, instant chocolate pudding mix, amish starter, vegetable oil, milk, eggs, vanilla extract",189.8,unknown,10.0,48.0,15.0
amish friendship gingerbread,"amish starter, egg, oil, applesauce, milk, vanilla, molasses, flour, baking powder, baking soda, salt, cinnamon, ginger, clove, nutmeg, instant butterscotch pudding mix, candied orange peel, cream cheese frosting",306.4,unknown,10.0,78.0,22.0
amish friendship nut bread   on demand,"amish starter, vegetable oil, eggs, white sugar, cinnamon, salt, baking soda, baking powder, vanilla extract, maple extract, all-purpose flour, whole wheat flour, old fashioned oats, raisins, dates, shredded coconut, pecans",428.4,dinner,10.0,126.0,33.0
amish friendship starter,"sugar, flour, milk",1038.9,unknown,3.0,599.0,11.0
amish friendship starter oatmeal cookies,"amish starter, eggs, molasses, vanilla, butter, sugar, flour, salt, oatmeal, nutmeg, cinnamon, chocolate chips, raisins, walnuts",115.8,dessert,2.0,31.0,8.0
amish funeral cookies,"butter, milk, sugar, cocoa, smooth peanut butter, vanilla, salt, quick-cooking oats",4191.5,dessert,85.0,1656.0,275.0
amish funnel cake,"flour, eggs, milk, sugar, baking powder, salt, powdered sugar, oil",349.3,lunch,16.0,34.0,9.0
amish gooey rhubarb rolls,"flour, salt, baking powder, shortening, sweet milk, granulated sugar, nutmeg, cinnamon, butter, rhubarb, hot water, sugar",1108.0,lunch,24.0,182.0,140.0
amish gourmet apple crisp,"apples, flour, baking powder, salt, egg, butter, cinnamon, cardamom",399.0,dessert,9.0,129.0,21.0
amish graham cracker fluff,"egg yolks, sugar, milk, unflavored gelatin, cold water, egg whites, cream, butter, brown sugar, graham crackers",251.6,dessert,3.0,122.0,16.0
amish halushki,"pork chops, garlic powder, salt, pepper, onion, green cabbage head, wide egg noodles, butter",384.8,unknown,3.0,8.0,17.0
amish ham salad,"ham, sauerkraut, swiss cheese, caraway seed, dill weed, mayonnaise",416.6,lunch,74.0,9.0,39.0
amish homemade mustard,"white vinegar, white sugar, flour, sweet cream, dry mustard, egg, turmeric",46.6,dinner,0.0,22.0,2.0
amish lemon pie,"lemon pudding mix, unflavored gelatin, granulated sugar, water, lemon juice, egg yolks, fresh lemon rind, butter, egg whites, cool whip, 9-inch baked pie crust",336.1,dessert,12.0,109.0,20.0
amish lime salad,"marshmallows, milk, lime gelatin, cream cheese, crushed pineapple, salad dressing, whipped cream",2388.8,unknown,108.0,960.0,181.0
amish macaroni   cheese,"cottage cheese, elbow macaroni, water, cheddar cheese",341.9,unknown,16.0,9.0,22.0
amish macaroni salad,"macaroni, celery, carrot, onion, green pepper, hard-boiled eggs, paprika, miracle whip, vinegar, sugar, prepared mustard",200.4,unknown,10.0,44.0,10.0
amish maple cream pie,"condensed milk, real maple syrup, salt, pie shells, whipped cream",2826.6,dessert,68.0,1431.0,149.0
amish market oatmeal oamc,"rolled oats, milk, cinnamon stick, salt",173.7,breakfast,26.0,1.0,8.0
amish mashed potato filling dressing,"butter, onions, saffron, eggs, celery, bread, boiling water, salt, potatoes",826.9,unknown,111.0,22.0,86.0
amish meatloaf,"ground beef, ritz crackers, onion, eggs, bacon, ketchup, brown sugar, white vinegar, salt, yellow mustard",848.4,unknown,80.0,260.0,64.0
amish never fail pie crust,"all-purpose flour, salt, egg, granulated sugar, crisco, vinegar, water",582.9,unknown,18.0,7.0,61.0
amish noodles,"bread flour, salt, eggs, vegetable oil, water",160.0,unknown,15.0,0.0,7.0
amish oatmeal cookies   slice and bake in a roll,"margarine, white sugar, brown sugar, eggs, flour, baking soda, oatmeal, nuts, raisins",1845.5,dessert,60.0,514.0,134.0
